lane,code,advance
prereq,Mas,ADVANCE_MASONRY
prereq,Pot,ADVANCE_POTTERY
prereq,Bro,ADVANCE_BRONZE_WORKING
prereq,Cer,ADVANCE_CEREMONIAL_BURIAL
prereq,Cur,ADVANCE_CURRENCY
prereq,Wri,ADVANCE_WRITING
prereq,CoL,ADVANCE_CODE_OF_LAWS
prereq,Cst,ADVANCE_CONSTRUCTION
prereq,Ban,ADVANCE_BANKING
prereq,MT,ADVANCE_COMMUNE_WITH_GODS
prereq,Uni,ADVANCE_UNIVERSITY
prereq,Tra,ADVANCE_TRADE
prereq,Eco,ADVANCE_ECONOMICS
prereq,San,ADVANCE_SANITATION
prereq,Sea,ADVANCE_SEAFARING
prereq,Feu,ADVANCE_FEUDALISM
prereq,Eng,ADVANCE_ENGINEERING
prereq,Inv,ADVANCE_INVENTION
prereq,Nav,ADVANCE_NAVIGATION
prereq,The,ADVANCE_THEOLOGY
prereq,Ast,ADVANCE_ASTRONOMY
prereq,Lit,ADVANCE_LITERACY
prereq,Dem,ADVANCE_DEMOCRACY
prereq,Pho,ADVANCE_PHILOSOPHY
prereq,Fli,ADVANCE_WIZARDRY
prereq,Rec,ADVANCE_NATURE_WIZARD
prereq,U1,ADVANCE_FORCES_OF_NATURE
prereq,U3,ADVANCE_SEA_LORE
prereq,X3,ADVANCE_ARTIFICING
prereq,X4,ADVANCE_LESSER_FAUNA_LORE
prereq,Ato,ADVANCE_ELDRITCH_LORE
prereq,CA,ADVANCE_HEALING
prereq,Cmb,ADVANCE_LESSER_ENCHANTMENTS
prereq,Cmp,ADVANCE_METAMORPHOSIS
prereq,E1,ADVANCE_RUNE_LORE
prereq,Min,ADVANCE_CHAOS_WIZARD
prereq,Mys,ADVANCE_MYSTICISM
prereq,NF,ADVANCE_GRAND_MASTERY
prereq,PT,ADVANCE_NATURE_ADEPT
prereq,Phy,ADVANCE_SORCERY_WIZARD
prereq,Plu,ADVANCE_NATURE_LORE
prereq,RR,ADVANCE_GREATER_ENCHANTMENTS
prereq,Rob,ADVANCE_DEATH_ADEPT
prereq,Too,ADVANCE_LIFE_WIZARD
unit,AFl,ADVANCE_ALCHEMY
unit,Alp,ADVANCE_ALPHABET
unit,Amp,ADVANCE_ANIMISM
unit,Ast,ADVANCE_ASTROLOGY
unit,Ato,ADVANCE_ELDRITCH_LORE
unit,Ban,ADVANCE_BANKING
unit,Bri,ADVANCE_BRIDGE_BUILDING
unit,Bro,ADVANCE_BRONZE_WORKING
unit,Cer,ADVANCE_CEREMONIAL_BURIAL
unit,Che,ADVANCE_GREATER_FAUNA_LORE
unit,Chi,ADVANCE_CHIVALRY
unit,CoL,ADVANCE_CODE_OF_LAWS
unit,Cmb,ADVANCE_LESSER_ENCHANTMENTS
unit,Cmp,ADVANCE_METAMORPHOSIS
unit,Cst,ADVANCE_CONSTRUCTION
unit,Cor,ADVANCE_PANTHEISM
unit,Cur,ADVANCE_CURRENCY
unit,E1,ADVANCE_RUNE_LORE
unit,Eng,ADVANCE_SEA_MASTERY
unit,Env,ADVANCE_SHAMANISM
unit,Esp,ADVANCE_THAUMATURGY
unit,Exp,ADVANCE_TACTICS
unit,Feu,ADVANCE_FEUDALISM
unit,Fli,ADVANCE_WIZARDRY
unit,FP,ADVANCE_GLYPHS
unit,Gen,ADVANCE_LIFE_MAGIC
unit,Gun,ADVANCE_CHAOS_MAGIC
unit,Hor,ADVANCE_SORCERY
unit,Inv,ADVANCE_LIFE_LORE
unit,Iro,ADVANCE_IRON_WORKING
unit,Lab,ADVANCE_LIFE_ADEPT
unit,Las,ADVANCE_LIFE_MAGE
unit,Ldr,ADVANCE_HOLY_WARRIORS
unit,Lit,ADVANCE_LITERACY
unit,Too,ADVANCE_LIFE_WIZARD
unit,Mag,ADVANCE_LIFE_MASTER
unit,Map,ADVANCE_MAP_MAKING
unit,Mas,ADVANCE_MASONRY
unit,MP,ADVANCE_CHAOS_LORE
unit,Mat,ADVANCE_MATHEMATICS
unit,Med,ADVANCE_CHAOS_ADEPT
unit,Met,ADVANCE_CHAOS_MAGE
unit,Min,ADVANCE_CHAOS_WIZARD
unit,Mob,ADVANCE_CHAOS_MASTER
unit,MT,ADVANCE_THEOLOGY
unit,Mys,ADVANCE_MYSTICISM
unit,Nav,ADVANCE_NAVIGATION
unit,NF,ADVANCE_GRAND_MASTERY
unit,NP,ADVANCE_SORCERY_MAGE
unit,Phi,ADVANCE_PHILOSOPHY
unit,Phy,ADVANCE_SORCERY_WIZARD
unit,Pla,ADVANCE_SORCERY_MASTER
unit,Plu,ADVANCE_NATURE_LORE
unit,PT,ADVANCE_NATURE_ADEPT
unit,Pot,ADVANCE_POTTERY
unit,Rad,ADVANCE_NATURE_MAGE
unit,RR,ADVANCE_GREATER_ENCHANTMENTS
unit,Rec,ADVANCE_NATURE_WIZARD
unit,Ref,ADVANCE_NATURE_MASTER
unit,Rfg,ADVANCE_DEATH_LORE
unit,Rep,ADVANCE_THE_REPUBLIC
unit,Rob,ADVANCE_DEATH_ADEPT
unit,San,ADVANCE_SANITATION
unit,Sea,ADVANCE_SEAFARING
unit,SFl,ADVANCE_DEATH_MAGE
unit,Sth,ADVANCE_DEATH_WIZARD
unit,SE,ADVANCE_DEATH_MASTER
unit,Tac,ADVANCE_LEADERSHIP
unit,The,ADVANCE_SORCEROUS_LORE
unit,Tra,ADVANCE_TRADE
unit,Uni,ADVANCE_UNIVERSITY
unit,War,ADVANCE_WARRIOR_CODE
unit,Wri,ADVANCE_WRITING
unit,U1,ADVANCE_FORCES_OF_NATURE
unit,U2,ADVANCE_DEATH_MAGIC
unit,U3,ADVANCE_SEA_LORE
unit,X1,ADVANCE_NATURE_MAGIC
unit,X2,ADVANCE_SORCERY_ADEPT
unit,X3,ADVANCE_ARTIFICING
unit,X4,ADVANCE_LESSER_FAUNA_LORE
unit,X5,ADVANCE_PYROTECHNICS
unit,X6,ADVANCE_OCCULT_STUDIES
unit,CA,ADVANCE_HEALING
prereq,homm2:AFl,ADVANCE_ZZ_ADVANCED_FLIGHT
unit,homm2:AFl,ADVANCE_ZZ_ADVANCED_FLIGHT
prereq,homm2:Alp,ADVANCE_KNOWLEDGE_LVL_1
unit,homm2:Alp,ADVANCE_KNOWLEDGE_LVL_1
prereq,homm2:Amp,ADVANCE_CREATURES_LVL_6
unit,homm2:Amp,ADVANCE_CREATURES_LVL_6
prereq,homm2:Ast,ADVANCE_CREATURES_LVL_2
unit,homm2:Ast,ADVANCE_CREATURES_LVL_2
prereq,homm2:Ato,ADVANCE_CREATURES_LVL_4
unit,homm2:Ato,ADVANCE_CREATURES_LVL_4
prereq,homm2:Aut,ADVANCE_BUILDINGS_LVL_1
unit,homm2:Aut,ADVANCE_BUILDINGS_LVL_1
prereq,homm2:Ban,ADVANCE_ECONOMY_LVL_3
unit,homm2:Ban,ADVANCE_ECONOMY_LVL_3
prereq,homm2:Bri,ADVANCE_BUILDINGS_LVL_3
unit,homm2:Bri,ADVANCE_BUILDINGS_LVL_3
prereq,homm2:Bro,ADVANCE_KNIGHT
unit,homm2:Bro,ADVANCE_KNIGHT
prereq,homm2:Cer,ADVANCE_HAPPINESS_LVL_1
unit,homm2:Cer,ADVANCE_HAPPINESS_LVL_1
prereq,homm2:Che,ADVANCE_KNOWLEDGE_LVL_7
unit,homm2:Che,ADVANCE_KNOWLEDGE_LVL_7
prereq,homm2:Chi,ADVANCE_ZZ_CHIVALRY
unit,homm2:Chi,ADVANCE_ZZ_CHIVALRY
prereq,homm2:CoL,ADVANCE_LEADERSHIP_LVL_1
unit,homm2:CoL,ADVANCE_LEADERSHIP_LVL_1
prereq,homm2:CA,ADVANCE_ZZ_COMBINED_ARMS
unit,homm2:CA,ADVANCE_ZZ_COMBINED_ARMS
prereq,homm2:Cmb,ADVANCE_ZZ_COMBUSTION
unit,homm2:Cmb,ADVANCE_ZZ_COMBUSTION
prereq,homm2:Cmn,ADVANCE_LEADERSHIP_LVL_6
unit,homm2:Cmn,ADVANCE_LEADERSHIP_LVL_6
prereq,homm2:Cmp,ADVANCE_ZZ_COMPUTERS
unit,homm2:Cmp,ADVANCE_ZZ_COMPUTERS
prereq,homm2:Csc,ADVANCE_ZZ_CONSCRIPTION
unit,homm2:Csc,ADVANCE_ZZ_CONSCRIPTION
prereq,homm2:Cst,ADVANCE_BUILDINGS_LVL_2
unit,homm2:Cst,ADVANCE_BUILDINGS_LVL_2
prereq,homm2:Cor,ADVANCE_ECONOMY_LVL_7
unit,homm2:Cor,ADVANCE_ECONOMY_LVL_7
prereq,homm2:Cur,ADVANCE_ECONOMY_LVL_1
unit,homm2:Cur,ADVANCE_ECONOMY_LVL_1
prereq,homm2:Dem,ADVANCE_LEADERSHIP_LVL_5
unit,homm2:Dem,ADVANCE_LEADERSHIP_LVL_5
prereq,homm2:Eco,ADVANCE_ECONOMY_LVL_4
unit,homm2:Eco,ADVANCE_ECONOMY_LVL_4
prereq,homm2:E1,ADVANCE_ZZ_ELECTRICITY
unit,homm2:E1,ADVANCE_ZZ_ELECTRICITY
prereq,homm2:E2,ADVANCE_WARLOCK
unit,homm2:E2,ADVANCE_WARLOCK
prereq,homm2:Eng,ADVANCE_SORCERER
unit,homm2:Eng,ADVANCE_SORCERER
prereq,homm2:Env,ADVANCE_ZZ_ENVIRONMENTALISM
unit,homm2:Env,ADVANCE_ZZ_ENVIRONMENTALISM
prereq,homm2:Esp,ADVANCE_ZZ_ESPIONAGE
unit,homm2:Esp,ADVANCE_ZZ_ESPIONAGE
prereq,homm2:Exp,ADVANCE_ZZ_EXPLOSIVES
unit,homm2:Exp,ADVANCE_ZZ_EXPLOSIVES
prereq,homm2:Feu,ADVANCE_ZZ_FEUDALISM
unit,homm2:Feu,ADVANCE_ZZ_FEUDALISM
prereq,homm2:Fli,ADVANCE_ZZ_FLIGHT
unit,homm2:Fli,ADVANCE_ZZ_FLIGHT
prereq,homm2:Fun,ADVANCE_LEADERSHIP_LVL_7
unit,homm2:Fun,ADVANCE_LEADERSHIP_LVL_7
prereq,homm2:FP,ADVANCE_ZZ_FUSION_POWER
unit,homm2:FP,ADVANCE_ZZ_FUSION_POWER
prereq,homm2:Gen,ADVANCE_WIZARD
unit,homm2:Gen,ADVANCE_WIZARD
prereq,homm2:Gue,ADVANCE_LEADERSHIP_LVL_4
unit,homm2:Gue,ADVANCE_LEADERSHIP_LVL_4
prereq,homm2:Gun,ADVANCE_ZZ_GUNPOWDER
unit,homm2:Gun,ADVANCE_ZZ_GUNPOWDER
prereq,homm2:Hor,ADVANCE_MILITARY_LVL_2
unit,homm2:Hor,ADVANCE_MILITARY_LVL_2
prereq,homm2:Ind,ADVANCE_NECROMANCER
unit,homm2:Ind,ADVANCE_NECROMANCER
prereq,homm2:Inv,ADVANCE_KNOWLEDGE_LVL_3
unit,homm2:Inv,ADVANCE_KNOWLEDGE_LVL_3
prereq,homm2:Iro,ADVANCE_ZZ_IRON_WORKING
unit,homm2:Iro,ADVANCE_ZZ_IRON_WORKING
prereq,homm2:Lab,ADVANCE_HAPPINESS_LVL_7
unit,homm2:Lab,ADVANCE_HAPPINESS_LVL_7
prereq,homm2:Las,ADVANCE_BARBARIAN
unit,homm2:Las,ADVANCE_BARBARIAN
prereq,homm2:Ldr,ADVANCE_ZZ_LEADERSHIP
unit,homm2:Ldr,ADVANCE_ZZ_LEADERSHIP
prereq,homm2:Lit,ADVANCE_KNOWLEDGE_LVL_4
unit,homm2:Lit,ADVANCE_KNOWLEDGE_LVL_4
prereq,homm2:Too,ADVANCE_BUILDINGS_LVL_7
unit,homm2:Too,ADVANCE_BUILDINGS_LVL_7
prereq,homm2:Mag,ADVANCE_ZZ_MAGNETISM
unit,homm2:Mag,ADVANCE_ZZ_MAGNETISM
prereq,homm2:Map,ADVANCE_SEAFARING_LVL_2
unit,homm2:Map,ADVANCE_SEAFARING_LVL_2
prereq,homm2:Mas,ADVANCE_HAPPINESS_LVL_5
unit,homm2:Mas,ADVANCE_HAPPINESS_LVL_5
prereq,homm2:MP,ADVANCE_BUILDINGS_LVL_6
unit,homm2:MP,ADVANCE_BUILDINGS_LVL_6
prereq,homm2:Mat,ADVANCE_ZZ_MATHEMATICS
unit,homm2:Mat,ADVANCE_ZZ_MATHEMATICS
prereq,homm2:Med,ADVANCE_HAPPINESS_LVL_6
unit,homm2:Med,ADVANCE_HAPPINESS_LVL_6
prereq,homm2:Met,ADVANCE_MILITARY_LVL_6
unit,homm2:Met,ADVANCE_MILITARY_LVL_6
prereq,homm2:Min,ADVANCE_BUILDINGS_LVL_5
unit,homm2:Min,ADVANCE_BUILDINGS_LVL_5
prereq,homm2:Mob,ADVANCE_ZZ_MOBILE_WARFARE
unit,homm2:Mob,ADVANCE_ZZ_MOBILE_WARFARE
prereq,homm2:Mon,ADVANCE_LEADERSHIP_LVL_2
unit,homm2:Mon,ADVANCE_LEADERSHIP_LVL_2
prereq,homm2:MT,ADVANCE_ZZ_MONOTHEISM
unit,homm2:MT,ADVANCE_ZZ_MONOTHEISM
prereq,homm2:Mys,ADVANCE_HAPPINESS_LVL_2
unit,homm2:Mys,ADVANCE_HAPPINESS_LVL_2
prereq,homm2:Nav,ADVANCE_SEAFARING_LVL_3
unit,homm2:Nav,ADVANCE_SEAFARING_LVL_3
prereq,homm2:NF,ADVANCE_CREATURES_LVL_7
unit,homm2:NF,ADVANCE_CREATURES_LVL_7
prereq,homm2:NP,ADVANCE_SEAFARING_LVL_4
unit,homm2:NP,ADVANCE_SEAFARING_LVL_4
prereq,homm2:Phi,ADVANCE_XANADU
unit,homm2:Phi,ADVANCE_XANADU
prereq,homm2:Phy,ADVANCE_KNOWLEDGE_LVL_6
unit,homm2:Phy,ADVANCE_KNOWLEDGE_LVL_6
prereq,homm2:Pla,ADVANCE_ZZ_PLASTICS
unit,homm2:Pla,ADVANCE_ZZ_PLASTICS
prereq,homm2:Plu,ADVANCE_CREATURES_LVL_3
unit,homm2:Plu,ADVANCE_CREATURES_LVL_3
prereq,homm2:PT,ADVANCE_ZZ_POLYTHEISM
unit,homm2:PT,ADVANCE_ZZ_POLYTHEISM
prereq,homm2:Pot,ADVANCE_ECONOMY_LVL_5
unit,homm2:Pot,ADVANCE_ECONOMY_LVL_5
prereq,homm2:Rad,ADVANCE_MILITARY_LVL_4
unit,homm2:Rad,ADVANCE_MILITARY_LVL_4
prereq,homm2:RR,ADVANCE_ZZ_RAILROAD
unit,homm2:RR,ADVANCE_ZZ_RAILROAD
prereq,homm2:Rec,ADVANCE_SEAFARING_LVL_7
unit,homm2:Rec,ADVANCE_SEAFARING_LVL_7
prereq,homm2:Ref,ADVANCE_SEAFARING_LVL_5
unit,homm2:Ref,ADVANCE_SEAFARING_LVL_5
prereq,homm2:Rfg,ADVANCE_SEAFARING_LVL_6
unit,homm2:Rfg,ADVANCE_SEAFARING_LVL_6
prereq,homm2:Rep,ADVANCE_LEADERSHIP_LVL_3
unit,homm2:Rep,ADVANCE_LEADERSHIP_LVL_3
prereq,homm2:Rob,ADVANCE_ECONOMY_LVL_6
unit,homm2:Rob,ADVANCE_ECONOMY_LVL_6
prereq,homm2:Roc,ADVANCE_MILITARY_LVL_7
unit,homm2:Roc,ADVANCE_MILITARY_LVL_7
prereq,homm2:San,ADVANCE_BUILDINGS_LVL_4
unit,homm2:San,ADVANCE_BUILDINGS_LVL_4
prereq,homm2:Sea,ADVANCE_SEAFARING_LVL_1
unit,homm2:Sea,ADVANCE_SEAFARING_LVL_1
prereq,homm2:SFl,ADVANCE_ZZ_SPACE_FLIGHT
unit,homm2:SFl,ADVANCE_ZZ_SPACE_FLIGHT
prereq,homm2:Sth,ADVANCE_ZZ_STEALTH
unit,homm2:Sth,ADVANCE_ZZ_STEALTH
prereq,homm2:SE,ADVANCE_NEUTRAL
unit,homm2:SE,ADVANCE_NEUTRAL
prereq,homm2:Stl,ADVANCE_CREATURES_LVL_5
unit,homm2:Stl,ADVANCE_CREATURES_LVL_5
prereq,homm2:Sup,ADVANCE_ZZ_SUPERCONDUCTOR
unit,homm2:Sup,ADVANCE_ZZ_SUPERCONDUCTOR
prereq,homm2:Tac,ADVANCE_ZZ_TACTICS
unit,homm2:Tac,ADVANCE_ZZ_TACTICS
prereq,homm2:The,ADVANCE_HAPPINESS_LVL_3
unit,homm2:The,ADVANCE_HAPPINESS_LVL_3
prereq,homm2:ToG,ADVANCE_CREATURES_LVL_1
unit,homm2:ToG,ADVANCE_CREATURES_LVL_1
prereq,homm2:Tra,ADVANCE_ECONOMY_LVL_2
unit,homm2:Tra,ADVANCE_ECONOMY_LVL_2
prereq,homm2:Uni,ADVANCE_KNOWLEDGE_LVL_5
unit,homm2:Uni,ADVANCE_KNOWLEDGE_LVL_5
prereq,homm2:War,ADVANCE_MILITARY_LVL_1
unit,homm2:War,ADVANCE_MILITARY_LVL_1
prereq,homm2:Whe,ADVANCE_MILITARY_LVL_3
unit,homm2:Whe,ADVANCE_MILITARY_LVL_3
prereq,homm2:Wri,ADVANCE_KNOWLEDGE_LVL_2
unit,homm2:Wri,ADVANCE_KNOWLEDGE_LVL_2
prereq,homm2:FT,ADVANCE_FUTURE_RESEARCH
unit,homm2:FT,ADVANCE_FUTURE_RESEARCH
prereq,homm2:U1,ADVANCE_MILITARY_LVL_5
unit,homm2:U1,ADVANCE_MILITARY_LVL_5
prereq,homm2:U2,ADVANCE_HAPPINESS_LVL_4
unit,homm2:U2,ADVANCE_HAPPINESS_LVL_4
prereq,homm2:U3,ADVANCE_MILITARY_LVL_6
unit,homm2:U3,ADVANCE_MILITARY_LVL_6
prereq,homm2:X1,ADVANCE_NON_WIZARD
unit,homm2:X1,ADVANCE_NON_WIZARD
prereq,homm2:X2,ADVANCE_NON_SORCERESS
unit,homm2:X2,ADVANCE_NON_SORCERESS
prereq,homm2:X3,ADVANCE_NON_BARBARIAN
unit,homm2:X3,ADVANCE_NON_BARBARIAN
prereq,homm2:X4,ADVANCE_NON_NECROMANCER
unit,homm2:X4,ADVANCE_NON_NECROMANCER
prereq,homm2:X5,ADVANCE_NON_KNIGHT
unit,homm2:X5,ADVANCE_NON_KNIGHT
prereq,homm2:X6,ADVANCE_NON_WARLOCK
unit,homm2:X6,ADVANCE_NON_WARLOCK
prereq,homm2:X7,ADVANCE_NON_NEUTRAL
unit,homm2:X7,ADVANCE_NON_NEUTRAL
prereq,midgard:AFl,ADVANCE_THORS_ELOQUENCE
unit,midgard:AFl,ADVANCE_THORS_ELOQUENCE
prereq,midgard:Alp,ADVANCE_WRITING
unit,midgard:Alp,ADVANCE_WRITING
prereq,midgard:Amp,ADVANCE_SEA_RAIDS
unit,midgard:Amp,ADVANCE_SEA_RAIDS
prereq,midgard:Ast,ADVANCE_ASTROLOGY
unit,midgard:Ast,ADVANCE_ASTROLOGY
prereq,midgard:Ato,ADVANCE_WITCHCRAFT
unit,midgard:Ato,ADVANCE_WITCHCRAFT
prereq,midgard:Aut,ADVANCE_GAEAS_GIFT
unit,midgard:Aut,ADVANCE_GAEAS_GIFT
prereq,midgard:Ban,ADVANCE_BANKING
unit,midgard:Ban,ADVANCE_BANKING
prereq,midgard:Bri,ADVANCE_BRIDGE_BUILDING
unit,midgard:Bri,ADVANCE_BRIDGE_BUILDING
prereq,midgard:Bro,ADVANCE_BRONZE_WORKING
unit,midgard:Bro,ADVANCE_BRONZE_WORKING
prereq,midgard:Cer,ADVANCE_CEREMONIAL_BURIAL
unit,midgard:Cer,ADVANCE_CEREMONIAL_BURIAL
prereq,midgard:Che,ADVANCE_ALCHEMY
unit,midgard:Che,ADVANCE_ALCHEMY
prereq,midgard:Chi,ADVANCE_CHIVALRY
unit,midgard:Chi,ADVANCE_CHIVALRY
prereq,midgard:CoL,ADVANCE_KINGS_LAW
unit,midgard:CoL,ADVANCE_KINGS_LAW
prereq,midgard:CA,ADVANCE_FEAT_OF_ARMS
unit,midgard:CA,ADVANCE_FEAT_OF_ARMS
prereq,midgard:Cmb,ADVANCE_GAEAS_POWER
unit,midgard:Cmb,ADVANCE_GAEAS_POWER
prereq,midgard:Cmn,ADVANCE_SUMMON_DRAKE
unit,midgard:Cmn,ADVANCE_SUMMON_DRAKE
prereq,midgard:Cmp,ADVANCE_PERPETUAL_MACHINE
unit,midgard:Cmp,ADVANCE_PERPETUAL_MACHINE
prereq,midgard:Csc,ADVANCE_CALL_TO_ARMS
unit,midgard:Csc,ADVANCE_CALL_TO_ARMS
prereq,midgard:Cst,ADVANCE_CONSTRUCTION
unit,midgard:Cst,ADVANCE_CONSTRUCTION
prereq,midgard:Cor,ADVANCE_THE_GUILD
unit,midgard:Cor,ADVANCE_THE_GUILD
prereq,midgard:Cur,ADVANCE_BARTER
unit,midgard:Cur,ADVANCE_BARTER
prereq,midgard:Dem,ADVANCE_INSTITUTION_OF_ALTHING
unit,midgard:Dem,ADVANCE_INSTITUTION_OF_ALTHING
prereq,midgard:Eco,ADVANCE_TRANSMUTATION
unit,midgard:Eco,ADVANCE_TRANSMUTATION
prereq,midgard:E1,ADVANCE_DIVINING_ROD
unit,midgard:E1,ADVANCE_DIVINING_ROD
prereq,midgard:E2,ADVANCE_TAPPING_THE_NODE
unit,midgard:E2,ADVANCE_TAPPING_THE_NODE
prereq,midgard:Eng,ADVANCE_SIEGECRAFT
unit,midgard:Eng,ADVANCE_SIEGECRAFT
prereq,midgard:Env,ADVANCE_NATURE_LORE
unit,midgard:Env,ADVANCE_NATURE_LORE
prereq,midgard:Esp,ADVANCE_ESPIONAGE
unit,midgard:Esp,ADVANCE_ESPIONAGE
prereq,midgard:Exp,ADVANCE_ARCANE_LEARNING
unit,midgard:Exp,ADVANCE_ARCANE_LEARNING
prereq,midgard:Feu,ADVANCE_FEALTY
unit,midgard:Feu,ADVANCE_FEALTY
prereq,midgard:Fli,ADVANCE_ARCANE_LEVITATION
unit,midgard:Fli,ADVANCE_ARCANE_LEVITATION
prereq,midgard:Fun,ADVANCE_DWARVEN_ALLIANCE
unit,midgard:Fun,ADVANCE_DWARVEN_ALLIANCE
prereq,midgard:FP,ADVANCE_SPELL_MASTERY
unit,midgard:FP,ADVANCE_SPELL_MASTERY
prereq,midgard:Gen,ADVANCE_MILLWORK
unit,midgard:Gen,ADVANCE_MILLWORK
prereq,midgard:Gue,ADVANCE_GENERAL_UPRISINGS
unit,midgard:Gue,ADVANCE_GENERAL_UPRISINGS
prereq,midgard:Gun,ADVANCE_SPELL_OF_ANIMATION
unit,midgard:Gun,ADVANCE_SPELL_OF_ANIMATION
prereq,midgard:Hor,ADVANCE_HORSEBACK_RIDING
unit,midgard:Hor,ADVANCE_HORSEBACK_RIDING
prereq,midgard:Ind,ADVANCE_EVANESCANT_CRAFT
unit,midgard:Ind,ADVANCE_EVANESCANT_CRAFT
prereq,midgard:Inv,ADVANCE_TRANSMOGRIFICATION
unit,midgard:Inv,ADVANCE_TRANSMOGRIFICATION
prereq,midgard:Iro,ADVANCE_IRON_WORKING
unit,midgard:Iro,ADVANCE_IRON_WORKING
prereq,midgard:Lab,ADVANCE_ARTISANSHIP
unit,midgard:Lab,ADVANCE_ARTISANSHIP
prereq,midgard:Las,ADVANCE_MOONBEAM_LENS
unit,midgard:Las,ADVANCE_MOONBEAM_LENS
prereq,midgard:Ldr,ADVANCE_SWINE_ARRAY
unit,midgard:Ldr,ADVANCE_SWINE_ARRAY
prereq,midgard:Lit,ADVANCE_MAGICAL_INSCRIPTION
unit,midgard:Lit,ADVANCE_MAGICAL_INSCRIPTION
prereq,midgard:Too,ADVANCE_WEAPONCRAFT
unit,midgard:Too,ADVANCE_WEAPONCRAFT
prereq,midgard:Mag,ADVANCE_ASTROCOMPASS
unit,midgard:Mag,ADVANCE_ASTROCOMPASS
prereq,midgard:Map,ADVANCE_MAP_MAKING
unit,midgard:Map,ADVANCE_MAP_MAKING
prereq,midgard:Mas,ADVANCE_MASONRY
unit,midgard:Mas,ADVANCE_MASONRY
prereq,midgard:MP,ADVANCE_SPELL_OF_CREATION
unit,midgard:MP,ADVANCE_SPELL_OF_CREATION
prereq,midgard:Mat,ADVANCE_MATHEMATICS
unit,midgard:Mat,ADVANCE_MATHEMATICS
prereq,midgard:Med,ADVANCE_MEDICINE
unit,midgard:Med,ADVANCE_MEDICINE
prereq,midgard:Met,ADVANCE_SPELL_OF_PURIFICATION
unit,midgard:Met,ADVANCE_SPELL_OF_PURIFICATION
prereq,midgard:Min,ADVANCE_ALLIEGANCE_TO_THE_SEA
unit,midgard:Min,ADVANCE_ALLIEGANCE_TO_THE_SEA
prereq,midgard:Mob,ADVANCE_GIANT_WARFARE
unit,midgard:Mob,ADVANCE_GIANT_WARFARE
prereq,midgard:Mon,ADVANCE_MONARCHY
unit,midgard:Mon,ADVANCE_MONARCHY
prereq,midgard:MT,ADVANCE_PRIESTHOOD
unit,midgard:MT,ADVANCE_PRIESTHOOD
prereq,midgard:Mys,ADVANCE_MYSTICISM
unit,midgard:Mys,ADVANCE_MYSTICISM
prereq,midgard:Nav,ADVANCE_NAVIGATION
unit,midgard:Nav,ADVANCE_NAVIGATION
prereq,midgard:NF,ADVANCE_WAR_SPELLS
unit,midgard:NF,ADVANCE_WAR_SPELLS
prereq,midgard:NP,ADVANCE_MAGICAL_POWER
unit,midgard:NP,ADVANCE_MAGICAL_POWER
prereq,midgard:Phi,ADVANCE_NATURAL_PHILOSOPHY
unit,midgard:Phi,ADVANCE_NATURAL_PHILOSOPHY
prereq,midgard:Phy,ADVANCE_METAPHYSICS
unit,midgard:Phy,ADVANCE_METAPHYSICS
prereq,midgard:Pla,ADVANCE_FAIRY_FABRIC
unit,midgard:Pla,ADVANCE_FAIRY_FABRIC
prereq,midgard:Plu,ADVANCE_PLUMBING
unit,midgard:Plu,ADVANCE_PLUMBING
prereq,midgard:PT,ADVANCE_POLYTHEISM
unit,midgard:PT,ADVANCE_POLYTHEISM
prereq,midgard:Pot,ADVANCE_POTTERY
unit,midgard:Pot,ADVANCE_POTTERY
prereq,midgard:Rad,ADVANCE_WARP_SPELL
unit,midgard:Rad,ADVANCE_WARP_SPELL
prereq,midgard:RR,ADVANCE_TUNNELLING
unit,midgard:RR,ADVANCE_TUNNELLING
prereq,midgard:Rec,ADVANCE_SOWING_AND_REAPING
unit,midgard:Rec,ADVANCE_SOWING_AND_REAPING
prereq,midgard:Ref,ADVANCE_ELEMENTAL_ENERGY
unit,midgard:Ref,ADVANCE_ELEMENTAL_ENERGY
prereq,midgard:Rfg,ADVANCE_FASHIONING_YGGDRASIL_WOOD
unit,midgard:Rfg,ADVANCE_FASHIONING_YGGDRASIL_WOOD
prereq,midgard:Rep,ADVANCE_THE_REPUBLIC
unit,midgard:Rep,ADVANCE_THE_REPUBLIC
prereq,midgard:Rob,ADVANCE_CLOCKWORKS
unit,midgard:Rob,ADVANCE_CLOCKWORKS
prereq,midgard:Roc,ADVANCE_FIREBALL_INCANTATION
unit,midgard:Roc,ADVANCE_FIREBALL_INCANTATION
prereq,midgard:San,ADVANCE_SANITATION
unit,midgard:San,ADVANCE_SANITATION
prereq,midgard:Sea,ADVANCE_SEAFARING
unit,midgard:Sea,ADVANCE_SEAFARING
prereq,midgard:SFl,ADVANCE_SPACE_FLIGHT
unit,midgard:SFl,ADVANCE_SPACE_FLIGHT
prereq,midgard:Sth,ADVANCE_TRANSLUSCENCE_SPELL
unit,midgard:Sth,ADVANCE_TRANSLUSCENCE_SPELL
prereq,midgard:SE,ADVANCE_METALLURGY
unit,midgard:SE,ADVANCE_METALLURGY
prereq,midgard:Stl,ADVANCE_PLATE_STEEL
unit,midgard:Stl,ADVANCE_PLATE_STEEL
prereq,midgard:Sup,ADVANCE_ROD_OF_SHIVERS
unit,midgard:Sup,ADVANCE_ROD_OF_SHIVERS
prereq,midgard:Tac,ADVANCE_I_VIKING
unit,midgard:Tac,ADVANCE_I_VIKING
prereq,midgard:The,ADVANCE_THEURGY
unit,midgard:The,ADVANCE_THEURGY
prereq,midgard:ToG,ADVANCE_SECRET_OF_DIVINATION
unit,midgard:ToG,ADVANCE_SECRET_OF_DIVINATION
prereq,midgard:Tra,ADVANCE_TRADE
unit,midgard:Tra,ADVANCE_TRADE
prereq,midgard:Uni,ADVANCE_THAUMATURGICAL_STUDY
unit,midgard:Uni,ADVANCE_THAUMATURGICAL_STUDY
prereq,midgard:War,ADVANCE_WARRIOR_CODE
unit,midgard:War,ADVANCE_WARRIOR_CODE
prereq,midgard:Whe,ADVANCE_THE_WHEEL
unit,midgard:Whe,ADVANCE_THE_WHEEL
prereq,midgard:Wri,ADVANCE_ALPHABET
unit,midgard:Wri,ADVANCE_ALPHABET
prereq,midgard:...,ADVANCE_HANGING_FROM_YGGDRASIL
unit,midgard:...,ADVANCE_HANGING_FROM_YGGDRASIL
prereq,midgard:U1,ADVANCE_BEAST_DOMINION
unit,midgard:U1,ADVANCE_BEAST_DOMINION
prereq,midgard:U2,ADVANCE_OMNISCIENCE
unit,midgard:U2,ADVANCE_OMNISCIENCE
prereq,midgard:U3,ADVANCE_DRAGON_LORE
unit,midgard:U3,ADVANCE_DRAGON_LORE
prereq,midgard:X1,ADVANCE_FOREST_LORE
unit,midgard:X1,ADVANCE_FOREST_LORE
prereq,midgard:X2,ADVANCE_SEA_LORE
unit,midgard:X2,ADVANCE_SEA_LORE
prereq,midgard:X3,ADVANCE_MOUNTAIN_LORE
unit,midgard:X3,ADVANCE_MOUNTAIN_LORE
prereq,midgard:X4,ADVANCE_SPIRIT_LORE
unit,midgard:X4,ADVANCE_SPIRIT_LORE
prereq,midgard:X5,ADVANCE_EARTH_LORE
unit,midgard:X5,ADVANCE_EARTH_LORE
prereq,midgard:X6,ADVANCE_WARCRAFT
unit,midgard:X6,ADVANCE_WARCRAFT
prereq,midgard:X7,ADVANCE_SOCIAL_LORE
unit,midgard:X7,ADVANCE_SOCIAL_LORE
prereq,crusades:AFl,ADVANCE_ADVANCED_FLIGHT
unit,crusades:AFl,ADVANCE_ADVANCED_FLIGHT
prereq,crusades:Alp,ADVANCE_ALPHABET
unit,crusades:Alp,ADVANCE_ALPHABET
prereq,crusades:Amp,ADVANCE_AMPHIBIOUS_WARFARE
unit,crusades:Amp,ADVANCE_AMPHIBIOUS_WARFARE
prereq,crusades:Ast,ADVANCE_SPECIAL_TECHNOLOGY
unit,crusades:Ast,ADVANCE_SPECIAL_TECHNOLOGY
prereq,crusades:Ato,ADVANCE_ATOMIC_THEORY
unit,crusades:Ato,ADVANCE_ATOMIC_THEORY
prereq,crusades:Aut,ADVANCE_AUTOMOBILE
unit,crusades:Aut,ADVANCE_AUTOMOBILE
prereq,crusades:Ban,ADVANCE_BANKING
unit,crusades:Ban,ADVANCE_BANKING
prereq,crusades:Bri,ADVANCE_BRIDGE_BUILDING
unit,crusades:Bri,ADVANCE_BRIDGE_BUILDING
prereq,crusades:Bro,ADVANCE_BRONZE_WORKING
unit,crusades:Bro,ADVANCE_BRONZE_WORKING
prereq,crusades:Cer,ADVANCE_CEREMONIAL_BURIAL
unit,crusades:Cer,ADVANCE_CEREMONIAL_BURIAL
prereq,crusades:Che,ADVANCE_SPECIAL_TECHNOLOGY
unit,crusades:Che,ADVANCE_SPECIAL_TECHNOLOGY
prereq,crusades:Chi,ADVANCE_SPECIAL_TECHNOLOGY
unit,crusades:Chi,ADVANCE_SPECIAL_TECHNOLOGY
prereq,crusades:CoL,ADVANCE_CODE_OF_LAWS
unit,crusades:CoL,ADVANCE_CODE_OF_LAWS
prereq,crusades:CA,ADVANCE_COMBINED_ARMS
unit,crusades:CA,ADVANCE_COMBINED_ARMS
prereq,crusades:Cmb,ADVANCE_COMBUSTION
unit,crusades:Cmb,ADVANCE_COMBUSTION
prereq,crusades:Cmn,ADVANCE_COMMUNISM
unit,crusades:Cmn,ADVANCE_COMMUNISM
prereq,crusades:Cmp,ADVANCE_COMPUTERS
unit,crusades:Cmp,ADVANCE_COMPUTERS
prereq,crusades:Csc,ADVANCE_CONSCRIPTION
unit,crusades:Csc,ADVANCE_CONSCRIPTION
prereq,crusades:Cst,ADVANCE_CONSTRUCTION
unit,crusades:Cst,ADVANCE_CONSTRUCTION
prereq,crusades:Cor,ADVANCE_THE_CORPORATION
unit,crusades:Cor,ADVANCE_THE_CORPORATION
prereq,crusades:Cur,ADVANCE_CURRENCY
unit,crusades:Cur,ADVANCE_CURRENCY
prereq,crusades:Dem,ADVANCE_SPECIAL_TECHNOLOGY
unit,crusades:Dem,ADVANCE_SPECIAL_TECHNOLOGY
prereq,crusades:Eco,ADVANCE_SPECIAL_TECHNOLOGY
unit,crusades:Eco,ADVANCE_SPECIAL_TECHNOLOGY
prereq,crusades:E1,ADVANCE_ELECTRICITY
unit,crusades:E1,ADVANCE_ELECTRICITY
prereq,crusades:E2,ADVANCE_ELECTRONICS
unit,crusades:E2,ADVANCE_ELECTRONICS
prereq,crusades:Eng,ADVANCE_ENGINEERING
unit,crusades:Eng,ADVANCE_ENGINEERING
prereq,crusades:Env,ADVANCE_ENVIRONMENTALISM
unit,crusades:Env,ADVANCE_ENVIRONMENTALISM
prereq,crusades:Esp,ADVANCE_SPECIAL_TECHNOLOGY
unit,crusades:Esp,ADVANCE_SPECIAL_TECHNOLOGY
prereq,crusades:Exp,ADVANCE_EXPLOSIVES
unit,crusades:Exp,ADVANCE_EXPLOSIVES
prereq,crusades:Feu,ADVANCE_FEUDALISM
unit,crusades:Feu,ADVANCE_FEUDALISM
prereq,crusades:Fli,ADVANCE_FLIGHT
unit,crusades:Fli,ADVANCE_FLIGHT
prereq,crusades:Fun,ADVANCE_SPECIAL_TECHNOLOGY
unit,crusades:Fun,ADVANCE_SPECIAL_TECHNOLOGY
prereq,crusades:FP,ADVANCE_FUSION_POWER
unit,crusades:FP,ADVANCE_FUSION_POWER
prereq,crusades:Gen,ADVANCE_GENETIC_ENGINEERING
unit,crusades:Gen,ADVANCE_GENETIC_ENGINEERING
prereq,crusades:Gue,ADVANCE_GUERRILLA_WARFARE
unit,crusades:Gue,ADVANCE_GUERRILLA_WARFARE
prereq,crusades:Gun,ADVANCE_SPECIAL_TECHNOLOGY
unit,crusades:Gun,ADVANCE_SPECIAL_TECHNOLOGY
prereq,crusades:Hor,ADVANCE_HORSEBACK_RIDING
unit,crusades:Hor,ADVANCE_HORSEBACK_RIDING
prereq,crusades:Ind,ADVANCE_INDUSTRIALIZATION
unit,crusades:Ind,ADVANCE_INDUSTRIALIZATION
prereq,crusades:Inv,ADVANCE_INVENTION
unit,crusades:Inv,ADVANCE_INVENTION
prereq,crusades:Iro,ADVANCE_IRON_WORKING
unit,crusades:Iro,ADVANCE_IRON_WORKING
prereq,crusades:Lab,ADVANCE_LABOR_UNION
unit,crusades:Lab,ADVANCE_LABOR_UNION
prereq,crusades:Las,ADVANCE_THE_LASER
unit,crusades:Las,ADVANCE_THE_LASER
prereq,crusades:Ldr,ADVANCE_SPECIAL_TECHNOLOGY
unit,crusades:Ldr,ADVANCE_SPECIAL_TECHNOLOGY
prereq,crusades:Lit,ADVANCE_LITERACY
unit,crusades:Lit,ADVANCE_LITERACY
prereq,crusades:Too,ADVANCE_MACHINE_TOOLS
unit,crusades:Too,ADVANCE_MACHINE_TOOLS
prereq,crusades:Mag,ADVANCE_MAGNETISM
unit,crusades:Mag,ADVANCE_MAGNETISM
prereq,crusades:Map,ADVANCE_MAP_MAKING
unit,crusades:Map,ADVANCE_MAP_MAKING
prereq,crusades:Mas,ADVANCE_MASONRY
unit,crusades:Mas,ADVANCE_MASONRY
prereq,crusades:MP,ADVANCE_MASS_PRODUCTION
unit,crusades:MP,ADVANCE_MASS_PRODUCTION
prereq,crusades:Mat,ADVANCE_MATHEMATICS
unit,crusades:Mat,ADVANCE_MATHEMATICS
prereq,crusades:Med,ADVANCE_MEDICINE
unit,crusades:Med,ADVANCE_MEDICINE
prereq,crusades:Met,ADVANCE_METALLURGY
unit,crusades:Met,ADVANCE_METALLURGY
prereq,crusades:Min,ADVANCE_MINIATURIZATION
unit,crusades:Min,ADVANCE_MINIATURIZATION
prereq,crusades:Mob,ADVANCE_MOBILE_WARFARE
unit,crusades:Mob,ADVANCE_MOBILE_WARFARE
prereq,crusades:Mon,ADVANCE_MONARCHY
unit,crusades:Mon,ADVANCE_MONARCHY
prereq,crusades:MT,ADVANCE_MONOTHEISM
unit,crusades:MT,ADVANCE_MONOTHEISM
prereq,crusades:Mys,ADVANCE_MYSTICISM
unit,crusades:Mys,ADVANCE_MYSTICISM
prereq,crusades:Nav,ADVANCE_NAVIGATION
unit,crusades:Nav,ADVANCE_NAVIGATION
prereq,crusades:NF,ADVANCE_NUCLEAR_FISSION
unit,crusades:NF,ADVANCE_NUCLEAR_FISSION
prereq,crusades:NP,ADVANCE_NUCLEAR_POWER
unit,crusades:NP,ADVANCE_NUCLEAR_POWER
prereq,crusades:Phi,ADVANCE_PHILOSOPHY
unit,crusades:Phi,ADVANCE_PHILOSOPHY
prereq,crusades:Phy,ADVANCE_PHYSICS
unit,crusades:Phy,ADVANCE_PHYSICS
prereq,crusades:Pla,ADVANCE_SPECIAL_TECHNOLOGY
unit,crusades:Pla,ADVANCE_SPECIAL_TECHNOLOGY
prereq,crusades:Plu,ADVANCE_SPECIAL_TECHNOLOGY
unit,crusades:Plu,ADVANCE_SPECIAL_TECHNOLOGY
prereq,crusades:PT,ADVANCE_POLYTHEISM
unit,crusades:PT,ADVANCE_POLYTHEISM
prereq,crusades:Pot,ADVANCE_POTTERY
unit,crusades:Pot,ADVANCE_POTTERY
prereq,crusades:Rad,ADVANCE_RADIO
unit,crusades:Rad,ADVANCE_RADIO
prereq,crusades:RR,ADVANCE_RAILROAD
unit,crusades:RR,ADVANCE_RAILROAD
prereq,crusades:Rec,ADVANCE_RECYCLING
unit,crusades:Rec,ADVANCE_RECYCLING
prereq,crusades:Ref,ADVANCE_REFINING
unit,crusades:Ref,ADVANCE_REFINING
prereq,crusades:Rfg,ADVANCE_SPECIAL_TECHNOLOGY
unit,crusades:Rfg,ADVANCE_SPECIAL_TECHNOLOGY
prereq,crusades:Rep,ADVANCE_THE_REPUBLIC
unit,crusades:Rep,ADVANCE_THE_REPUBLIC
prereq,crusades:Rob,ADVANCE_ROBOTICS
unit,crusades:Rob,ADVANCE_ROBOTICS
prereq,crusades:Roc,ADVANCE_ROCKETRY
unit,crusades:Roc,ADVANCE_ROCKETRY
prereq,crusades:San,ADVANCE_SPECIAL_TECHNOLOGY
unit,crusades:San,ADVANCE_SPECIAL_TECHNOLOGY
prereq,crusades:Sea,ADVANCE_SEAFARING
unit,crusades:Sea,ADVANCE_SEAFARING
prereq,crusades:SFl,ADVANCE_SPACE_FLIGHT
unit,crusades:SFl,ADVANCE_SPACE_FLIGHT
prereq,crusades:Sth,ADVANCE_STEALTH
unit,crusades:Sth,ADVANCE_STEALTH
prereq,crusades:SE,ADVANCE_STEAM_ENGINE
unit,crusades:SE,ADVANCE_STEAM_ENGINE
prereq,crusades:Stl,ADVANCE_STEEL
unit,crusades:Stl,ADVANCE_STEEL
prereq,crusades:Sup,ADVANCE_SUPERCONDUCTOR
unit,crusades:Sup,ADVANCE_SUPERCONDUCTOR
prereq,crusades:Tac,ADVANCE_TACTICS
unit,crusades:Tac,ADVANCE_TACTICS
prereq,crusades:The,ADVANCE_THEOLOGY
unit,crusades:The,ADVANCE_THEOLOGY
prereq,crusades:ToG,ADVANCE_SPECIAL_TECHNOLOGY
unit,crusades:ToG,ADVANCE_SPECIAL_TECHNOLOGY
prereq,crusades:Tra,ADVANCE_TRADE
unit,crusades:Tra,ADVANCE_TRADE
prereq,crusades:Uni,ADVANCE_UNIVERSITY
unit,crusades:Uni,ADVANCE_UNIVERSITY
prereq,crusades:War,ADVANCE_WARRIOR_CODE
unit,crusades:War,ADVANCE_WARRIOR_CODE
prereq,crusades:Whe,ADVANCE_THE_WHEEL
unit,crusades:Whe,ADVANCE_THE_WHEEL
prereq,crusades:Wri,ADVANCE_WRITING
unit,crusades:Wri,ADVANCE_WRITING
prereq,crusades:...,ADVANCE_FUTURE_TECHNOLOGY
unit,crusades:...,ADVANCE_FUTURE_TECHNOLOGY
prereq,crusades:U1,ADVANCE_THE_HOLY_LANCE
unit,crusades:U1,ADVANCE_THE_HOLY_LANCE
prereq,crusades:U2,ADVANCE_THE_TRUE_CROSS
unit,crusades:U2,ADVANCE_THE_TRUE_CROSS
prereq,crusades:U3,ADVANCE_USER_DEF_TECH_C
unit,crusades:U3,ADVANCE_USER_DEF_TECH_C
prereq,cradle:ADVANCE_ADVANCED_COMPOSITES,ADVANCE_ADVANCED_COMPOSITES
unit,cradle:ADVANCE_ADVANCED_COMPOSITES,ADVANCE_ADVANCED_COMPOSITES
prereq,cradle:ADVANCE_ADV_INFANTRY_TACTICS,ADVANCE_ADV_INFANTRY_TACTICS
unit,cradle:ADVANCE_ADV_INFANTRY_TACTICS,ADVANCE_ADV_INFANTRY_TACTICS
prereq,cradle:ADVANCE_ADV_NAVAL_TACTICS,ADVANCE_ADV_NAVAL_TACTICS
unit,cradle:ADVANCE_ADV_NAVAL_TACTICS,ADVANCE_ADV_NAVAL_TACTICS
prereq,cradle:ADVANCE_ADV_URBAN_PLANNING,ADVANCE_ADV_URBAN_PLANNING
unit,cradle:ADVANCE_ADV_URBAN_PLANNING,ADVANCE_ADV_URBAN_PLANNING
prereq,cradle:ADVANCE_AERODYNAMICS,ADVANCE_AERODYNAMICS
unit,cradle:ADVANCE_AERODYNAMICS,ADVANCE_AERODYNAMICS
prereq,cradle:ADVANCE_AGE_OF_DISCOVERY,ADVANCE_AGE_OF_DISCOVERY
unit,cradle:ADVANCE_AGE_OF_DISCOVERY,ADVANCE_AGE_OF_DISCOVERY
prereq,cradle:ADVANCE_AGE_OF_REASON,ADVANCE_AGE_OF_REASON
unit,cradle:ADVANCE_AGE_OF_REASON,ADVANCE_AGE_OF_REASON
prereq,cradle:ADVANCE_AGRICULTURAL_REVOLUTION,ADVANCE_AGRICULTURAL_REVOLUTION
unit,cradle:ADVANCE_AGRICULTURAL_REVOLUTION,ADVANCE_AGRICULTURAL_REVOLUTION
prereq,cradle:ADVANCE_AGRICULTURE,ADVANCE_AGRICULTURE
unit,cradle:ADVANCE_AGRICULTURE,ADVANCE_AGRICULTURE
prereq,cradle:ADVANCE_AI_SURVEILLANCE,ADVANCE_AI_SURVEILLANCE
unit,cradle:ADVANCE_AI_SURVEILLANCE,ADVANCE_AI_SURVEILLANCE
prereq,cradle:ADVANCE_APPLIED_MATH,ADVANCE_APPLIED_MATH
unit,cradle:ADVANCE_APPLIED_MATH,ADVANCE_APPLIED_MATH
prereq,cradle:ADVANCE_AQUEDUCTS,ADVANCE_AQUEDUCTS
unit,cradle:ADVANCE_AQUEDUCTS,ADVANCE_AQUEDUCTS
prereq,cradle:ADVANCE_ARCHERY,ADVANCE_ARCHERY
unit,cradle:ADVANCE_ARCHERY,ADVANCE_ARCHERY
prereq,cradle:ADVANCE_ARCHITECTURE,ADVANCE_ARCHITECTURE
unit,cradle:ADVANCE_ARCHITECTURE,ADVANCE_ARCHITECTURE
prereq,cradle:ADVANCE_ARCOLOGIES,ADVANCE_ARCOLOGIES
unit,cradle:ADVANCE_ARCOLOGIES,ADVANCE_ARCOLOGIES
prereq,cradle:ADVANCE_ASTROLABE,ADVANCE_ASTROLABE
unit,cradle:ADVANCE_ASTROLABE,ADVANCE_ASTROLABE
prereq,cradle:ADVANCE_ASTRONOMY,ADVANCE_ASTRONOMY
unit,cradle:ADVANCE_ASTRONOMY,ADVANCE_ASTRONOMY
prereq,cradle:ADVANCE_BALLISTA_TOWERS,ADVANCE_BALLISTA_TOWERS
unit,cradle:ADVANCE_BALLISTA_TOWERS,ADVANCE_BALLISTA_TOWERS
prereq,cradle:ADVANCE_BALLISTICS,ADVANCE_BALLISTICS
unit,cradle:ADVANCE_BALLISTICS,ADVANCE_BALLISTICS
prereq,cradle:ADVANCE_BANKING,ADVANCE_BANKING
unit,cradle:ADVANCE_BANKING,ADVANCE_BANKING
prereq,cradle:ADVANCE_BARRACKS,ADVANCE_BARRACKS
unit,cradle:ADVANCE_BARRACKS,ADVANCE_BARRACKS
prereq,cradle:ADVANCE_BIO_WARFARE,ADVANCE_BIOLOGICAL_WARFARE
unit,cradle:ADVANCE_BIO_WARFARE,ADVANCE_BIOLOGICAL_WARFARE
prereq,cradle:ADVANCE_BRICK_MAKING,ADVANCE_BRICK_MAKING
unit,cradle:ADVANCE_BRICK_MAKING,ADVANCE_BRICK_MAKING
prereq,cradle:ADVANCE_BRONZE_WORKING,ADVANCE_BRONZE_WORKING
unit,cradle:ADVANCE_BRONZE_WORKING,ADVANCE_BRONZE_WORKING
prereq,cradle:ADVANCE_BUDDHISM,ADVANCE_BUDDHISM
unit,cradle:ADVANCE_BUDDHISM,ADVANCE_BUDDHISM
prereq,cradle:ADVANCE_BUREAUCRACY,ADVANCE_BUREAUCRACY
unit,cradle:ADVANCE_BUREAUCRACY,ADVANCE_BUREAUCRACY
prereq,cradle:ADVANCE_CALIPHATE,ADVANCE_CALIPHATE
unit,cradle:ADVANCE_CALIPHATE,ADVANCE_CALIPHATE
prereq,cradle:ADVANCE_CANNON_MAKING,ADVANCE_CANNON_MAKING
unit,cradle:ADVANCE_CANNON_MAKING,ADVANCE_CANNON_MAKING
prereq,cradle:ADVANCE_CAVALRY_TACTICS,ADVANCE_CAVALRY_TACTICS
unit,cradle:ADVANCE_CAVALRY_TACTICS,ADVANCE_CAVALRY_TACTICS
prereq,cradle:ADVANCE_CEREMONIAL_BURIAL,ADVANCE_CEREMONIAL_BURIAL
unit,cradle:ADVANCE_CEREMONIAL_BURIAL,ADVANCE_CEREMONIAL_BURIAL
prereq,cradle:ADVANCE_CHAOS_THEORY,ADVANCE_CHAOS_THEORY
unit,cradle:ADVANCE_CHAOS_THEORY,ADVANCE_CHAOS_THEORY
prereq,cradle:ADVANCE_CHARIOTS,ADVANCE_CHARIOTS
unit,cradle:ADVANCE_CHARIOTS,ADVANCE_CHARIOTS
prereq,cradle:ADVANCE_CHEMISTRY,ADVANCE_CHEMISTRY
unit,cradle:ADVANCE_CHEMISTRY,ADVANCE_CHEMISTRY
prereq,cradle:ADVANCE_CHIVALRY,ADVANCE_CHIVALRY
unit,cradle:ADVANCE_CHIVALRY,ADVANCE_CHIVALRY
prereq,cradle:ADVANCE_CHRISTIANITY,ADVANCE_CHRISTIANITY
unit,cradle:ADVANCE_CHRISTIANITY,ADVANCE_CHRISTIANITY
prereq,cradle:ADVANCE_CHRONOMETER,ADVANCE_CHRONOMETER
unit,cradle:ADVANCE_CHRONOMETER,ADVANCE_CHRONOMETER
prereq,cradle:ADVANCE_CITY_STATE,ADVANCE_CITY_STATE
unit,cradle:ADVANCE_CITY_STATE,ADVANCE_CITY_STATE
prereq,cradle:ADVANCE_CIVIC_ENGINEERING,ADVANCE_CIVIC_ENGINEERING
unit,cradle:ADVANCE_CIVIC_ENGINEERING,ADVANCE_CIVIC_ENGINEERING
prereq,cradle:ADVANCE_CLASSICAL_EDUCATION,ADVANCE_CLASSICAL_EDUCATION
unit,cradle:ADVANCE_CLASSICAL_EDUCATION,ADVANCE_CLASSICAL_EDUCATION
prereq,cradle:ADVANCE_COASTAL_FORTS,ADVANCE_COASTAL_FORTS
unit,cradle:ADVANCE_COASTAL_FORTS,ADVANCE_COASTAL_FORTS
prereq,cradle:ADVANCE_COMBINED_ARMS,ADVANCE_COMBINED_ARMS
unit,cradle:ADVANCE_COMBINED_ARMS,ADVANCE_COMBINED_ARMS
prereq,cradle:ADVANCE_COMMUNISM,ADVANCE_COMMUNISM
unit,cradle:ADVANCE_COMMUNISM,ADVANCE_COMMUNISM
prereq,cradle:ADVANCE_COMPASS,ADVANCE_COMPASS
unit,cradle:ADVANCE_COMPASS,ADVANCE_COMPASS
prereq,cradle:ADVANCE_COMPOSITE_BOW,ADVANCE_COMPOSITE_BOW
unit,cradle:ADVANCE_COMPOSITE_BOW,ADVANCE_COMPOSITE_BOW
prereq,cradle:ADVANCE_COMPUTER,ADVANCE_COMPUTER
unit,cradle:ADVANCE_COMPUTER,ADVANCE_COMPUTER
prereq,cradle:ADVANCE_CONCRETE,ADVANCE_CONCRETE
unit,cradle:ADVANCE_CONCRETE,ADVANCE_CONCRETE
prereq,cradle:ADVANCE_CONFUCIANISM,ADVANCE_CONFUCIANISM
unit,cradle:ADVANCE_CONFUCIANISM,ADVANCE_CONFUCIANISM
prereq,cradle:ADVANCE_CONSERVATION,ADVANCE_CONSERVATION
unit,cradle:ADVANCE_CONSERVATION,ADVANCE_CONSERVATION
prereq,cradle:ADVANCE_COPPER_SMELTING,ADVANCE_COPPER_SMELTING
unit,cradle:ADVANCE_COPPER_SMELTING,ADVANCE_COPPER_SMELTING
prereq,cradle:ADVANCE_CORPORATE_REPUBLIC,ADVANCE_CORPORATE_REPUBLIC
unit,cradle:ADVANCE_CORPORATE_REPUBLIC,ADVANCE_CORPORATE_REPUBLIC
prereq,cradle:ADVANCE_CORPORATION,ADVANCE_CORPORATION
unit,cradle:ADVANCE_CORPORATION,ADVANCE_CORPORATION
prereq,cradle:ADVANCE_COSMOLOGY,ADVANCE_COSMOLOGY
unit,cradle:ADVANCE_COSMOLOGY,ADVANCE_COSMOLOGY
prereq,cradle:ADVANCE_CRIMINAL_CODE,ADVANCE_CRIMINAL_CODE
unit,cradle:ADVANCE_CRIMINAL_CODE,ADVANCE_CRIMINAL_CODE
prereq,cradle:ADVANCE_CROSSBOW,ADVANCE_CROSSBOW
unit,cradle:ADVANCE_CROSSBOW,ADVANCE_CROSSBOW
prereq,cradle:ADVANCE_CURRENCY,ADVANCE_CURRENCY
unit,cradle:ADVANCE_CURRENCY,ADVANCE_CURRENCY
prereq,cradle:ADVANCE_CYBERNETICS,ADVANCE_CYBERNETICS
unit,cradle:ADVANCE_CYBERNETICS,ADVANCE_CYBERNETICS
prereq,cradle:ADVANCE_DARK_AGES,ADVANCE_DARK_AGES
unit,cradle:ADVANCE_DARK_AGES,ADVANCE_DARK_AGES
prereq,cradle:ADVANCE_DEMOCRACY,ADVANCE_DEMOCRACY
unit,cradle:ADVANCE_DEMOCRACY,ADVANCE_DEMOCRACY
prereq,cradle:ADVANCE_DICTATORSHIP,ADVANCE_DICTATORSHIP
unit,cradle:ADVANCE_DICTATORSHIP,ADVANCE_DICTATORSHIP
prereq,cradle:ADVANCE_DIGITAL_ENCRYPTION,ADVANCE_DIGITAL_ENCRYPTION
unit,cradle:ADVANCE_DIGITAL_ENCRYPTION,ADVANCE_DIGITAL_ENCRYPTION
prereq,cradle:ADVANCE_DOMESTICATION,ADVANCE_DOMESTICATION
unit,cradle:ADVANCE_DOMESTICATION,ADVANCE_DOMESTICATION
prereq,cradle:ADVANCE_DRAMA,ADVANCE_DRAMA
unit,cradle:ADVANCE_DRAMA,ADVANCE_DRAMA
prereq,cradle:ADVANCE_DYNASTY,ADVANCE_DYNASTY
unit,cradle:ADVANCE_DYNASTY,ADVANCE_DYNASTY
prereq,cradle:ADVANCE_ECONOMICS,ADVANCE_ECONOMICS
unit,cradle:ADVANCE_ECONOMICS,ADVANCE_ECONOMICS
prereq,cradle:ADVANCE_ECO_RELIGION,ADVANCE_ECO_RELIGION
unit,cradle:ADVANCE_ECO_RELIGION,ADVANCE_ECO_RELIGION
prereq,cradle:ADVANCE_ECOTOPIA,ADVANCE_ECOTOPIA
unit,cradle:ADVANCE_ECOTOPIA,ADVANCE_ECOTOPIA
prereq,cradle:ADVANCE_ELECTRICITY,ADVANCE_ELECTRICITY
unit,cradle:ADVANCE_ELECTRICITY,ADVANCE_ELECTRICITY
prereq,cradle:ADVANCE_ETHICS,ADVANCE_ETHICS
unit,cradle:ADVANCE_ETHICS,ADVANCE_ETHICS
prereq,cradle:ADVANCE_EUGENICS,ADVANCE_GENE_THERAPY
unit,cradle:ADVANCE_EUGENICS,ADVANCE_GENE_THERAPY
prereq,cradle:ADVANCE_EXPLORATION,ADVANCE_EXPLORATION
unit,cradle:ADVANCE_EXPLORATION,ADVANCE_EXPLORATION
prereq,cradle:ADVANCE_EXPLOSIVES,ADVANCE_EXPLOSIVES
unit,cradle:ADVANCE_EXPLOSIVES,ADVANCE_EXPLOSIVES
prereq,cradle:ADVANCE_FASCISM,ADVANCE_FASCISM
unit,cradle:ADVANCE_FASCISM,ADVANCE_FASCISM
prereq,cradle:ADVANCE_FEUDALISM,ADVANCE_FEUDALISM
unit,cradle:ADVANCE_FEUDALISM,ADVANCE_FEUDALISM
prereq,cradle:ADVANCE_FISHING,ADVANCE_FISHING
unit,cradle:ADVANCE_FISHING,ADVANCE_FISHING
prereq,cradle:ADVANCE_FLINTLOCK,ADVANCE_FLINTLOCK
unit,cradle:ADVANCE_FLINTLOCK,ADVANCE_FLINTLOCK
prereq,cradle:ADVANCE_FUEL_CELLS,ADVANCE_FUEL_CELLS
unit,cradle:ADVANCE_FUEL_CELLS,ADVANCE_FUEL_CELLS
prereq,cradle:ADVANCE_FUSION,ADVANCE_FUSION
unit,cradle:ADVANCE_FUSION,ADVANCE_FUSION
prereq,cradle:ADVANCE_GAIA_CONTROLLER,ADVANCE_GAIA_CONTROLLER
unit,cradle:ADVANCE_GAIA_CONTROLLER,ADVANCE_GAIA_CONTROLLER
prereq,cradle:ADVANCE_GAIA_THEORY,ADVANCE_GAIA_THEORY
unit,cradle:ADVANCE_GAIA_THEORY,ADVANCE_GAIA_THEORY
prereq,cradle:ADVANCE_GENETIC_TAILORING,ADVANCE_GENETIC_TAILORING
unit,cradle:ADVANCE_GENETIC_TAILORING,ADVANCE_GENETIC_TAILORING
prereq,cradle:ADVANCE_GENETICS,ADVANCE_GENETICS
unit,cradle:ADVANCE_GENETICS,ADVANCE_GENETICS
prereq,cradle:ADVANCE_GEOMETRY,ADVANCE_GEOMETRY
unit,cradle:ADVANCE_GEOMETRY,ADVANCE_GEOMETRY
prereq,cradle:ADVANCE_GLOBAL_COMMUNICATIONS,ADVANCE_GLOBAL_COMMUNICATIONS
unit,cradle:ADVANCE_GLOBAL_COMMUNICATIONS,ADVANCE_GLOBAL_COMMUNICATIONS
prereq,cradle:ADVANCE_GLOBAL_DEFENSE,ADVANCE_GLOBAL_DEFENSE
unit,cradle:ADVANCE_GLOBAL_DEFENSE,ADVANCE_GLOBAL_DEFENSE
prereq,cradle:ADVANCE_GLOBAL_ECONOMICS,ADVANCE_GLOBAL_ECONOMICS
unit,cradle:ADVANCE_GLOBAL_ECONOMICS,ADVANCE_GLOBAL_ECONOMICS
prereq,cradle:ADVANCE_GOTHIC_ARCHITECTURE,ADVANCE_GOTHIC_ARCHITECTURE
unit,cradle:ADVANCE_GOTHIC_ARCHITECTURE,ADVANCE_GOTHIC_ARCHITECTURE
prereq,cradle:ADVANCE_GRANARIES,ADVANCE_GRANARIES
unit,cradle:ADVANCE_GRANARIES,ADVANCE_GRANARIES
prereq,cradle:ADVANCE_GREEK_FIRE,ADVANCE_GREEK_FIRE
unit,cradle:ADVANCE_GREEK_FIRE,ADVANCE_GREEK_FIRE
prereq,cradle:ADVANCE_GUIDED_WEAPON_SYSTEMS,ADVANCE_GUIDED_WEAPON_SYSTEMS
unit,cradle:ADVANCE_GUIDED_WEAPON_SYSTEMS,ADVANCE_GUIDED_WEAPON_SYSTEMS
prereq,cradle:ADVANCE_GUNPOWDER,ADVANCE_GUNPOWDER
unit,cradle:ADVANCE_GUNPOWDER,ADVANCE_GUNPOWDER
prereq,cradle:ADVANCE_HERBALISM,ADVANCE_HERBALISM
unit,cradle:ADVANCE_HERBALISM,ADVANCE_HERBALISM
prereq,cradle:ADVANCE_HIPPOCRATIC_SCHOOL,ADVANCE_HIPPOCRATIC_SCHOOL
unit,cradle:ADVANCE_HIPPOCRATIC_SCHOOL,ADVANCE_HIPPOCRATIC_SCHOOL
prereq,cradle:ADVANCE_HORSE_ARMOR,ADVANCE_HORSE_ARMOR
unit,cradle:ADVANCE_HORSE_ARMOR,ADVANCE_HORSE_ARMOR
prereq,cradle:ADVANCE_HORSE_RIDING,ADVANCE_HORSE_RIDING
unit,cradle:ADVANCE_HORSE_RIDING,ADVANCE_HORSE_RIDING
prereq,cradle:ADVANCE_HT_SUPERCONDUCTOR,ADVANCE_SUPERCONDUCTOR
unit,cradle:ADVANCE_HT_SUPERCONDUCTOR,ADVANCE_SUPERCONDUCTOR
prereq,cradle:ADVANCE_HULL_MAKING,ADVANCE_HULLMAKING
unit,cradle:ADVANCE_HULL_MAKING,ADVANCE_HULLMAKING
prereq,cradle:ADVANCE_HUMAN_CLONING,ADVANCE_HUMAN_CLONING
unit,cradle:ADVANCE_HUMAN_CLONING,ADVANCE_HUMAN_CLONING
prereq,cradle:ADVANCE_INDUSTRIAL_REVOLUTION,ADVANCE_INDUSTRIAL_REVOLUTION
unit,cradle:ADVANCE_INDUSTRIAL_REVOLUTION,ADVANCE_INDUSTRIAL_REVOLUTION
prereq,cradle:ADVANCE_INTERNAL_COMBUSTION,ADVANCE_INTERNAL_COMBUSTION
unit,cradle:ADVANCE_INTERNAL_COMBUSTION,ADVANCE_INTERNAL_COMBUSTION
prereq,cradle:ADVANCE_INTERNET,ADVANCE_INTERNET
unit,cradle:ADVANCE_INTERNET,ADVANCE_INTERNET
prereq,cradle:ADVANCE_IRON_WORKING,ADVANCE_IRON_WORKING
unit,cradle:ADVANCE_IRON_WORKING,ADVANCE_IRON_WORKING
prereq,cradle:ADVANCE_ISLAM,ADVANCE_ISLAM
unit,cradle:ADVANCE_ISLAM,ADVANCE_ISLAM
prereq,cradle:ADVANCE_JET_PROPULSION,ADVANCE_JET_PROPULSION
unit,cradle:ADVANCE_JET_PROPULSION,ADVANCE_JET_PROPULSION
prereq,cradle:ADVANCE_JUDAISM,ADVANCE_JUDAISM
unit,cradle:ADVANCE_JUDAISM,ADVANCE_JUDAISM
prereq,cradle:ADVANCE_JURISPRUDENCE,ADVANCE_JURISPRUDENCE
unit,cradle:ADVANCE_JURISPRUDENCE,ADVANCE_JURISPRUDENCE
prereq,cradle:ADVANCE_LATIFUNDIA,ADVANCE_LATIFUNDIA
unit,cradle:ADVANCE_LATIFUNDIA,ADVANCE_LATIFUNDIA
prereq,cradle:ADVANCE_LEGAL_SYSTEM,ADVANCE_LEGAL_SYSTEM
unit,cradle:ADVANCE_LEGAL_SYSTEM,ADVANCE_LEGAL_SYSTEM
prereq,cradle:ADVANCE_LIFE_EXTENSION,ADVANCE_LIFE_EXTENSION
unit,cradle:ADVANCE_LIFE_EXTENSION,ADVANCE_LIFE_EXTENSION
prereq,cradle:ADVANCE_LIQUID_BREATHING_APPARATUS,ADVANCE_FLUID_BREATHING
unit,cradle:ADVANCE_LIQUID_BREATHING_APPARATUS,ADVANCE_FLUID_BREATHING
prereq,cradle:ADVANCE_MACHINE_TOOLS,ADVANCE_MACHINE_TOOLS
unit,cradle:ADVANCE_MACHINE_TOOLS,ADVANCE_MACHINE_TOOLS
prereq,cradle:ADVANCE_MAP_MAKING,ADVANCE_MAP_MAKING
unit,cradle:ADVANCE_MAP_MAKING,ADVANCE_MAP_MAKING
prereq,cradle:ADVANCE_MASONRY,ADVANCE_MASONRY
unit,cradle:ADVANCE_MASONRY,ADVANCE_MASONRY
prereq,cradle:ADVANCE_MASS_MEDIA,ADVANCE_MASS_MEDIA
unit,cradle:ADVANCE_MASS_MEDIA,ADVANCE_MASS_MEDIA
prereq,cradle:ADVANCE_MASS_PRODUCTION,ADVANCE_MASS_PRODUCTION
unit,cradle:ADVANCE_MASS_PRODUCTION,ADVANCE_MASS_PRODUCTION
prereq,cradle:ADVANCE_MASS_TRANSIT,ADVANCE_MASS_TRANSIT
unit,cradle:ADVANCE_MASS_TRANSIT,ADVANCE_MASS_TRANSIT
prereq,cradle:ADVANCE_MATHEMATICAL_MODELING,ADVANCE_MATHEMATICAL_MODELING
unit,cradle:ADVANCE_MATHEMATICAL_MODELING,ADVANCE_MATHEMATICAL_MODELING
prereq,cradle:ADVANCE_MECHANICAL_CLOCK,ADVANCE_MECHANICAL_CLOCK
unit,cradle:ADVANCE_MECHANICAL_CLOCK,ADVANCE_MECHANICAL_CLOCK
prereq,cradle:ADVANCE_MEDICINE,ADVANCE_MODERN_MEDICINE
unit,cradle:ADVANCE_MEDICINE,ADVANCE_MODERN_MEDICINE
prereq,cradle:ADVANCE_MEGALITHS,ADVANCE_MEGALITHS
unit,cradle:ADVANCE_MEGALITHS,ADVANCE_MEGALITHS
prereq,cradle:ADVANCE_MILLS,ADVANCE_MILLS
unit,cradle:ADVANCE_MILLS,ADVANCE_MILLS
prereq,cradle:ADVANCE_MINING,ADVANCE_MINING
unit,cradle:ADVANCE_MINING,ADVANCE_MINING
prereq,cradle:ADVANCE_MOBILE_TACTICS,ADVANCE_MOBILE_TACTICS
unit,cradle:ADVANCE_MOBILE_TACTICS,ADVANCE_MOBILE_TACTICS
prereq,cradle:ADVANCE_MODERN_METALLURGY,ADVANCE_MODERN_METALLURGY
unit,cradle:ADVANCE_MODERN_METALLURGY,ADVANCE_MODERN_METALLURGY
prereq,cradle:ADVANCE_MONARCHY,ADVANCE_MONARCHY
unit,cradle:ADVANCE_MONARCHY,ADVANCE_MONARCHY
prereq,cradle:ADVANCE_MONOTHEISM,ADVANCE_MONOTHEISM
unit,cradle:ADVANCE_MONOTHEISM,ADVANCE_MONOTHEISM
prereq,cradle:ADVANCE_NANO_ASSEMBLY,ADVANCE_NANO_ASSEMBLY
unit,cradle:ADVANCE_NANO_ASSEMBLY,ADVANCE_NANO_ASSEMBLY
prereq,cradle:ADVANCE_NANO_MACHINES,ADVANCE_NANO_MACHINES
unit,cradle:ADVANCE_NANO_MACHINES,ADVANCE_NANO_MACHINES
prereq,cradle:ADVANCE_NANO_WARFARE,ADVANCE_NANO_WARFARE
unit,cradle:ADVANCE_NANO_WARFARE,ADVANCE_NANO_WARFARE
prereq,cradle:ADVANCE_NATIONALISM,ADVANCE_NATIONALISM
unit,cradle:ADVANCE_NATIONALISM,ADVANCE_NATIONALISM
prereq,cradle:ADVANCE_NAVAL_AVIATION,ADVANCE_NAVAL_AVIATION
unit,cradle:ADVANCE_NAVAL_AVIATION,ADVANCE_NAVAL_AVIATION
prereq,cradle:ADVANCE_NAVAL_TACTICS,ADVANCE_NAVAL_TACTICS
unit,cradle:ADVANCE_NAVAL_TACTICS,ADVANCE_NAVAL_TACTICS
prereq,cradle:ADVANCE_NEURAL_INTERFACE,ADVANCE_NEURAL_INTERFACE
unit,cradle:ADVANCE_NEURAL_INTERFACE,ADVANCE_NEURAL_INTERFACE
prereq,cradle:ADVANCE_NEURAL_REPROGRAMMING,ADVANCE_NEURAL_REPROGRAMMING
unit,cradle:ADVANCE_NEURAL_REPROGRAMMING,ADVANCE_NEURAL_REPROGRAMMING
prereq,cradle:ADVANCE_NUCLEAR_POWER,ADVANCE_NUCLEAR_POWER
unit,cradle:ADVANCE_NUCLEAR_POWER,ADVANCE_NUCLEAR_POWER
prereq,cradle:ADVANCE_OARED_GALLEYS,ADVANCE_OARED_GALLEYS
unit,cradle:ADVANCE_OARED_GALLEYS,ADVANCE_OARED_GALLEYS
prereq,cradle:ADVANCE_OCEAN_FARING,ADVANCE_OCEAN_FARING
unit,cradle:ADVANCE_OCEAN_FARING,ADVANCE_OCEAN_FARING
prereq,cradle:ADVANCE_OIL_REFINING,ADVANCE_OIL_REFINING
unit,cradle:ADVANCE_OIL_REFINING,ADVANCE_OIL_REFINING
prereq,cradle:ADVANCE_OLIGARCHY,ADVANCE_OLIGARCHY
unit,cradle:ADVANCE_OLIGARCHY,ADVANCE_OLIGARCHY
prereq,cradle:ADVANCE_OPTICS,ADVANCE_OPTICS
unit,cradle:ADVANCE_OPTICS,ADVANCE_OPTICS
prereq,cradle:ADVANCE_OUTRIGGER,ADVANCE_OUTRIGGER
unit,cradle:ADVANCE_OUTRIGGER,ADVANCE_OUTRIGGER
prereq,cradle:ADVANCE_PERSPECTIVE,ADVANCE_PERSPECTIVE
unit,cradle:ADVANCE_PERSPECTIVE,ADVANCE_PERSPECTIVE
prereq,cradle:ADVANCE_PHARMACEUTICALS,ADVANCE_PHARMACEUTICALS
unit,cradle:ADVANCE_PHARMACEUTICALS,ADVANCE_PHARMACEUTICALS
prereq,cradle:ADVANCE_PHILOSOPHY,ADVANCE_PHILOSOPHY
unit,cradle:ADVANCE_PHILOSOPHY,ADVANCE_PHILOSOPHY
prereq,cradle:ADVANCE_PHYSICS,ADVANCE_PHYSICS
unit,cradle:ADVANCE_PHYSICS,ADVANCE_PHYSICS
prereq,cradle:ADVANCE_PLASMA_WEAPONRY,ADVANCE_PLASMA_WEAPONRY
unit,cradle:ADVANCE_PLASMA_WEAPONRY,ADVANCE_PLASMA_WEAPONRY
prereq,cradle:ADVANCE_PLUMBING,ADVANCE_PLUMBING
unit,cradle:ADVANCE_PLUMBING,ADVANCE_PLUMBING
prereq,cradle:ADVANCE_POLAR_TERRAFORMING,ADVANCE_POLAR_TERRAFORMING
unit,cradle:ADVANCE_POLAR_TERRAFORMING,ADVANCE_POLAR_TERRAFORMING
prereq,cradle:ADVANCE_POLYTHEISM,ADVANCE_POLYTHEISM
unit,cradle:ADVANCE_POLYTHEISM,ADVANCE_POLYTHEISM
prereq,cradle:ADVANCE_POTTERY,ADVANCE_POTTERY
unit,cradle:ADVANCE_POTTERY,ADVANCE_POTTERY
prereq,cradle:ADVANCE_PRINTING_PRESS,ADVANCE_PRINTING_PRESS
unit,cradle:ADVANCE_PRINTING_PRESS,ADVANCE_PRINTING_PRESS
prereq,cradle:ADVANCE_PROJECTILE_WEAPONS,ADVANCE_PROJECTILE_WEAPONS
unit,cradle:ADVANCE_PROJECTILE_WEAPONS,ADVANCE_PROJECTILE_WEAPONS
prereq,cradle:ADVANCE_QUANTUM_MECHANICS,ADVANCE_QUANTUM_PHYSICS
unit,cradle:ADVANCE_QUANTUM_MECHANICS,ADVANCE_QUANTUM_PHYSICS
prereq,cradle:ADVANCE_RADAR,ADVANCE_RADAR
unit,cradle:ADVANCE_RADAR,ADVANCE_RADAR
prereq,cradle:ADVANCE_RADIO_NAVIGATION,ADVANCE_RADIO_NAVIGATION
unit,cradle:ADVANCE_RADIO_NAVIGATION,ADVANCE_RADIO_NAVIGATION
prereq,cradle:ADVANCE_RAILROAD,ADVANCE_RAILROAD
unit,cradle:ADVANCE_RAILROAD,ADVANCE_RAILROAD
prereq,cradle:ADVANCE_RELIGION,ADVANCE_RELIGION
unit,cradle:ADVANCE_RELIGION,ADVANCE_RELIGION
prereq,cradle:ADVANCE_RENAISSANCE,ADVANCE_RENAISSANCE
unit,cradle:ADVANCE_RENAISSANCE,ADVANCE_RENAISSANCE
prereq,cradle:ADVANCE_REPUBLIC,ADVANCE_REPUBLIC
unit,cradle:ADVANCE_REPUBLIC,ADVANCE_REPUBLIC
prereq,cradle:ADVANCE_ROBOTICS,ADVANCE_ROBOTICS
unit,cradle:ADVANCE_ROBOTICS,ADVANCE_ROBOTICS
prereq,cradle:ADVANCE_SAILS,ADVANCE_SAILS
unit,cradle:ADVANCE_SAILS,ADVANCE_SAILS
prereq,cradle:ADVANCE_SHIP_BUILDING,ADVANCE_SHIPBUILDING
unit,cradle:ADVANCE_SHIP_BUILDING,ADVANCE_SHIPBUILDING
prereq,cradle:ADVANCE_SIEGE_WEAPONS,ADVANCE_SIEGE_WEAPONS
unit,cradle:ADVANCE_SIEGE_WEAPONS,ADVANCE_SIEGE_WEAPONS
prereq,cradle:ADVANCE_SLAVE_LABOR,ADVANCE_SLAVE_LABOR
unit,cradle:ADVANCE_SLAVE_LABOR,ADVANCE_SLAVE_LABOR
prereq,cradle:ADVANCE_SMART_MATERIALS,ADVANCE_SMART_MATERIALS
unit,cradle:ADVANCE_SMART_MATERIALS,ADVANCE_SMART_MATERIALS
prereq,cradle:ADVANCE_SPACE_FLIGHT,ADVANCE_SPACE_FLIGHT
unit,cradle:ADVANCE_SPACE_FLIGHT,ADVANCE_SPACE_FLIGHT
prereq,cradle:ADVANCE_STEALTH_TECHNOLOGY,ADVANCE_STEALTH_TECHNOLOGY
unit,cradle:ADVANCE_STEALTH_TECHNOLOGY,ADVANCE_STEALTH_TECHNOLOGY
prereq,cradle:ADVANCE_STIRRUP,ADVANCE_STIRRUP
unit,cradle:ADVANCE_STIRRUP,ADVANCE_STIRRUP
prereq,cradle:ADVANCE_STONE_WORKING,ADVANCE_STONE_WORKING
unit,cradle:ADVANCE_STONE_WORKING,ADVANCE_STONE_WORKING
prereq,cradle:ADVANCE_SUBNEURAL_ADS,ADVANCE_RATIONAL_THOUGHT
unit,cradle:ADVANCE_SUBNEURAL_ADS,ADVANCE_RATIONAL_THOUGHT
prereq,cradle:ADVANCE_SUPERSONIC_FLIGHT,ADVANCE_SUPERSONIC_FLIGHT
unit,cradle:ADVANCE_SUPERSONIC_FLIGHT,ADVANCE_SUPERSONIC_FLIGHT
prereq,cradle:ADVANCE_TANK_WARFARE,ADVANCE_TANK_WARFARE
unit,cradle:ADVANCE_TANK_WARFARE,ADVANCE_TANK_WARFARE
prereq,cradle:ADVANCE_TECHNOCRACY,ADVANCE_TECHNOCRACY
unit,cradle:ADVANCE_TECHNOCRACY,ADVANCE_TECHNOCRACY
prereq,cradle:ADVANCE_THEOLOGY,ADVANCE_THEOLOGY
unit,cradle:ADVANCE_THEOLOGY,ADVANCE_THEOLOGY
prereq,cradle:ADVANCE_TOOLMAKING,ADVANCE_TOOLMAKING
unit,cradle:ADVANCE_TOOLMAKING,ADVANCE_TOOLMAKING
prereq,cradle:ADVANCE_TRADE,ADVANCE_TRADE
unit,cradle:ADVANCE_TRADE,ADVANCE_TRADE
prereq,cradle:ADVANCE_TRADE_GUILDS,ADVANCE_TRADE_GUILDS
unit,cradle:ADVANCE_TRADE_GUILDS,ADVANCE_TRADE_GUILDS
prereq,cradle:ADVANCE_TRIBUNAL_EMPIRE,ADVANCE_TRIBUNAL_EMPIRE
unit,cradle:ADVANCE_TRIBUNAL_EMPIRE,ADVANCE_TRIBUNAL_EMPIRE
prereq,cradle:ADVANCE_ULTRAPRESSURE_MACHINERY,ADVANCE_ULTRAPRESSURE_MACHINES
unit,cradle:ADVANCE_ULTRAPRESSURE_MACHINERY,ADVANCE_ULTRAPRESSURE_MACHINES
prereq,cradle:ADVANCE_UNDERSEA_CONSTRUCTION,ADVANCE_UNDERSEA_CONSTRUCTION
unit,cradle:ADVANCE_UNDERSEA_CONSTRUCTION,ADVANCE_UNDERSEA_CONSTRUCTION
prereq,cradle:ADVANCE_UNIFIED_PHYSICS,ADVANCE_UNIFIED_PHYSICS
unit,cradle:ADVANCE_UNIFIED_PHYSICS,ADVANCE_UNIFIED_PHYSICS
prereq,cradle:ADVANCE_VERNACULAR_PROSE,ADVANCE_VERNACULAR_PROSE
unit,cradle:ADVANCE_VERNACULAR_PROSE,ADVANCE_VERNACULAR_PROSE
prereq,cradle:ADVANCE_VERTICAL_FLIGHT_AIRCRAFT,ADVANCE_VERTICAL_FLIGHT_AIRCRAFT
unit,cradle:ADVANCE_VERTICAL_FLIGHT_AIRCRAFT,ADVANCE_VERTICAL_FLIGHT_AIRCRAFT
prereq,cradle:ADVANCE_VIRTUAL_DEMOCRACY,ADVANCE_VIRTUAL_DEMOCRACY
unit,cradle:ADVANCE_VIRTUAL_DEMOCRACY,ADVANCE_VIRTUAL_DEMOCRACY
prereq,cradle:ADVANCE_WATER_LIFTS,ADVANCE_WATER_LIFTS
unit,cradle:ADVANCE_WATER_LIFTS,ADVANCE_WATER_LIFTS
prereq,cradle:ADVANCE_WHEEL,ADVANCE_WHEEL
unit,cradle:ADVANCE_WHEEL,ADVANCE_WHEEL
prereq,cradle:ADVANCE_WRITING,ADVANCE_WRITING
unit,cradle:ADVANCE_WRITING,ADVANCE_WRITING
prereq,cradle:ADVANCE_Z_SARGON,ADVANCE_HOUSE_OF_SARGON
unit,cradle:ADVANCE_Z_SARGON,ADVANCE_HOUSE_OF_SARGON
prereq,cradle:ADVANCE_Z_ALEXANDER,ADVANCE_HOUSE_OF_ALEXANDER
unit,cradle:ADVANCE_Z_ALEXANDER,ADVANCE_HOUSE_OF_ALEXANDER
prereq,cradle:ADVANCE_Z_HANNIBAL,ADVANCE_HOUSE_OF_HANNIBAL
unit,cradle:ADVANCE_Z_HANNIBAL,ADVANCE_HOUSE_OF_HANNIBAL
prereq,cradle:ADVANCE_Z_CAESAR,ADVANCE_HOUSE_OF_JULIUS_CAESAR
unit,cradle:ADVANCE_Z_CAESAR,ADVANCE_HOUSE_OF_JULIUS_CAESAR
prereq,cradle:ADVANCE_HEXTAPUL,ADVANCE_HEXTAPUL
unit,cradle:ADVANCE_HEXTAPUL,ADVANCE_HEXTAPUL
prereq,aom:ADVANCE_ADV_INFANTRY_TACTICS,ADVANCE_ADV_INFANTRY_TACTICS
unit,aom:ADVANCE_ADV_INFANTRY_TACTICS,ADVANCE_ADV_INFANTRY_TACTICS
prereq,aom:ADVANCE_ADV_NAVAL_TACTICS,ADVANCE_ADV_NAVAL_TACTICS
unit,aom:ADVANCE_ADV_NAVAL_TACTICS,ADVANCE_ADV_NAVAL_TACTICS
prereq,aom:ADVANCE_ADV_URBAN_PLANNING,ADVANCE_ADV_URBAN_PLANNING
unit,aom:ADVANCE_ADV_URBAN_PLANNING,ADVANCE_ADV_URBAN_PLANNING
prereq,aom:ADVANCE_ADVANCED_COMPOSITES,ADVANCE_ADVANCED_COMPOSITES
unit,aom:ADVANCE_ADVANCED_COMPOSITES,ADVANCE_ADVANCED_COMPOSITES
prereq,aom:ADVANCE_AERODYNAMICS,ADVANCE_AERODYNAMICS
unit,aom:ADVANCE_AERODYNAMICS,ADVANCE_AERODYNAMICS
prereq,aom:ADVANCE_AGE_OF_REASON,ADVANCE_AGE_OF_REASON
unit,aom:ADVANCE_AGE_OF_REASON,ADVANCE_AGE_OF_REASON
prereq,aom:ADVANCE_AGRICULTURAL_REVOLUTION,ADVANCE_AGRICULTURAL_REVOLUTION
unit,aom:ADVANCE_AGRICULTURAL_REVOLUTION,ADVANCE_AGRICULTURAL_REVOLUTION
prereq,aom:ADVANCE_AGRICULTURE,ADVANCE_AGRICULTURE
unit,aom:ADVANCE_AGRICULTURE,ADVANCE_AGRICULTURE
prereq,aom:ADVANCE_AI_SURVEILLANCE,ADVANCE_AI_SURVEILLANCE
unit,aom:ADVANCE_AI_SURVEILLANCE,ADVANCE_AI_SURVEILLANCE
prereq,aom:ADVANCE_ALCHEMY,ADVANCE_ALCHEMY
unit,aom:ADVANCE_ALCHEMY,ADVANCE_ALCHEMY
prereq,aom:ADVANCE_ARCOLOGIES,ADVANCE_ARCOLOGIES
unit,aom:ADVANCE_ARCOLOGIES,ADVANCE_ARCOLOGIES
prereq,aom:ADVANCE_BALLISTICS,ADVANCE_BALLISTICS
unit,aom:ADVANCE_BALLISTICS,ADVANCE_BALLISTICS
prereq,aom:ADVANCE_BANKING,ADVANCE_BANKING
unit,aom:ADVANCE_BANKING,ADVANCE_BANKING
prereq,aom:ADVANCE_BRONZE_WORKING,ADVANCE_BRONZE_WORKING
unit,aom:ADVANCE_BRONZE_WORKING,ADVANCE_BRONZE_WORKING
prereq,aom:ADVANCE_BUREAUCRACY,ADVANCE_BUREAUCRACY
unit,aom:ADVANCE_BUREAUCRACY,ADVANCE_BUREAUCRACY
prereq,aom:ADVANCE_CANNON_MAKING,ADVANCE_CANNON_MAKING
unit,aom:ADVANCE_CANNON_MAKING,ADVANCE_CANNON_MAKING
prereq,aom:ADVANCE_CAVALRY_TACTICS,ADVANCE_CAVALRY_TACTICS
unit,aom:ADVANCE_CAVALRY_TACTICS,ADVANCE_CAVALRY_TACTICS
prereq,aom:ADVANCE_CHAOS_THEORY,ADVANCE_CHAOS_THEORY
unit,aom:ADVANCE_CHAOS_THEORY,ADVANCE_CHAOS_THEORY
prereq,aom:ADVANCE_CHEMISTRY,ADVANCE_CHEMISTRY
unit,aom:ADVANCE_CHEMISTRY,ADVANCE_CHEMISTRY
prereq,aom:ADVANCE_CLASSICAL_EDUCATION,ADVANCE_CLASSICAL_EDUCATION
unit,aom:ADVANCE_CLASSICAL_EDUCATION,ADVANCE_CLASSICAL_EDUCATION
prereq,aom:ADVANCE_COMMUNISM,ADVANCE_COMMUNISM
unit,aom:ADVANCE_COMMUNISM,ADVANCE_COMMUNISM
prereq,aom:ADVANCE_COMPUTER,ADVANCE_COMPUTER
unit,aom:ADVANCE_COMPUTER,ADVANCE_COMPUTER
prereq,aom:ADVANCE_CONCRETE,ADVANCE_CONCRETE
unit,aom:ADVANCE_CONCRETE,ADVANCE_CONCRETE
prereq,aom:ADVANCE_CONSERVATION,ADVANCE_CONSERVATION
unit,aom:ADVANCE_CONSERVATION,ADVANCE_CONSERVATION
prereq,aom:ADVANCE_CORPORATE_REPUBLIC,ADVANCE_CORPORATE_REPUBLIC
unit,aom:ADVANCE_CORPORATE_REPUBLIC,ADVANCE_CORPORATE_REPUBLIC
prereq,aom:ADVANCE_CORPORATION,ADVANCE_CORPORATION
unit,aom:ADVANCE_CORPORATION,ADVANCE_CORPORATION
prereq,aom:ADVANCE_CRIMINAL_CODE,ADVANCE_CRIMINAL_CODE
unit,aom:ADVANCE_CRIMINAL_CODE,ADVANCE_CRIMINAL_CODE
prereq,aom:ADVANCE_CYBERNETICS,ADVANCE_CYBERNETICS
unit,aom:ADVANCE_CYBERNETICS,ADVANCE_CYBERNETICS
prereq,aom:ADVANCE_DEMOCRACY,ADVANCE_DEMOCRACY
unit,aom:ADVANCE_DEMOCRACY,ADVANCE_DEMOCRACY
prereq,aom:ADVANCE_DIGITAL_ENCRYPTION,ADVANCE_DIGITAL_ENCRYPTION
unit,aom:ADVANCE_DIGITAL_ENCRYPTION,ADVANCE_DIGITAL_ENCRYPTION
prereq,aom:ADVANCE_DRAMA,ADVANCE_DRAMA
unit,aom:ADVANCE_DRAMA,ADVANCE_DRAMA
prereq,aom:ADVANCE_ECONOMICS,ADVANCE_ECONOMICS
unit,aom:ADVANCE_ECONOMICS,ADVANCE_ECONOMICS
prereq,aom:ADVANCE_ECOTOPIA,ADVANCE_ECOTOPIA
unit,aom:ADVANCE_ECOTOPIA,ADVANCE_ECOTOPIA
prereq,aom:ADVANCE_ELECTRICITY,ADVANCE_ELECTRICITY
unit,aom:ADVANCE_ELECTRICITY,ADVANCE_ELECTRICITY
prereq,aom:ADVANCE_EUGENICS,ADVANCE_GENE_THERAPY
unit,aom:ADVANCE_EUGENICS,ADVANCE_GENE_THERAPY
prereq,aom:ADVANCE_EXPLOSIVES,ADVANCE_EXPLOSIVES
unit,aom:ADVANCE_EXPLOSIVES,ADVANCE_EXPLOSIVES
prereq,aom:ADVANCE_FASCISM,ADVANCE_FASCISM
unit,aom:ADVANCE_FASCISM,ADVANCE_FASCISM
prereq,aom:ADVANCE_FEUDALISM,ADVANCE_FEUDALISM
unit,aom:ADVANCE_FEUDALISM,ADVANCE_FEUDALISM
prereq,aom:ADVANCE_FUEL_CELLS,ADVANCE_FUEL_CELLS
unit,aom:ADVANCE_FUEL_CELLS,ADVANCE_FUEL_CELLS
prereq,aom:ADVANCE_FUSION,ADVANCE_FUSION
unit,aom:ADVANCE_FUSION,ADVANCE_FUSION
prereq,aom:ADVANCE_GAIA_CONTROLLER,ADVANCE_GAIA_CONTROLLER
unit,aom:ADVANCE_GAIA_CONTROLLER,ADVANCE_GAIA_CONTROLLER
prereq,aom:ADVANCE_GAIA_THEORY,ADVANCE_GAIA_THEORY
unit,aom:ADVANCE_GAIA_THEORY,ADVANCE_GAIA_THEORY
prereq,aom:ADVANCE_GENETIC_TAILORING,ADVANCE_GENETIC_TAILORING
unit,aom:ADVANCE_GENETIC_TAILORING,ADVANCE_GENETIC_TAILORING
prereq,aom:ADVANCE_GENETICS,ADVANCE_GENETICS
unit,aom:ADVANCE_GENETICS,ADVANCE_GENETICS
prereq,aom:ADVANCE_GEOMETRY,ADVANCE_GEOMETRY
unit,aom:ADVANCE_GEOMETRY,ADVANCE_GEOMETRY
prereq,aom:ADVANCE_GLOBAL_COMMUNICATIONS,ADVANCE_GLOBAL_COMMUNICATIONS
unit,aom:ADVANCE_GLOBAL_COMMUNICATIONS,ADVANCE_GLOBAL_COMMUNICATIONS
prereq,aom:ADVANCE_GLOBAL_DEFENSE,ADVANCE_GLOBAL_DEFENSE
unit,aom:ADVANCE_GLOBAL_DEFENSE,ADVANCE_GLOBAL_DEFENSE
prereq,aom:ADVANCE_GLOBAL_ECONOMICS,ADVANCE_GLOBAL_ECONOMICS
unit,aom:ADVANCE_GLOBAL_ECONOMICS,ADVANCE_GLOBAL_ECONOMICS
prereq,aom:ADVANCE_GUIDED_WEAPON_SYSTEMS,ADVANCE_GUIDED_WEAPON_SYSTEMS
unit,aom:ADVANCE_GUIDED_WEAPON_SYSTEMS,ADVANCE_GUIDED_WEAPON_SYSTEMS
prereq,aom:ADVANCE_GUNPOWDER,ADVANCE_GUNPOWDER
unit,aom:ADVANCE_GUNPOWDER,ADVANCE_GUNPOWDER
prereq,aom:ADVANCE_HORSE_RIDING,ADVANCE_HORSE_RIDING
unit,aom:ADVANCE_HORSE_RIDING,ADVANCE_HORSE_RIDING
prereq,aom:ADVANCE_HT_SUPERCONDUCTOR,ADVANCE_SUPERCONDUCTOR
unit,aom:ADVANCE_HT_SUPERCONDUCTOR,ADVANCE_SUPERCONDUCTOR
prereq,aom:ADVANCE_HULL_MAKING,ADVANCE_HULLMAKING
unit,aom:ADVANCE_HULL_MAKING,ADVANCE_HULLMAKING
prereq,aom:ADVANCE_HUMAN_CLONING,ADVANCE_HUMAN_CLONING
unit,aom:ADVANCE_HUMAN_CLONING,ADVANCE_HUMAN_CLONING
prereq,aom:ADVANCE_INDUSTRIAL_REVOLUTION,ADVANCE_INDUSTRIAL_REVOLUTION
unit,aom:ADVANCE_INDUSTRIAL_REVOLUTION,ADVANCE_INDUSTRIAL_REVOLUTION
prereq,aom:ADVANCE_INTERNAL_COMBUSTION,ADVANCE_INTERNAL_COMBUSTION
unit,aom:ADVANCE_INTERNAL_COMBUSTION,ADVANCE_INTERNAL_COMBUSTION
prereq,aom:ADVANCE_IRON_WORKING,ADVANCE_IRON_WORKING
unit,aom:ADVANCE_IRON_WORKING,ADVANCE_IRON_WORKING
prereq,aom:ADVANCE_JET_PROPULSION,ADVANCE_JET_PROPULSION
unit,aom:ADVANCE_JET_PROPULSION,ADVANCE_JET_PROPULSION
prereq,aom:ADVANCE_JURISPRUDENCE,ADVANCE_JURISPRUDENCE
unit,aom:ADVANCE_JURISPRUDENCE,ADVANCE_JURISPRUDENCE
prereq,aom:ADVANCE_LIFE_EXTENSION,ADVANCE_LIFE_EXTENSION
unit,aom:ADVANCE_LIFE_EXTENSION,ADVANCE_LIFE_EXTENSION
prereq,aom:ADVANCE_LIQUID_BREATHING_APPARATUS,ADVANCE_FLUID_BREATHING
unit,aom:ADVANCE_LIQUID_BREATHING_APPARATUS,ADVANCE_FLUID_BREATHING
prereq,aom:ADVANCE_MASONRY,ADVANCE_MASONRY
unit,aom:ADVANCE_MASONRY,ADVANCE_MASONRY
prereq,aom:ADVANCE_MASS_MEDIA,ADVANCE_MASS_MEDIA
unit,aom:ADVANCE_MASS_MEDIA,ADVANCE_MASS_MEDIA
prereq,aom:ADVANCE_MASS_PRODUCTION,ADVANCE_MASS_PRODUCTION
unit,aom:ADVANCE_MASS_PRODUCTION,ADVANCE_MASS_PRODUCTION
prereq,aom:ADVANCE_MASS_TRANSIT,ADVANCE_MASS_TRANSIT
unit,aom:ADVANCE_MASS_TRANSIT,ADVANCE_MASS_TRANSIT
prereq,aom:ADVANCE_MEDICINE,ADVANCE_MODERN_MEDICINE
unit,aom:ADVANCE_MEDICINE,ADVANCE_MODERN_MEDICINE
prereq,aom:ADVANCE_MODERN_METALLURGY,ADVANCE_MODERN_METALLURGY
unit,aom:ADVANCE_MODERN_METALLURGY,ADVANCE_MODERN_METALLURGY
prereq,aom:ADVANCE_MONARCHY,ADVANCE_MONARCHY
unit,aom:ADVANCE_MONARCHY,ADVANCE_MONARCHY
prereq,aom:ADVANCE_NANO_ASSEMBLY,ADVANCE_NANO_ASSEMBLY
unit,aom:ADVANCE_NANO_ASSEMBLY,ADVANCE_NANO_ASSEMBLY
prereq,aom:ADVANCE_NANO_MACHINES,ADVANCE_NANO_MACHINES
unit,aom:ADVANCE_NANO_MACHINES,ADVANCE_NANO_MACHINES
prereq,aom:ADVANCE_NANO_WARFARE,ADVANCE_NANO_WARFARE
unit,aom:ADVANCE_NANO_WARFARE,ADVANCE_NANO_WARFARE
prereq,aom:ADVANCE_NATIONALISM,ADVANCE_NATIONALISM
unit,aom:ADVANCE_NATIONALISM,ADVANCE_NATIONALISM
prereq,aom:ADVANCE_NAVAL_AVIATION,ADVANCE_NAVAL_AVIATION
unit,aom:ADVANCE_NAVAL_AVIATION,ADVANCE_NAVAL_AVIATION
prereq,aom:ADVANCE_NAVAL_TACTICS,ADVANCE_NAVAL_TACTICS
unit,aom:ADVANCE_NAVAL_TACTICS,ADVANCE_NAVAL_TACTICS
prereq,aom:ADVANCE_NEURAL_INTERFACE,ADVANCE_NEURAL_INTERFACE
unit,aom:ADVANCE_NEURAL_INTERFACE,ADVANCE_NEURAL_INTERFACE
prereq,aom:ADVANCE_NEURAL_REPROGRAMMING,ADVANCE_NEURAL_REPROGRAMMING
unit,aom:ADVANCE_NEURAL_REPROGRAMMING,ADVANCE_NEURAL_REPROGRAMMING
prereq,aom:ADVANCE_NUCLEAR_POWER,ADVANCE_NUCLEAR_POWER
unit,aom:ADVANCE_NUCLEAR_POWER,ADVANCE_NUCLEAR_POWER
prereq,aom:ADVANCE_OCEAN_FARING,ADVANCE_OCEAN_FARING
unit,aom:ADVANCE_OCEAN_FARING,ADVANCE_OCEAN_FARING
prereq,aom:ADVANCE_OIL_REFINING,ADVANCE_OIL_REFINING
unit,aom:ADVANCE_OIL_REFINING,ADVANCE_OIL_REFINING
prereq,aom:ADVANCE_OPTICS,ADVANCE_OPTICS
unit,aom:ADVANCE_OPTICS,ADVANCE_OPTICS
prereq,aom:ADVANCE_PHARMACEUTICALS,ADVANCE_PHARMACEUTICALS
unit,aom:ADVANCE_PHARMACEUTICALS,ADVANCE_PHARMACEUTICALS
prereq,aom:ADVANCE_PHILOSOPHY,ADVANCE_PHILOSOPHY
unit,aom:ADVANCE_PHILOSOPHY,ADVANCE_PHILOSOPHY
prereq,aom:ADVANCE_PHYSICS,ADVANCE_PHYSICS
unit,aom:ADVANCE_PHYSICS,ADVANCE_PHYSICS
prereq,aom:ADVANCE_PLASMA_WEAPONRY,ADVANCE_PLASMA_WEAPONRY
unit,aom:ADVANCE_PLASMA_WEAPONRY,ADVANCE_PLASMA_WEAPONRY
prereq,aom:ADVANCE_PRINTING_PRESS,ADVANCE_PRINTING_PRESS
unit,aom:ADVANCE_PRINTING_PRESS,ADVANCE_PRINTING_PRESS
prereq,aom:ADVANCE_QUANTUM_MECHANICS,ADVANCE_QUANTUM_PHYSICS
unit,aom:ADVANCE_QUANTUM_MECHANICS,ADVANCE_QUANTUM_PHYSICS
prereq,aom:ADVANCE_RADAR,ADVANCE_RADAR
unit,aom:ADVANCE_RADAR,ADVANCE_RADAR
prereq,aom:ADVANCE_RAILROAD,ADVANCE_RAILROAD
unit,aom:ADVANCE_RAILROAD,ADVANCE_RAILROAD
prereq,aom:ADVANCE_RELIGION,ADVANCE_RELIGION
unit,aom:ADVANCE_RELIGION,ADVANCE_RELIGION
prereq,aom:ADVANCE_ROBOTICS,ADVANCE_ROBOTICS
unit,aom:ADVANCE_ROBOTICS,ADVANCE_ROBOTICS
prereq,aom:ADVANCE_SHIP_BUILDING,ADVANCE_SHIPBUILDING
unit,aom:ADVANCE_SHIP_BUILDING,ADVANCE_SHIPBUILDING
prereq,aom:ADVANCE_SLAVE_LABOR,ADVANCE_SLAVE_LABOR
unit,aom:ADVANCE_SLAVE_LABOR,ADVANCE_SLAVE_LABOR
prereq,aom:ADVANCE_SMART_MATERIALS,ADVANCE_SMART_MATERIALS
unit,aom:ADVANCE_SMART_MATERIALS,ADVANCE_SMART_MATERIALS
prereq,aom:ADVANCE_SPACE_FLIGHT,ADVANCE_SPACE_FLIGHT
unit,aom:ADVANCE_SPACE_FLIGHT,ADVANCE_SPACE_FLIGHT
prereq,aom:ADVANCE_STONE_WORKING,ADVANCE_STONE_WORKING
unit,aom:ADVANCE_STONE_WORKING,ADVANCE_STONE_WORKING
prereq,aom:ADVANCE_SUBNEURAL_ADS,ADVANCE_SUBNEURAL_AD
unit,aom:ADVANCE_SUBNEURAL_ADS,ADVANCE_SUBNEURAL_AD
prereq,aom:ADVANCE_SUPERSONIC_FLIGHT,ADVANCE_SUPERSONIC_FLIGHT
unit,aom:ADVANCE_SUPERSONIC_FLIGHT,ADVANCE_SUPERSONIC_FLIGHT
prereq,aom:ADVANCE_TANK_WARFARE,ADVANCE_TANK_WARFARE
unit,aom:ADVANCE_TANK_WARFARE,ADVANCE_TANK_WARFARE
prereq,aom:ADVANCE_TECHNOCRACY,ADVANCE_TECHNOCRACY
unit,aom:ADVANCE_TECHNOCRACY,ADVANCE_TECHNOCRACY
prereq,aom:ADVANCE_THEOLOGY,ADVANCE_THEOLOGY
unit,aom:ADVANCE_THEOLOGY,ADVANCE_THEOLOGY
prereq,aom:ADVANCE_TOOLMAKING,ADVANCE_TOOLMAKING
unit,aom:ADVANCE_TOOLMAKING,ADVANCE_TOOLMAKING
prereq,aom:ADVANCE_TRADE,ADVANCE_TRADE
unit,aom:ADVANCE_TRADE,ADVANCE_TRADE
prereq,aom:ADVANCE_ULTRAPRESSURE_MACHINERY,ADVANCE_ULTRAPRESSURE_MACHINES
unit,aom:ADVANCE_ULTRAPRESSURE_MACHINERY,ADVANCE_ULTRAPRESSURE_MACHINES
prereq,aom:ADVANCE_UNIFIED_PHYSICS,ADVANCE_UNIFIED_PHYSICS
unit,aom:ADVANCE_UNIFIED_PHYSICS,ADVANCE_UNIFIED_PHYSICS
prereq,aom:ADVANCE_VERTICAL_FLIGHT_AIRCRAFT,ADVANCE_VERTICAL_FLIGHT_AIRCRAFT
unit,aom:ADVANCE_VERTICAL_FLIGHT_AIRCRAFT,ADVANCE_VERTICAL_FLIGHT_AIRCRAFT
prereq,aom:ADVANCE_VIRTUAL_DEMOCRACY,ADVANCE_VIRTUAL_DEMOCRACY
unit,aom:ADVANCE_VIRTUAL_DEMOCRACY,ADVANCE_VIRTUAL_DEMOCRACY
prereq,aom:ADVANCE_WRITING,ADVANCE_WRITING
unit,aom:ADVANCE_WRITING,ADVANCE_WRITING
prereq,aom:ADVANCE_ANIMAL_HUSBANDRY,ADVANCE_ANIMAL_HUSBANDRY
unit,aom:ADVANCE_ANIMAL_HUSBANDRY,ADVANCE_ANIMAL_HUSBANDRY
prereq,aom:ADVANCE_APPLIED_MATH,ADVANCE_APPLIED_MATH
unit,aom:ADVANCE_APPLIED_MATH,ADVANCE_APPLIED_MATH
prereq,aom:ADVANCE_AQUEDUCTS,ADVANCE_AQUEDUCTS
unit,aom:ADVANCE_AQUEDUCTS,ADVANCE_AQUEDUCTS
prereq,aom:ADVANCE_ARCHERY,ADVANCE_ARCHERY
unit,aom:ADVANCE_ARCHERY,ADVANCE_ARCHERY
prereq,aom:ADVANCE_ARCHITECTURE,ADVANCE_ARCHITECTURE
unit,aom:ADVANCE_ARCHITECTURE,ADVANCE_ARCHITECTURE
prereq,aom:ADVANCE_ARISTOCRACY,ADVANCE_ARISTOCRACY
unit,aom:ADVANCE_ARISTOCRACY,ADVANCE_ARISTOCRACY
prereq,aom:ADVANCE_ARTILLERY_ARMY,ADVANCE_ARTILLERY_ARMY
unit,aom:ADVANCE_ARTILLERY_ARMY,ADVANCE_ARTILLERY_ARMY
prereq,aom:ADVANCE_ASTROLABE,ADVANCE_ASTROLABE
unit,aom:ADVANCE_ASTROLABE,ADVANCE_ASTROLABE
prereq,aom:ADVANCE_ASTRONOMY,ADVANCE_ASTRONOMY
unit,aom:ADVANCE_ASTRONOMY,ADVANCE_ASTRONOMY
prereq,aom:ADVANCE_BALLISTA_TOWERS,ADVANCE_BALLISTA_TOWERS
unit,aom:ADVANCE_BALLISTA_TOWERS,ADVANCE_BALLISTA_TOWERS
prereq,aom:ADVANCE_BARRACKS,ADVANCE_BARRACKS
unit,aom:ADVANCE_BARRACKS,ADVANCE_BARRACKS
prereq,aom:ADVANCE_BLACK_SMITH,ADVANCE_BLACK_SMITH
unit,aom:ADVANCE_BLACK_SMITH,ADVANCE_BLACK_SMITH
prereq,aom:ADVANCE_BLITZKRIEG,ADVANCE_BLITZKRIEG
unit,aom:ADVANCE_BLITZKRIEG,ADVANCE_BLITZKRIEG
prereq,aom:ADVANCE_BOMBER_COMMAND,ADVANCE_BOMBER_COMMAND
unit,aom:ADVANCE_BOMBER_COMMAND,ADVANCE_BOMBER_COMMAND
prereq,aom:ADVANCE_BRICK_MAKING,ADVANCE_BRICK_MAKING
unit,aom:ADVANCE_BRICK_MAKING,ADVANCE_BRICK_MAKING
prereq,aom:ADVANCE_CALIPHATE,ADVANCE_CALIPHATE
unit,aom:ADVANCE_CALIPHATE,ADVANCE_CALIPHATE
prereq,aom:ADVANCE_CEREMONIAL_BURIAL,ADVANCE_CEREMONIAL_BURIAL
unit,aom:ADVANCE_CEREMONIAL_BURIAL,ADVANCE_CEREMONIAL_BURIAL
prereq,aom:ADVANCE_CHAIN_MAIL,ADVANCE_CHAIN_MAIL
unit,aom:ADVANCE_CHAIN_MAIL,ADVANCE_CHAIN_MAIL
prereq,aom:ADVANCE_CHARIOTS,ADVANCE_CHARIOTS
unit,aom:ADVANCE_CHARIOTS,ADVANCE_CHARIOTS
prereq,aom:ADVANCE_CHIVALRY,ADVANCE_CHIVALRY
unit,aom:ADVANCE_CHIVALRY,ADVANCE_CHIVALRY
prereq,aom:ADVANCE_CHRISTIANITY,ADVANCE_CHRISTIANITY
unit,aom:ADVANCE_CHRISTIANITY,ADVANCE_CHRISTIANITY
prereq,aom:ADVANCE_CHRONOMETER,ADVANCE_CHRONOMETER
unit,aom:ADVANCE_CHRONOMETER,ADVANCE_CHRONOMETER
prereq,aom:ADVANCE_CITIZENSHIP,ADVANCE_CITIZENSHIP
unit,aom:ADVANCE_CITIZENSHIP,ADVANCE_CITIZENSHIP
prereq,aom:ADVANCE_CITY_STATE,ADVANCE_CITY_STATE
unit,aom:ADVANCE_CITY_STATE,ADVANCE_CITY_STATE
prereq,aom:ADVANCE_CIVIC_ENGINEERING,ADVANCE_CIVIC_ENGINEERING
unit,aom:ADVANCE_CIVIC_ENGINEERING,ADVANCE_CIVIC_ENGINEERING
prereq,aom:ADVANCE_COMPASS,ADVANCE_COMPASS
unit,aom:ADVANCE_COMPASS,ADVANCE_COMPASS
prereq,aom:ADVANCE_COMPOSITE_BOW,ADVANCE_COMPOSITE_BOW
unit,aom:ADVANCE_COMPOSITE_BOW,ADVANCE_COMPOSITE_BOW
prereq,aom:ADVANCE_COPPER_SMELTING,ADVANCE_COPPER_SMELTING
unit,aom:ADVANCE_COPPER_SMELTING,ADVANCE_COPPER_SMELTING
prereq,aom:ADVANCE_COSMOLOGY,ADVANCE_COSMOLOGY
unit,aom:ADVANCE_COSMOLOGY,ADVANCE_COSMOLOGY
prereq,aom:ADVANCE_CROSSBOW,ADVANCE_CROSSBOW
unit,aom:ADVANCE_CROSSBOW,ADVANCE_CROSSBOW
prereq,aom:ADVANCE_CURRENCY,ADVANCE_CURRENCY
unit,aom:ADVANCE_CURRENCY,ADVANCE_CURRENCY
prereq,aom:ADVANCE_DARK_AGES,ADVANCE_DARK_AGES
unit,aom:ADVANCE_DARK_AGES,ADVANCE_DARK_AGES
prereq,aom:ADVANCE_DIAGONAL_BRACE,ADVANCE_DIAGONAL_BRACE
unit,aom:ADVANCE_DIAGONAL_BRACE,ADVANCE_DIAGONAL_BRACE
prereq,aom:ADVANCE_DICTATORSHIP,ADVANCE_DICTATORSHIP
unit,aom:ADVANCE_DICTATORSHIP,ADVANCE_DICTATORSHIP
prereq,aom:ADVANCE_DOMESTICATION,ADVANCE_DOMESTICATION
unit,aom:ADVANCE_DOMESTICATION,ADVANCE_DOMESTICATION
prereq,aom:ADVANCE_DYNASTIC_EMPIRE,ADVANCE_DYNASTIC_EMPIRE
unit,aom:ADVANCE_DYNASTIC_EMPIRE,ADVANCE_DYNASTIC_EMPIRE
prereq,aom:ADVANCE_DYNASTY,ADVANCE_DYNASTY
unit,aom:ADVANCE_DYNASTY,ADVANCE_DYNASTY
prereq,aom:ADVANCE_ETHICS,ADVANCE_ETHICS
unit,aom:ADVANCE_ETHICS,ADVANCE_ETHICS
prereq,aom:ADVANCE_FIBRE_OPTICS,ADVANCE_FIBRE_OPTICS
unit,aom:ADVANCE_FIBRE_OPTICS,ADVANCE_FIBRE_OPTICS
prereq,aom:ADVANCE_FLIGHT,ADVANCE_FLIGHT
unit,aom:ADVANCE_FLIGHT,ADVANCE_FLIGHT
prereq,aom:ADVANCE_FLINTLOCK,ADVANCE_FLINTLOCK
unit,aom:ADVANCE_FLINTLOCK,ADVANCE_FLINTLOCK
prereq,aom:ADVANCE_GOTHIC_ARCHITECTURE,ADVANCE_GOTHIC_ARCHITECTURE
unit,aom:ADVANCE_GOTHIC_ARCHITECTURE,ADVANCE_GOTHIC_ARCHITECTURE
prereq,aom:ADVANCE_GRANARIES,ADVANCE_GRANARIES
unit,aom:ADVANCE_GRANARIES,ADVANCE_GRANARIES
prereq,aom:ADVANCE_GREEK_FIRE,ADVANCE_GREEK_FIRE
unit,aom:ADVANCE_GREEK_FIRE,ADVANCE_GREEK_FIRE
prereq,aom:ADVANCE_HERBALISM,ADVANCE_HERBALISM
unit,aom:ADVANCE_HERBALISM,ADVANCE_HERBALISM
prereq,aom:ADVANCE_HIPPOCRATIC_SCHOOL,ADVANCE_HIPPOCRATIC_SCHOOL
unit,aom:ADVANCE_HIPPOCRATIC_SCHOOL,ADVANCE_HIPPOCRATIC_SCHOOL
prereq,aom:ADVANCE_HORSE_ARMOR,ADVANCE_HORSE_ARMOR
unit,aom:ADVANCE_HORSE_ARMOR,ADVANCE_HORSE_ARMOR
prereq,aom:ADVANCE_IRON_CASTING,ADVANCE_IRON_CASTING
unit,aom:ADVANCE_IRON_CASTING,ADVANCE_IRON_CASTING
prereq,aom:ADVANCE_ISLAM,ADVANCE_ISLAM
unit,aom:ADVANCE_ISLAM,ADVANCE_ISLAM
prereq,aom:ADVANCE_JOINERY,ADVANCE_JOINERY
unit,aom:ADVANCE_JOINERY,ADVANCE_JOINERY
prereq,aom:ADVANCE_LIBERALISM,ADVANCE_LIBERALISM
unit,aom:ADVANCE_LIBERALISM,ADVANCE_LIBERALISM
prereq,aom:ADVANCE_LOOM,ADVANCE_LOOM
unit,aom:ADVANCE_LOOM,ADVANCE_LOOM
prereq,aom:ADVANCE_MACHINE_TOOLS,ADVANCE_MACHINE_TOOLS
unit,aom:ADVANCE_MACHINE_TOOLS,ADVANCE_MACHINE_TOOLS
prereq,aom:ADVANCE_MAP_MAKING,ADVANCE_MAP_MAKING
unit,aom:ADVANCE_MAP_MAKING,ADVANCE_MAP_MAKING
prereq,aom:ADVANCE_MECHANICAL_CLOCK,ADVANCE_MECHANICAL_CLOCK
unit,aom:ADVANCE_MECHANICAL_CLOCK,ADVANCE_MECHANICAL_CLOCK
prereq,aom:ADVANCE_METAL_WORKING,ADVANCE_METAL_WORKING
unit,aom:ADVANCE_METAL_WORKING,ADVANCE_METAL_WORKING
prereq,aom:ADVANCE_MIGRATION,ADVANCE_MIGRATION
unit,aom:ADVANCE_MIGRATION,ADVANCE_MIGRATION
prereq,aom:ADVANCE_MILITARY_TRADITION,ADVANCE_MILITARY_TRADITION
unit,aom:ADVANCE_MILITARY_TRADITION,ADVANCE_MILITARY_TRADITION
prereq,aom:ADVANCE_MILLS,ADVANCE_MILLS
unit,aom:ADVANCE_MILLS,ADVANCE_MILLS
prereq,aom:ADVANCE_MINING,ADVANCE_MINING
unit,aom:ADVANCE_MINING,ADVANCE_MINING
prereq,aom:ADVANCE_MOBILE_TACTICS,ADVANCE_MOBILE_TACTICS
unit,aom:ADVANCE_MOBILE_TACTICS,ADVANCE_MOBILE_TACTICS
prereq,aom:ADVANCE_MOBILE_WARFARE,ADVANCE_MOBILE_WARFARE
unit,aom:ADVANCE_MOBILE_WARFARE,ADVANCE_MOBILE_WARFARE
prereq,aom:ADVANCE_MONOTHEISM,ADVANCE_MONOTHEISM
unit,aom:ADVANCE_MONOTHEISM,ADVANCE_MONOTHEISM
prereq,aom:ADVANCE_OLIGARCHY,ADVANCE_OLIGARCHY
unit,aom:ADVANCE_OLIGARCHY,ADVANCE_OLIGARCHY
prereq,aom:ADVANCE_PAPER,ADVANCE_PAPER
unit,aom:ADVANCE_PAPER,ADVANCE_PAPER
prereq,aom:ADVANCE_PERSPECTIVE,ADVANCE_PERSPECTIVE
unit,aom:ADVANCE_PERSPECTIVE,ADVANCE_PERSPECTIVE
prereq,aom:ADVANCE_PLATE_ARMOUR,ADVANCE_PLATE_ARMOUR
unit,aom:ADVANCE_PLATE_ARMOUR,ADVANCE_PLATE_ARMOUR
prereq,aom:ADVANCE_PLOUGH,ADVANCE_PLOUGH
unit,aom:ADVANCE_PLOUGH,ADVANCE_PLOUGH
prereq,aom:ADVANCE_PLUMBING,ADVANCE_PLUMBING
unit,aom:ADVANCE_PLUMBING,ADVANCE_PLUMBING
prereq,aom:ADVANCE_POTTERY,ADVANCE_POTTERY
unit,aom:ADVANCE_POTTERY,ADVANCE_POTTERY
prereq,aom:ADVANCE_PROJECTILE_WEAPONS,ADVANCE_PROJECTILE_WEAPONS
unit,aom:ADVANCE_PROJECTILE_WEAPONS,ADVANCE_PROJECTILE_WEAPONS
prereq,aom:ADVANCE_PYTHAGORAS_THEORUM,ADVANCE_PYTHAGORAS_THEORUM
unit,aom:ADVANCE_PYTHAGORAS_THEORUM,ADVANCE_PYTHAGORAS_THEORUM
prereq,aom:ADVANCE_QUANTUM_COMPUTING,ADVANCE_QUANTUM_COMPUTING
unit,aom:ADVANCE_QUANTUM_COMPUTING,ADVANCE_QUANTUM_COMPUTING
prereq,aom:ADVANCE_REFRIGERATION,ADVANCE_REFRIGERATION
unit,aom:ADVANCE_REFRIGERATION,ADVANCE_REFRIGERATION
prereq,aom:ADVANCE_RENAISSANCE,ADVANCE_RENAISSANCE
unit,aom:ADVANCE_RENAISSANCE,ADVANCE_RENAISSANCE
prereq,aom:ADVANCE_REPLACEABLE_PARTS,ADVANCE_REPLACEABLE_PARTS
unit,aom:ADVANCE_REPLACEABLE_PARTS,ADVANCE_REPLACEABLE_PARTS
prereq,aom:ADVANCE_REPUBLIC,ADVANCE_REPUBLIC
unit,aom:ADVANCE_REPUBLIC,ADVANCE_REPUBLIC
prereq,aom:ADVANCE_SAILS,ADVANCE_SAILS
unit,aom:ADVANCE_SAILS,ADVANCE_SAILS
prereq,aom:ADVANCE_SEAMANSHIP,ADVANCE_SEAMANSHIP
unit,aom:ADVANCE_SEAMANSHIP,ADVANCE_SEAMANSHIP
prereq,aom:ADVANCE_SIEGE_WEAPONS,ADVANCE_SIEGE_WEAPONS
unit,aom:ADVANCE_SIEGE_WEAPONS,ADVANCE_SIEGE_WEAPONS
prereq,aom:ADVANCE_STEAM_POWER,ADVANCE_STEAM_POWER
unit,aom:ADVANCE_STEAM_POWER,ADVANCE_STEAM_POWER
prereq,aom:ADVANCE_STEEL,ADVANCE_STEEL
unit,aom:ADVANCE_STEEL,ADVANCE_STEEL
prereq,aom:ADVANCE_STIRRUP,ADVANCE_STIRRUP
unit,aom:ADVANCE_STIRRUP,ADVANCE_STIRRUP
prereq,aom:ADVANCE_SULTANATE,ADVANCE_SULTANATE
unit,aom:ADVANCE_SULTANATE,ADVANCE_SULTANATE
prereq,aom:ADVANCE_THEOCRACY,ADVANCE_THEOCRACY
unit,aom:ADVANCE_THEOCRACY,ADVANCE_THEOCRACY
prereq,aom:ADVANCE_THEOCRATIC_MONARCHY,ADVANCE_THEOCRATIC_MONARCHY
unit,aom:ADVANCE_THEOCRATIC_MONARCHY,ADVANCE_THEOCRATIC_MONARCHY
prereq,aom:ADVANCE_TRADE_GUILDS,ADVANCE_TRADE_GUILDS
unit,aom:ADVANCE_TRADE_GUILDS,ADVANCE_TRADE_GUILDS
prereq,aom:ADVANCE_TRIBES,ADVANCE_TRIBES
unit,aom:ADVANCE_TRIBES,ADVANCE_TRIBES
prereq,aom:ADVANCE_TRIBUNAL_EMPIRE,ADVANCE_TRIBUNAL_EMPIRE
unit,aom:ADVANCE_TRIBUNAL_EMPIRE,ADVANCE_TRIBUNAL_EMPIRE
prereq,aom:ADVANCE_VERNACULAR_PROSE,ADVANCE_VERNACULAR_PROSE
unit,aom:ADVANCE_VERNACULAR_PROSE,ADVANCE_VERNACULAR_PROSE
prereq,aom:ADVANCE_WATER_LIFTS,ADVANCE_WATER_LIFTS
unit,aom:ADVANCE_WATER_LIFTS,ADVANCE_WATER_LIFTS
prereq,aom:ADVANCE_WHEEL,ADVANCE_WHEEL
unit,aom:ADVANCE_WHEEL,ADVANCE_WHEEL
prereq,aom:ADVANCE_WOOD_WORKING,ADVANCE_WOOD_WORKING
unit,aom:ADVANCE_WOOD_WORKING,ADVANCE_WOOD_WORKING
prereq,aom:ADVANCE_YEOMANRY,ADVANCE_YEOMANRY
unit,aom:ADVANCE_YEOMANRY,ADVANCE_YEOMANRY
prereq,aom:ADVANCE_HEXTAPUL,ADVANCE_HEXTAPUL
unit,aom:ADVANCE_HEXTAPUL,ADVANCE_HEXTAPUL
prereq,aom:ADVANCE_THEOCRACYA,ADVANCE_THEOCRACYA
unit,aom:ADVANCE_THEOCRACYA,ADVANCE_THEOCRACYA
prereq,aom:ADVANCE_THEOCMONARCHY,ADVANCE_THEOCMONARCHY
unit,aom:ADVANCE_THEOCMONARCHY,ADVANCE_THEOCMONARCHY
prereq,aom:ADVANCE_CALIPHATEA,ADVANCE_CALIPHATEA
unit,aom:ADVANCE_CALIPHATEA,ADVANCE_CALIPHATEA
prereq,aom:ADVANCE_CONSTMONARCHY,ADVANCE_CONSTMONARCHY
unit,aom:ADVANCE_CONSTMONARCHY,ADVANCE_CONSTMONARCHY
prereq,aom:ADVANCE_DYNEMPIRE,ADVANCE_DYNEMPIRE
unit,aom:ADVANCE_DYNEMPIRE,ADVANCE_DYNEMPIRE
prereq,aom:ADVANCE_VASSAL_STATE,ADVANCE_VASSAL_STATE
unit,aom:ADVANCE_VASSAL_STATE,ADVANCE_VASSAL_STATE
prereq,aom:ADVANCE_ROYAL_WEDDING,ADVANCE_ROYAL_WEDDING
unit,aom:ADVANCE_ROYAL_WEDDING,ADVANCE_ROYAL_WEDDING
prereq,aom:ADVANCE_BUDDHISM,ADVANCE_BUDDHISM
unit,aom:ADVANCE_BUDDHISM,ADVANCE_BUDDHISM
prereq,aom:ADVANCE_POLYTHEISM,ADVANCE_POLYTHEISM
unit,aom:ADVANCE_POLYTHEISM,ADVANCE_POLYTHEISM
prereq,aom:ADVANCE_EXEDOUS,ADVANCE_EXEDOUS
unit,aom:ADVANCE_EXEDOUS,ADVANCE_EXEDOUS
prereq,aom:ADVANCE_TRUE_BELIEF,ADVANCE_TRUE_BELIEF
unit,aom:ADVANCE_TRUE_BELIEF,ADVANCE_TRUE_BELIEF
prereq,aom:ADVANCE_OLD_TESTAMENT,ADVANCE_OLD_TESTAMENT
unit,aom:ADVANCE_OLD_TESTAMENT,ADVANCE_OLD_TESTAMENT
prereq,lotr:ADVANCE_RADAR,ADVANCE_RADAR
unit,lotr:ADVANCE_RADAR,ADVANCE_RADAR
prereq,lotr:ADVANCE_CYBERNETICS,ADVANCE_CYBERNETICS
unit,lotr:ADVANCE_CYBERNETICS,ADVANCE_CYBERNETICS
prereq,lotr:ADVANCE_DWARVES,ADVANCE_DWARVES
unit,lotr:ADVANCE_DWARVES,ADVANCE_DWARVES
prereq,lotr:ADVANCE_ELVES,ADVANCE_ELVES
unit,lotr:ADVANCE_ELVES,ADVANCE_ELVES
prereq,lotr:ADVANCE_HOBBITS,ADVANCE_HOBBITS
unit,lotr:ADVANCE_HOBBITS,ADVANCE_HOBBITS
prereq,lotr:ADVANCE_MEN,ADVANCE_MEN
unit,lotr:ADVANCE_MEN,ADVANCE_MEN
prereq,lotr:ADVANCE_ORCS,ADVANCE_ORCS
unit,lotr:ADVANCE_ORCS,ADVANCE_ORCS
prereq,lotr:ADVANCE_GOOD,ADVANCE_GOOD
unit,lotr:ADVANCE_GOOD,ADVANCE_GOOD
prereq,lotr:ADVANCE_EVIL,ADVANCE_EVIL
unit,lotr:ADVANCE_EVIL,ADVANCE_EVIL
prereq,lotr:ADVANCE_ANGMAR,ADVANCE_ANGMAR
unit,lotr:ADVANCE_ANGMAR,ADVANCE_ANGMAR
prereq,lotr:ADVANCE_ARNOR,ADVANCE_ARNOR
unit,lotr:ADVANCE_ARNOR,ADVANCE_ARNOR
prereq,lotr:ADVANCE_EASTERLING,ADVANCE_EASTERLING
unit,lotr:ADVANCE_EASTERLING,ADVANCE_EASTERLING
prereq,lotr:ADVANCE_GONDOR,ADVANCE_GONDOR
unit,lotr:ADVANCE_GONDOR,ADVANCE_GONDOR
prereq,lotr:ADVANCE_HARADRIM,ADVANCE_HARADRIM
unit,lotr:ADVANCE_HARADRIM,ADVANCE_HARADRIM
prereq,lotr:ADVANCE_ISENGARD,ADVANCE_ISENGARD
unit,lotr:ADVANCE_ISENGARD,ADVANCE_ISENGARD
prereq,lotr:ADVANCE_MORDOR,ADVANCE_MORDOR
unit,lotr:ADVANCE_MORDOR,ADVANCE_MORDOR
prereq,lotr:ADVANCE_NORTHMEN,ADVANCE_NORTHMEN
unit,lotr:ADVANCE_NORTHMEN,ADVANCE_NORTHMEN
prereq,lotr:ADVANCE_ROHAN,ADVANCE_ROHAN
unit,lotr:ADVANCE_ROHAN,ADVANCE_ROHAN
prereq,lotr:ADVANCE_SINDAR,ADVANCE_SINDAR
unit,lotr:ADVANCE_SINDAR,ADVANCE_SINDAR
prereq,lotr:ADVANCE_AGRICULTURE,ADVANCE_AGRICULTURE
unit,lotr:ADVANCE_AGRICULTURE,ADVANCE_AGRICULTURE
prereq,lotr:ADVANCE_ALCHEMY,ADVANCE_ALCHEMY
unit,lotr:ADVANCE_ALCHEMY,ADVANCE_ALCHEMY
prereq,lotr:ADVANCE_ALCHEMY_HARADRIM,ADVANCE_ALCHEMY_HARADRIM
unit,lotr:ADVANCE_ALCHEMY_HARADRIM,ADVANCE_ALCHEMY_HARADRIM
prereq,lotr:ADVANCE_APPLIED_MATH,ADVANCE_APPLIED_MATH
unit,lotr:ADVANCE_APPLIED_MATH,ADVANCE_APPLIED_MATH
prereq,lotr:ADVANCE_APPLIED_MATH_ISENGARD,ADVANCE_APPLIED_MATH_ISENGARD
unit,lotr:ADVANCE_APPLIED_MATH_ISENGARD,ADVANCE_APPLIED_MATH_ISENGARD
prereq,lotr:ADVANCE_AQUEDUCTS,ADVANCE_AQUEDUCTS
unit,lotr:ADVANCE_AQUEDUCTS,ADVANCE_AQUEDUCTS
prereq,lotr:ADVANCE_AQUEDUCTS_MEN,ADVANCE_AQUEDUCTS_MEN
unit,lotr:ADVANCE_AQUEDUCTS_MEN,ADVANCE_AQUEDUCTS_MEN
prereq,lotr:ADVANCE_ARCHERY,ADVANCE_ARCHERY
unit,lotr:ADVANCE_ARCHERY,ADVANCE_ARCHERY
prereq,lotr:ADVANCE_ARCHERY_ELVES,ADVANCE_ARCHERY_ELVES
unit,lotr:ADVANCE_ARCHERY_ELVES,ADVANCE_ARCHERY_ELVES
prereq,lotr:ADVANCE_ARCHERY_HARADRIM,ADVANCE_ARCHERY_HARADRIM
unit,lotr:ADVANCE_ARCHERY_HARADRIM,ADVANCE_ARCHERY_HARADRIM
prereq,lotr:ADVANCE_ARCHERY_ISENGARD,ADVANCE_ARCHERY_ISENGARD
unit,lotr:ADVANCE_ARCHERY_ISENGARD,ADVANCE_ARCHERY_ISENGARD
prereq,lotr:ADVANCE_ARCHERY_ORCS,ADVANCE_ARCHERY_ORCS
unit,lotr:ADVANCE_ARCHERY_ORCS,ADVANCE_ARCHERY_ORCS
prereq,lotr:ADVANCE_ARCHITECTURE,ADVANCE_ARCHITECTURE
unit,lotr:ADVANCE_ARCHITECTURE,ADVANCE_ARCHITECTURE
prereq,lotr:ADVANCE_ARCHITECTURE_DWARVES,ADVANCE_ARCHITECTURE_DWARVES
unit,lotr:ADVANCE_ARCHITECTURE_DWARVES,ADVANCE_ARCHITECTURE_DWARVES
prereq,lotr:ADVANCE_ARCHITECTURE_GONDOR,ADVANCE_ARCHITECTURE_GONDOR
unit,lotr:ADVANCE_ARCHITECTURE_GONDOR,ADVANCE_ARCHITECTURE_GONDOR
prereq,lotr:ADVANCE_ARCHITECTURE_MORDOR,ADVANCE_ARCHITECTURE_MORDOR
unit,lotr:ADVANCE_ARCHITECTURE_MORDOR,ADVANCE_ARCHITECTURE_MORDOR
prereq,lotr:ADVANCE_ASTRONOMY,ADVANCE_ASTRONOMY
unit,lotr:ADVANCE_ASTRONOMY,ADVANCE_ASTRONOMY
prereq,lotr:ADVANCE_ASTRONOMY_ISENGARD,ADVANCE_ASTRONOMY_ISENGARD
unit,lotr:ADVANCE_ASTRONOMY_ISENGARD,ADVANCE_ASTRONOMY_ISENGARD
prereq,lotr:ADVANCE_BALLISTA_TOWERS,ADVANCE_BALLISTA_TOWERS
unit,lotr:ADVANCE_BALLISTA_TOWERS,ADVANCE_BALLISTA_TOWERS
prereq,lotr:ADVANCE_BALLISTICS,ADVANCE_BALLISTICS
unit,lotr:ADVANCE_BALLISTICS,ADVANCE_BALLISTICS
prereq,lotr:ADVANCE_BARRACKS,ADVANCE_BARRACKS
unit,lotr:ADVANCE_BARRACKS,ADVANCE_BARRACKS
prereq,lotr:ADVANCE_BARRACKS_ANGMAR,ADVANCE_BARRACKS_ANGMAR
unit,lotr:ADVANCE_BARRACKS_ANGMAR,ADVANCE_BARRACKS_ANGMAR
prereq,lotr:ADVANCE_BARRACKS_ORCS,ADVANCE_BARRACKS_ORCS
unit,lotr:ADVANCE_BARRACKS_ORCS,ADVANCE_BARRACKS_ORCS
prereq,lotr:ADVANCE_BRICK_MAKING,ADVANCE_BRICK_MAKING
unit,lotr:ADVANCE_BRICK_MAKING,ADVANCE_BRICK_MAKING
prereq,lotr:ADVANCE_BRONZE_WORKING,ADVANCE_BRONZE_WORKING
unit,lotr:ADVANCE_BRONZE_WORKING,ADVANCE_BRONZE_WORKING
prereq,lotr:ADVANCE_BRONZE_WORKING_ANGMAR,ADVANCE_BRONZE_WORKING_ANGMAR
unit,lotr:ADVANCE_BRONZE_WORKING_ANGMAR,ADVANCE_BRONZE_WORKING_ANGMAR
prereq,lotr:ADVANCE_BRONZE_WORKING_ARNOR,ADVANCE_BRONZE_WORKING_ARNOR
unit,lotr:ADVANCE_BRONZE_WORKING_ARNOR,ADVANCE_BRONZE_WORKING_ARNOR
prereq,lotr:ADVANCE_BRONZE_WORKING_DWARVES,ADVANCE_BRONZE_WORKING_DWARVES
unit,lotr:ADVANCE_BRONZE_WORKING_DWARVES,ADVANCE_BRONZE_WORKING_DWARVES
prereq,lotr:ADVANCE_BRONZE_WORKING_EASTERLING,ADVANCE_BRONZE_WORKING_EASTERLING
unit,lotr:ADVANCE_BRONZE_WORKING_EASTERLING,ADVANCE_BRONZE_WORKING_EASTERLING
prereq,lotr:ADVANCE_BRONZE_WORKING_HARADRIM,ADVANCE_BRONZE_WORKING_HARADRIM
unit,lotr:ADVANCE_BRONZE_WORKING_HARADRIM,ADVANCE_BRONZE_WORKING_HARADRIM
prereq,lotr:ADVANCE_BRONZE_WORKING_ORCS,ADVANCE_BRONZE_WORKING_ORCS
unit,lotr:ADVANCE_BRONZE_WORKING_ORCS,ADVANCE_BRONZE_WORKING_ORCS
prereq,lotr:ADVANCE_BUREAUCRACY,ADVANCE_BUREAUCRACY
unit,lotr:ADVANCE_BUREAUCRACY,ADVANCE_BUREAUCRACY
prereq,lotr:ADVANCE_BUREAUCRACY_EASTERLING,ADVANCE_BUREAUCRACY_EASTERLING
unit,lotr:ADVANCE_BUREAUCRACY_EASTERLING,ADVANCE_BUREAUCRACY_EASTERLING
prereq,lotr:ADVANCE_BUREAUCRACY_MEN,ADVANCE_BUREAUCRACY_MEN
unit,lotr:ADVANCE_BUREAUCRACY_MEN,ADVANCE_BUREAUCRACY_MEN
prereq,lotr:ADVANCE_CEREMONIAL_BURIAL,ADVANCE_CEREMONIAL_BURIAL
unit,lotr:ADVANCE_CEREMONIAL_BURIAL,ADVANCE_CEREMONIAL_BURIAL
prereq,lotr:ADVANCE_CHARIOTS,ADVANCE_CHARIOTS
unit,lotr:ADVANCE_CHARIOTS,ADVANCE_CHARIOTS
prereq,lotr:ADVANCE_CHARIOTS_EASTERLING,ADVANCE_CHARIOTS_EASTERLING
unit,lotr:ADVANCE_CHARIOTS_EASTERLING,ADVANCE_CHARIOTS_EASTERLING
prereq,lotr:ADVANCE_CHARIOTS_HARADRIM,ADVANCE_CHARIOTS_HARADRIM
unit,lotr:ADVANCE_CHARIOTS_HARADRIM,ADVANCE_CHARIOTS_HARADRIM
prereq,lotr:ADVANCE_CHARIOTS_ROHAN,ADVANCE_CHARIOTS_ROHAN
unit,lotr:ADVANCE_CHARIOTS_ROHAN,ADVANCE_CHARIOTS_ROHAN
prereq,lotr:ADVANCE_CITY_STATE,ADVANCE_CITY_STATE
unit,lotr:ADVANCE_CITY_STATE,ADVANCE_CITY_STATE
prereq,lotr:ADVANCE_CITY_STATE_ARNOR,ADVANCE_CITY_STATE_ARNOR
unit,lotr:ADVANCE_CITY_STATE_ARNOR,ADVANCE_CITY_STATE_ARNOR
prereq,lotr:ADVANCE_CITY_STATE_DWARVES,ADVANCE_CITY_STATE_DWARVES
unit,lotr:ADVANCE_CITY_STATE_DWARVES,ADVANCE_CITY_STATE_DWARVES
prereq,lotr:ADVANCE_CITY_STATE_EASTERLING,ADVANCE_CITY_STATE_EASTERLING
unit,lotr:ADVANCE_CITY_STATE_EASTERLING,ADVANCE_CITY_STATE_EASTERLING
prereq,lotr:ADVANCE_CITY_STATE_GONDOR,ADVANCE_CITY_STATE_GONDOR
unit,lotr:ADVANCE_CITY_STATE_GONDOR,ADVANCE_CITY_STATE_GONDOR
prereq,lotr:ADVANCE_CITY_STATE_HARADRIM,ADVANCE_CITY_STATE_HARADRIM
unit,lotr:ADVANCE_CITY_STATE_HARADRIM,ADVANCE_CITY_STATE_HARADRIM
prereq,lotr:ADVANCE_CITY_STATE_ISENGARD,ADVANCE_CITY_STATE_ISENGARD
unit,lotr:ADVANCE_CITY_STATE_ISENGARD,ADVANCE_CITY_STATE_ISENGARD
prereq,lotr:ADVANCE_CIVIC_ENGINEERING,ADVANCE_CIVIC_ENGINEERING
unit,lotr:ADVANCE_CIVIC_ENGINEERING,ADVANCE_CIVIC_ENGINEERING
prereq,lotr:ADVANCE_CIVIC_ENGINEERING_HOBBITS,ADVANCE_CIVIC_ENGINEERING_HOBBITS
unit,lotr:ADVANCE_CIVIC_ENGINEERING_HOBBITS,ADVANCE_CIVIC_ENGINEERING_HOBBITS
prereq,lotr:ADVANCE_CIVIC_ENGINEERING_MORDOR,ADVANCE_CIVIC_ENGINEERING_MORDOR
unit,lotr:ADVANCE_CIVIC_ENGINEERING_MORDOR,ADVANCE_CIVIC_ENGINEERING_MORDOR
prereq,lotr:ADVANCE_COMPOSITE_BOW,ADVANCE_COMPOSITE_BOW
unit,lotr:ADVANCE_COMPOSITE_BOW,ADVANCE_COMPOSITE_BOW
prereq,lotr:ADVANCE_COMPOSITE_BOW_ELVES,ADVANCE_COMPOSITE_BOW_ELVES
unit,lotr:ADVANCE_COMPOSITE_BOW_ELVES,ADVANCE_COMPOSITE_BOW_ELVES
prereq,lotr:ADVANCE_COMPOSITE_BOW_ORCS,ADVANCE_COMPOSITE_BOW_ORCS
unit,lotr:ADVANCE_COMPOSITE_BOW_ORCS,ADVANCE_COMPOSITE_BOW_ORCS
prereq,lotr:ADVANCE_CONCRETE,ADVANCE_CONCRETE
unit,lotr:ADVANCE_CONCRETE,ADVANCE_CONCRETE
prereq,lotr:ADVANCE_CONCRETE_EVIL,ADVANCE_CONCRETE_EVIL
unit,lotr:ADVANCE_CONCRETE_EVIL,ADVANCE_CONCRETE_EVIL
prereq,lotr:ADVANCE_CONCRETE_GOOD,ADVANCE_CONCRETE_GOOD
unit,lotr:ADVANCE_CONCRETE_GOOD,ADVANCE_CONCRETE_GOOD
prereq,lotr:ADVANCE_COPPER_SMELTING,ADVANCE_COPPER_SMELTING
unit,lotr:ADVANCE_COPPER_SMELTING,ADVANCE_COPPER_SMELTING
prereq,lotr:ADVANCE_COPPER_SMELTING_ANGMAR,ADVANCE_COPPER_SMELTING_ANGMAR
unit,lotr:ADVANCE_COPPER_SMELTING_ANGMAR,ADVANCE_COPPER_SMELTING_ANGMAR
prereq,lotr:ADVANCE_COPPER_SMELTING_DWARVES,ADVANCE_COPPER_SMELTING_DWARVES
unit,lotr:ADVANCE_COPPER_SMELTING_DWARVES,ADVANCE_COPPER_SMELTING_DWARVES
prereq,lotr:ADVANCE_COPPER_SMELTING_EASTERLING,ADVANCE_COPPER_SMELTING_EASTERLING
unit,lotr:ADVANCE_COPPER_SMELTING_EASTERLING,ADVANCE_COPPER_SMELTING_EASTERLING
prereq,lotr:ADVANCE_COPPER_SMELTING_EVIL,ADVANCE_COPPER_SMELTING_EVIL
unit,lotr:ADVANCE_COPPER_SMELTING_EVIL,ADVANCE_COPPER_SMELTING_EVIL
prereq,lotr:ADVANCE_COPPER_SMELTING_MORDOR,ADVANCE_COPPER_SMELTING_MORDOR
unit,lotr:ADVANCE_COPPER_SMELTING_MORDOR,ADVANCE_COPPER_SMELTING_MORDOR
prereq,lotr:ADVANCE_COPPER_SMELTING_SINDAR,ADVANCE_COPPER_SMELTING_SINDAR
unit,lotr:ADVANCE_COPPER_SMELTING_SINDAR,ADVANCE_COPPER_SMELTING_SINDAR
prereq,lotr:ADVANCE_COSMOLOGY,ADVANCE_COSMOLOGY
unit,lotr:ADVANCE_COSMOLOGY,ADVANCE_COSMOLOGY
prereq,lotr:ADVANCE_COSMOLOGY_ARNOR,ADVANCE_COSMOLOGY_ARNOR
unit,lotr:ADVANCE_COSMOLOGY_ARNOR,ADVANCE_COSMOLOGY_ARNOR
prereq,lotr:ADVANCE_COSMOLOGY_HARADRIM,ADVANCE_COSMOLOGY_HARADRIM
unit,lotr:ADVANCE_COSMOLOGY_HARADRIM,ADVANCE_COSMOLOGY_HARADRIM
prereq,lotr:ADVANCE_COSMOLOGY_SINDAR,ADVANCE_COSMOLOGY_SINDAR
unit,lotr:ADVANCE_COSMOLOGY_SINDAR,ADVANCE_COSMOLOGY_SINDAR
prereq,lotr:ADVANCE_COUNCIL_I,ADVANCE_COUNCIL_I
unit,lotr:ADVANCE_COUNCIL_I,ADVANCE_COUNCIL_I
prereq,lotr:ADVANCE_COUNCIL_II,ADVANCE_COUNCIL_II
unit,lotr:ADVANCE_COUNCIL_II,ADVANCE_COUNCIL_II
prereq,lotr:ADVANCE_COUNCIL_III,ADVANCE_COUNCIL_III
unit,lotr:ADVANCE_COUNCIL_III,ADVANCE_COUNCIL_III
prereq,lotr:ADVANCE_COUNCIL_IV,ADVANCE_COUNCIL_IV
unit,lotr:ADVANCE_COUNCIL_IV,ADVANCE_COUNCIL_IV
prereq,lotr:ADVANCE_COUNCIL_V,ADVANCE_COUNCIL_V
unit,lotr:ADVANCE_COUNCIL_V,ADVANCE_COUNCIL_V
prereq,lotr:ADVANCE_COUNCIL_V_HOBBITS,ADVANCE_COUNCIL_V_HOBBITS
unit,lotr:ADVANCE_COUNCIL_V_HOBBITS,ADVANCE_COUNCIL_V_HOBBITS
prereq,lotr:ADVANCE_COUNCIL_V_SINDAR,ADVANCE_COUNCIL_V_SINDAR
unit,lotr:ADVANCE_COUNCIL_V_SINDAR,ADVANCE_COUNCIL_V_SINDAR
prereq,lotr:ADVANCE_CURRENCY,ADVANCE_CURRENCY
unit,lotr:ADVANCE_CURRENCY,ADVANCE_CURRENCY
prereq,lotr:ADVANCE_CURRENCY_ANGMAR,ADVANCE_CURRENCY_ANGMAR
unit,lotr:ADVANCE_CURRENCY_ANGMAR,ADVANCE_CURRENCY_ANGMAR
prereq,lotr:ADVANCE_CURRENCY_DWARVES,ADVANCE_CURRENCY_DWARVES
unit,lotr:ADVANCE_CURRENCY_DWARVES,ADVANCE_CURRENCY_DWARVES
prereq,lotr:ADVANCE_DARK_AGES,ADVANCE_DARK_AGES
unit,lotr:ADVANCE_DARK_AGES,ADVANCE_DARK_AGES
prereq,lotr:ADVANCE_DICTATORSHIP,ADVANCE_DICTATORSHIP
unit,lotr:ADVANCE_DICTATORSHIP,ADVANCE_DICTATORSHIP
prereq,lotr:ADVANCE_DICTATORSHIP_ARNOR,ADVANCE_DICTATORSHIP_ARNOR
unit,lotr:ADVANCE_DICTATORSHIP_ARNOR,ADVANCE_DICTATORSHIP_ARNOR
prereq,lotr:ADVANCE_DICTATORSHIP_DWARVES,ADVANCE_DICTATORSHIP_DWARVES
unit,lotr:ADVANCE_DICTATORSHIP_DWARVES,ADVANCE_DICTATORSHIP_DWARVES
prereq,lotr:ADVANCE_DICTATORSHIP_EASTERLING,ADVANCE_DICTATORSHIP_EASTERLING
unit,lotr:ADVANCE_DICTATORSHIP_EASTERLING,ADVANCE_DICTATORSHIP_EASTERLING
prereq,lotr:ADVANCE_DICTATORSHIP_GONDOR,ADVANCE_DICTATORSHIP_GONDOR
unit,lotr:ADVANCE_DICTATORSHIP_GONDOR,ADVANCE_DICTATORSHIP_GONDOR
prereq,lotr:ADVANCE_DICTATORSHIP_HARADRIM,ADVANCE_DICTATORSHIP_HARADRIM
unit,lotr:ADVANCE_DICTATORSHIP_HARADRIM,ADVANCE_DICTATORSHIP_HARADRIM
prereq,lotr:ADVANCE_DICTATORSHIP_ORCS,ADVANCE_DICTATORSHIP_ORCS
unit,lotr:ADVANCE_DICTATORSHIP_ORCS,ADVANCE_DICTATORSHIP_ORCS
prereq,lotr:ADVANCE_DICTATORSHIP_ROHAN,ADVANCE_DICTATORSHIP_ROHAN
unit,lotr:ADVANCE_DICTATORSHIP_ROHAN,ADVANCE_DICTATORSHIP_ROHAN
prereq,lotr:ADVANCE_DOMESTICATION,ADVANCE_DOMESTICATION
unit,lotr:ADVANCE_DOMESTICATION,ADVANCE_DOMESTICATION
prereq,lotr:ADVANCE_DOMESTICATION_EVIL,ADVANCE_DOMESTICATION_EVIL
unit,lotr:ADVANCE_DOMESTICATION_EVIL,ADVANCE_DOMESTICATION_EVIL
prereq,lotr:ADVANCE_DRAMA,ADVANCE_DRAMA
unit,lotr:ADVANCE_DRAMA,ADVANCE_DRAMA
prereq,lotr:ADVANCE_DRAMA_MEN,ADVANCE_DRAMA_MEN
unit,lotr:ADVANCE_DRAMA_MEN,ADVANCE_DRAMA_MEN
prereq,lotr:ADVANCE_DRAMA_MORDOR,ADVANCE_DRAMA_MORDOR
unit,lotr:ADVANCE_DRAMA_MORDOR,ADVANCE_DRAMA_MORDOR
prereq,lotr:ADVANCE_DRAMA_SINDAR,ADVANCE_DRAMA_SINDAR
unit,lotr:ADVANCE_DRAMA_SINDAR,ADVANCE_DRAMA_SINDAR
prereq,lotr:ADVANCE_DYNASTY,ADVANCE_DYNASTY
unit,lotr:ADVANCE_DYNASTY,ADVANCE_DYNASTY
prereq,lotr:ADVANCE_DYNASTY_ARNOR,ADVANCE_DYNASTY_ARNOR
unit,lotr:ADVANCE_DYNASTY_ARNOR,ADVANCE_DYNASTY_ARNOR
prereq,lotr:ADVANCE_DYNASTY_GONDOR,ADVANCE_DYNASTY_GONDOR
unit,lotr:ADVANCE_DYNASTY_GONDOR,ADVANCE_DYNASTY_GONDOR
prereq,lotr:ADVANCE_DYNASTY_ORCS,ADVANCE_DYNASTY_ORCS
unit,lotr:ADVANCE_DYNASTY_ORCS,ADVANCE_DYNASTY_ORCS
prereq,lotr:ADVANCE_ETHICS,ADVANCE_ETHICS
unit,lotr:ADVANCE_ETHICS,ADVANCE_ETHICS
prereq,lotr:ADVANCE_ETHICS_ISENGARD,ADVANCE_ETHICS_ISENGARD
unit,lotr:ADVANCE_ETHICS_ISENGARD,ADVANCE_ETHICS_ISENGARD
prereq,lotr:ADVANCE_ETHICS_GOOD,ADVANCE_ETHICS_GOOD
unit,lotr:ADVANCE_ETHICS_GOOD,ADVANCE_ETHICS_GOOD
prereq,lotr:ADVANCE_GEOMETRY,ADVANCE_GEOMETRY
unit,lotr:ADVANCE_GEOMETRY,ADVANCE_GEOMETRY
prereq,lotr:ADVANCE_GRANARIES,ADVANCE_GRANARIES
unit,lotr:ADVANCE_GRANARIES,ADVANCE_GRANARIES
prereq,lotr:ADVANCE_GRANARIES_ROHAN,ADVANCE_GRANARIES_ROHAN
unit,lotr:ADVANCE_GRANARIES_ROHAN,ADVANCE_GRANARIES_ROHAN
prereq,lotr:ADVANCE_HERBALISM,ADVANCE_HERBALISM
unit,lotr:ADVANCE_HERBALISM,ADVANCE_HERBALISM
prereq,lotr:ADVANCE_HERBALISM_EASTERLING,ADVANCE_HERBALISM_EASTERLING
unit,lotr:ADVANCE_HERBALISM_EASTERLING,ADVANCE_HERBALISM_EASTERLING
prereq,lotr:ADVANCE_HIPPOCRATIC_SCHOOL,ADVANCE_HIPPOCRATIC_SCHOOL
unit,lotr:ADVANCE_HIPPOCRATIC_SCHOOL,ADVANCE_HIPPOCRATIC_SCHOOL
prereq,lotr:ADVANCE_HIPPOCRATIC_SCHOOL_GONDOR,ADVANCE_HIPPOCRATIC_SCHOOL_GONDOR
unit,lotr:ADVANCE_HIPPOCRATIC_SCHOOL_GONDOR,ADVANCE_HIPPOCRATIC_SCHOOL_GONDOR
prereq,lotr:ADVANCE_HIPPOCRATIC_SCHOOL_SINDAR,ADVANCE_HIPPOCRATIC_SCHOOL_SINDAR
unit,lotr:ADVANCE_HIPPOCRATIC_SCHOOL_SINDAR,ADVANCE_HIPPOCRATIC_SCHOOL_SINDAR
prereq,lotr:ADVANCE_HORSE_ARMOR,ADVANCE_HORSE_ARMOR
unit,lotr:ADVANCE_HORSE_ARMOR,ADVANCE_HORSE_ARMOR
prereq,lotr:ADVANCE_HORSE_ARMOR_ELVES,ADVANCE_HORSE_ARMOR_ELVES
unit,lotr:ADVANCE_HORSE_ARMOR_ELVES,ADVANCE_HORSE_ARMOR_ELVES
prereq,lotr:ADVANCE_HORSE_ARMOR_MEN,ADVANCE_HORSE_ARMOR_MEN
unit,lotr:ADVANCE_HORSE_ARMOR_MEN,ADVANCE_HORSE_ARMOR_MEN
prereq,lotr:ADVANCE_HORSE_ARMOR_ORCS,ADVANCE_HORSE_ARMOR_ORCS
unit,lotr:ADVANCE_HORSE_ARMOR_ORCS,ADVANCE_HORSE_ARMOR_ORCS
prereq,lotr:ADVANCE_HORSE_ARMOR_ROHAN,ADVANCE_HORSE_ARMOR_ROHAN
unit,lotr:ADVANCE_HORSE_ARMOR_ROHAN,ADVANCE_HORSE_ARMOR_ROHAN
prereq,lotr:ADVANCE_HORSE_RIDING,ADVANCE_HORSE_RIDING
unit,lotr:ADVANCE_HORSE_RIDING,ADVANCE_HORSE_RIDING
prereq,lotr:ADVANCE_HORSE_RIDING_ORCS,ADVANCE_HORSE_RIDING_ORCS
unit,lotr:ADVANCE_HORSE_RIDING_ORCS,ADVANCE_HORSE_RIDING_ORCS
prereq,lotr:ADVANCE_HORSE_RIDING_ROHAN,ADVANCE_HORSE_RIDING_ROHAN
unit,lotr:ADVANCE_HORSE_RIDING_ROHAN,ADVANCE_HORSE_RIDING_ROHAN
prereq,lotr:ADVANCE_HULL_MAKING,ADVANCE_HULL_MAKING
unit,lotr:ADVANCE_HULL_MAKING,ADVANCE_HULL_MAKING
prereq,lotr:ADVANCE_HULL_MAKING_EVIL,ADVANCE_HULL_MAKING_EVIL
unit,lotr:ADVANCE_HULL_MAKING_EVIL,ADVANCE_HULL_MAKING_EVIL
prereq,lotr:ADVANCE_IRON_WORKING,ADVANCE_IRON_WORKING
unit,lotr:ADVANCE_IRON_WORKING,ADVANCE_IRON_WORKING
prereq,lotr:ADVANCE_IRON_WORKING_DWARVES,ADVANCE_IRON_WORKING_DWARVES
unit,lotr:ADVANCE_IRON_WORKING_DWARVES,ADVANCE_IRON_WORKING_DWARVES
prereq,lotr:ADVANCE_IRON_WORKING_EVIL,ADVANCE_IRON_WORKING_EVIL
unit,lotr:ADVANCE_IRON_WORKING_EVIL,ADVANCE_IRON_WORKING_EVIL
prereq,lotr:ADVANCE_IRON_WORKING_ISENGARD,ADVANCE_IRON_WORKING_ISENGARD
unit,lotr:ADVANCE_IRON_WORKING_ISENGARD,ADVANCE_IRON_WORKING_ISENGARD
prereq,lotr:ADVANCE_IRON_WORKING_ORCS,ADVANCE_IRON_WORKING_ORCS
unit,lotr:ADVANCE_IRON_WORKING_ORCS,ADVANCE_IRON_WORKING_ORCS
prereq,lotr:ADVANCE_JURISPRUDENCE,ADVANCE_JURISPRUDENCE
unit,lotr:ADVANCE_JURISPRUDENCE,ADVANCE_JURISPRUDENCE
prereq,lotr:ADVANCE_JURISPRUDENCE_MORDOR,ADVANCE_JURISPRUDENCE_MORDOR
unit,lotr:ADVANCE_JURISPRUDENCE_MORDOR,ADVANCE_JURISPRUDENCE_MORDOR
prereq,lotr:ADVANCE_JURISPRUDENCE_NORTHMEN,ADVANCE_JURISPRUDENCE_NORTHMEN
unit,lotr:ADVANCE_JURISPRUDENCE_NORTHMEN,ADVANCE_JURISPRUDENCE_NORTHMEN
prereq,lotr:ADVANCE_JURISPRUDENCE_ROHAN,ADVANCE_JURISPRUDENCE_ROHAN
unit,lotr:ADVANCE_JURISPRUDENCE_ROHAN,ADVANCE_JURISPRUDENCE_ROHAN
prereq,lotr:ADVANCE_MAP_MAKING,ADVANCE_MAP_MAKING
unit,lotr:ADVANCE_MAP_MAKING,ADVANCE_MAP_MAKING
prereq,lotr:ADVANCE_MAP_MAKING_ARNOR,ADVANCE_MAP_MAKING_ARNOR
unit,lotr:ADVANCE_MAP_MAKING_ARNOR,ADVANCE_MAP_MAKING_ARNOR
prereq,lotr:ADVANCE_MASONRY,ADVANCE_MASONRY
unit,lotr:ADVANCE_MASONRY,ADVANCE_MASONRY
prereq,lotr:ADVANCE_MASONRY_DWARVES,ADVANCE_MASONRY_DWARVES
unit,lotr:ADVANCE_MASONRY_DWARVES,ADVANCE_MASONRY_DWARVES
prereq,lotr:ADVANCE_MASONRY_ROHAN,ADVANCE_MASONRY_ROHAN
unit,lotr:ADVANCE_MASONRY_ROHAN,ADVANCE_MASONRY_ROHAN
prereq,lotr:ADVANCE_MINING,ADVANCE_MINING
unit,lotr:ADVANCE_MINING,ADVANCE_MINING
prereq,lotr:ADVANCE_MINING_EASTERLING,ADVANCE_MINING_EASTERLING
unit,lotr:ADVANCE_MINING_EASTERLING,ADVANCE_MINING_EASTERLING
prereq,lotr:ADVANCE_MOBILE_TACTICS,ADVANCE_MOBILE_TACTICS
unit,lotr:ADVANCE_MOBILE_TACTICS,ADVANCE_MOBILE_TACTICS
prereq,lotr:ADVANCE_MOBILE_TACTICS_ELVES,ADVANCE_MOBILE_TACTICS_ELVES
unit,lotr:ADVANCE_MOBILE_TACTICS_ELVES,ADVANCE_MOBILE_TACTICS_ELVES
prereq,lotr:ADVANCE_MOBILE_TACTICS_EVIL,ADVANCE_MOBILE_TACTICS_EVIL
unit,lotr:ADVANCE_MOBILE_TACTICS_EVIL,ADVANCE_MOBILE_TACTICS_EVIL
prereq,lotr:ADVANCE_MOBILE_TACTICS_MEN,ADVANCE_MOBILE_TACTICS_MEN
unit,lotr:ADVANCE_MOBILE_TACTICS_MEN,ADVANCE_MOBILE_TACTICS_MEN
prereq,lotr:ADVANCE_MOBILE_TACTICS_ROHAN,ADVANCE_MOBILE_TACTICS_ROHAN
unit,lotr:ADVANCE_MOBILE_TACTICS_ROHAN,ADVANCE_MOBILE_TACTICS_ROHAN
prereq,lotr:ADVANCE_MONOTHEISM,ADVANCE_MONOTHEISM
unit,lotr:ADVANCE_MONOTHEISM,ADVANCE_MONOTHEISM
prereq,lotr:ADVANCE_MONOTHEISM_GONDOR,ADVANCE_MONOTHEISM_GONDOR
unit,lotr:ADVANCE_MONOTHEISM_GONDOR,ADVANCE_MONOTHEISM_GONDOR
prereq,lotr:ADVANCE_OCEAN_FARING,ADVANCE_OCEAN_FARING
unit,lotr:ADVANCE_OCEAN_FARING,ADVANCE_OCEAN_FARING
prereq,lotr:ADVANCE_OCEAN_FARING_HARADRIM,ADVANCE_OCEAN_FARING_HARADRIM
unit,lotr:ADVANCE_OCEAN_FARING_HARADRIM,ADVANCE_OCEAN_FARING_HARADRIM
prereq,lotr:ADVANCE_OLIGARCHY,ADVANCE_OLIGARCHY
unit,lotr:ADVANCE_OLIGARCHY,ADVANCE_OLIGARCHY
prereq,lotr:ADVANCE_OLIGARCHY_ANGMAR,ADVANCE_OLIGARCHY_ANGMAR
unit,lotr:ADVANCE_OLIGARCHY_ANGMAR,ADVANCE_OLIGARCHY_ANGMAR
prereq,lotr:ADVANCE_OLIGARCHY_ARNOR,ADVANCE_OLIGARCHY_ARNOR
unit,lotr:ADVANCE_OLIGARCHY_ARNOR,ADVANCE_OLIGARCHY_ARNOR
prereq,lotr:ADVANCE_OLIGARCHY_DWARVES,ADVANCE_OLIGARCHY_DWARVES
unit,lotr:ADVANCE_OLIGARCHY_DWARVES,ADVANCE_OLIGARCHY_DWARVES
prereq,lotr:ADVANCE_OLIGARCHY_EASTERLING,ADVANCE_OLIGARCHY_EASTERLING
unit,lotr:ADVANCE_OLIGARCHY_EASTERLING,ADVANCE_OLIGARCHY_EASTERLING
prereq,lotr:ADVANCE_OLIGARCHY_GONDOR,ADVANCE_OLIGARCHY_GONDOR
unit,lotr:ADVANCE_OLIGARCHY_GONDOR,ADVANCE_OLIGARCHY_GONDOR
prereq,lotr:ADVANCE_OLIGARCHY_HARADRIM,ADVANCE_OLIGARCHY_HARADRIM
unit,lotr:ADVANCE_OLIGARCHY_HARADRIM,ADVANCE_OLIGARCHY_HARADRIM
prereq,lotr:ADVANCE_OLIGARCHY_HOBBITS,ADVANCE_OLIGARCHY_HOBBITS
unit,lotr:ADVANCE_OLIGARCHY_HOBBITS,ADVANCE_OLIGARCHY_HOBBITS
prereq,lotr:ADVANCE_OLIGARCHY_ROHAN,ADVANCE_OLIGARCHY_ROHAN
unit,lotr:ADVANCE_OLIGARCHY_ROHAN,ADVANCE_OLIGARCHY_ROHAN
prereq,lotr:ADVANCE_ONE_RING,ADVANCE_ONE_RING
unit,lotr:ADVANCE_ONE_RING,ADVANCE_ONE_RING
prereq,lotr:ADVANCE_ONE_RING2,ADVANCE_ONE_RING2
unit,lotr:ADVANCE_ONE_RING2,ADVANCE_ONE_RING2
prereq,lotr:ADVANCE_PHILOSOPHY,ADVANCE_PHILOSOPHY
unit,lotr:ADVANCE_PHILOSOPHY,ADVANCE_PHILOSOPHY
prereq,lotr:ADVANCE_PHILOSOPHY_ANGMAR,ADVANCE_PHILOSOPHY_ANGMAR
unit,lotr:ADVANCE_PHILOSOPHY_ANGMAR,ADVANCE_PHILOSOPHY_ANGMAR
prereq,lotr:ADVANCE_PHILOSOPHY_ARNOR,ADVANCE_PHILOSOPHY_ARNOR
unit,lotr:ADVANCE_PHILOSOPHY_ARNOR,ADVANCE_PHILOSOPHY_ARNOR
prereq,lotr:ADVANCE_PHILOSOPHY_GOOD,ADVANCE_PHILOSOPHY_GOOD
unit,lotr:ADVANCE_PHILOSOPHY_GOOD,ADVANCE_PHILOSOPHY_GOOD
prereq,lotr:ADVANCE_PLUMBING,ADVANCE_PLUMBING
unit,lotr:ADVANCE_PLUMBING,ADVANCE_PLUMBING
prereq,lotr:ADVANCE_PLUMBING_GOOD,ADVANCE_PLUMBING_GOOD
unit,lotr:ADVANCE_PLUMBING_GOOD,ADVANCE_PLUMBING_GOOD
prereq,lotr:ADVANCE_PLUMBING_EVIL,ADVANCE_PLUMBING_EVIL
unit,lotr:ADVANCE_PLUMBING_EVIL,ADVANCE_PLUMBING_EVIL
prereq,lotr:ADVANCE_POTTERY,ADVANCE_POTTERY
unit,lotr:ADVANCE_POTTERY,ADVANCE_POTTERY
prereq,lotr:ADVANCE_PROJECTILE_WEAPONS,ADVANCE_PROJECTILE_WEAPONS
unit,lotr:ADVANCE_PROJECTILE_WEAPONS,ADVANCE_PROJECTILE_WEAPONS
prereq,lotr:ADVANCE_PROJECTILE_WEAPONS_ELVES,ADVANCE_PROJECTILE_WEAPONS_ELVES
unit,lotr:ADVANCE_PROJECTILE_WEAPONS_ELVES,ADVANCE_PROJECTILE_WEAPONS_ELVES
prereq,lotr:ADVANCE_PROJECTILE_WEAPONS_ORCS,ADVANCE_PROJECTILE_WEAPONS_ORCS
unit,lotr:ADVANCE_PROJECTILE_WEAPONS_ORCS,ADVANCE_PROJECTILE_WEAPONS_ORCS
prereq,lotr:ADVANCE_PROPULSION,ADVANCE_PROPULSION
unit,lotr:ADVANCE_PROPULSION,ADVANCE_PROPULSION
prereq,lotr:ADVANCE_RELIGION,ADVANCE_RELIGION
unit,lotr:ADVANCE_RELIGION,ADVANCE_RELIGION
prereq,lotr:ADVANCE_RELIGION_MORDOR,ADVANCE_RELIGION_MORDOR
unit,lotr:ADVANCE_RELIGION_MORDOR,ADVANCE_RELIGION_MORDOR
prereq,lotr:ADVANCE_RELIGION_SINDAR,ADVANCE_RELIGION_SINDAR
unit,lotr:ADVANCE_RELIGION_SINDAR,ADVANCE_RELIGION_SINDAR
prereq,lotr:ADVANCE_REPUBLIC,ADVANCE_REPUBLIC
unit,lotr:ADVANCE_REPUBLIC,ADVANCE_REPUBLIC
prereq,lotr:ADVANCE_REPUBLIC_DWARVES,ADVANCE_REPUBLIC_DWARVES
unit,lotr:ADVANCE_REPUBLIC_DWARVES,ADVANCE_REPUBLIC_DWARVES
prereq,lotr:ADVANCE_REPUBLIC_GONDOR,ADVANCE_REPUBLIC_GONDOR
unit,lotr:ADVANCE_REPUBLIC_GONDOR,ADVANCE_REPUBLIC_GONDOR
prereq,lotr:ADVANCE_REPUBLIC_HOBBITS,ADVANCE_REPUBLIC_HOBBITS
unit,lotr:ADVANCE_REPUBLIC_HOBBITS,ADVANCE_REPUBLIC_HOBBITS
prereq,lotr:ADVANCE_REPUBLIC_MORDOR,ADVANCE_REPUBLIC_MORDOR
unit,lotr:ADVANCE_REPUBLIC_MORDOR,ADVANCE_REPUBLIC_MORDOR
prereq,lotr:ADVANCE_REPUBLIC_ROHAN,ADVANCE_REPUBLIC_ROHAN
unit,lotr:ADVANCE_REPUBLIC_ROHAN,ADVANCE_REPUBLIC_ROHAN
prereq,lotr:ADVANCE_SAILS,ADVANCE_SAILS
unit,lotr:ADVANCE_SAILS,ADVANCE_SAILS
prereq,lotr:ADVANCE_SAILS_HARADRIM,ADVANCE_SAILS_HARADRIM
unit,lotr:ADVANCE_SAILS_HARADRIM,ADVANCE_SAILS_HARADRIM
prereq,lotr:ADVANCE_SHIP_BUILDING,ADVANCE_SHIP_BUILDING
unit,lotr:ADVANCE_SHIP_BUILDING,ADVANCE_SHIP_BUILDING
prereq,lotr:ADVANCE_SIEGE_WEAPONS,ADVANCE_SIEGE_WEAPONS
unit,lotr:ADVANCE_SIEGE_WEAPONS,ADVANCE_SIEGE_WEAPONS
prereq,lotr:ADVANCE_SIEGE_WEAPONS_ELVES,ADVANCE_SIEGE_WEAPONS_ELVES
unit,lotr:ADVANCE_SIEGE_WEAPONS_ELVES,ADVANCE_SIEGE_WEAPONS_ELVES
prereq,lotr:ADVANCE_SIEGE_WEAPONS_MORDOR,ADVANCE_SIEGE_WEAPONS_MORDOR
unit,lotr:ADVANCE_SIEGE_WEAPONS_MORDOR,ADVANCE_SIEGE_WEAPONS_MORDOR
prereq,lotr:ADVANCE_SLAVE_LABOR,ADVANCE_SLAVE_LABOR
unit,lotr:ADVANCE_SLAVE_LABOR,ADVANCE_SLAVE_LABOR
prereq,lotr:ADVANCE_SLAVE_LABOR_EVIL,ADVANCE_SLAVE_LABOR_EVIL
unit,lotr:ADVANCE_SLAVE_LABOR_EVIL,ADVANCE_SLAVE_LABOR_EVIL
prereq,lotr:ADVANCE_SLAVE_LABOR_HARADRIM,ADVANCE_SLAVE_LABOR_HARADRIM
unit,lotr:ADVANCE_SLAVE_LABOR_HARADRIM,ADVANCE_SLAVE_LABOR_HARADRIM
prereq,lotr:ADVANCE_STIRRUP,ADVANCE_STIRRUP
unit,lotr:ADVANCE_STIRRUP,ADVANCE_STIRRUP
prereq,lotr:ADVANCE_STIRRUP_GONDOR,ADVANCE_STIRRUP_GONDOR
unit,lotr:ADVANCE_STIRRUP_GONDOR,ADVANCE_STIRRUP_GONDOR
prereq,lotr:ADVANCE_STIRRUP_HARADRIM,ADVANCE_STIRRUP_HARADRIM
unit,lotr:ADVANCE_STIRRUP_HARADRIM,ADVANCE_STIRRUP_HARADRIM
prereq,lotr:ADVANCE_STIRRUP_MEN,ADVANCE_STIRRUP_MEN
unit,lotr:ADVANCE_STIRRUP_MEN,ADVANCE_STIRRUP_MEN
prereq,lotr:ADVANCE_STIRRUP_MORDOR,ADVANCE_STIRRUP_MORDOR
unit,lotr:ADVANCE_STIRRUP_MORDOR,ADVANCE_STIRRUP_MORDOR
prereq,lotr:ADVANCE_STIRRUP_ORCS,ADVANCE_STIRRUP_ORCS
unit,lotr:ADVANCE_STIRRUP_ORCS,ADVANCE_STIRRUP_ORCS
prereq,lotr:ADVANCE_STIRRUP_ROHAN,ADVANCE_STIRRUP_ROHAN
unit,lotr:ADVANCE_STIRRUP_ROHAN,ADVANCE_STIRRUP_ROHAN
prereq,lotr:ADVANCE_STONE_WORKING,ADVANCE_STONE_WORKING
unit,lotr:ADVANCE_STONE_WORKING,ADVANCE_STONE_WORKING
prereq,lotr:ADVANCE_STONE_WORKING_DWARVES,ADVANCE_STONE_WORKING_DWARVES
unit,lotr:ADVANCE_STONE_WORKING_DWARVES,ADVANCE_STONE_WORKING_DWARVES
prereq,lotr:ADVANCE_TOOLMAKING,ADVANCE_TOOLMAKING
unit,lotr:ADVANCE_TOOLMAKING,ADVANCE_TOOLMAKING
prereq,lotr:ADVANCE_TOOLMAKING_ORCS,ADVANCE_TOOLMAKING_ORCS
unit,lotr:ADVANCE_TOOLMAKING_ORCS,ADVANCE_TOOLMAKING_ORCS
prereq,lotr:ADVANCE_TRADE,ADVANCE_TRADE
unit,lotr:ADVANCE_TRADE,ADVANCE_TRADE
prereq,lotr:ADVANCE_TRADE_HOBBITS,ADVANCE_TRADE_HOBBITS
unit,lotr:ADVANCE_TRADE_HOBBITS,ADVANCE_TRADE_HOBBITS
prereq,lotr:ADVANCE_TRIBUNAL_EMPIRE,ADVANCE_TRIBUNAL_EMPIRE
unit,lotr:ADVANCE_TRIBUNAL_EMPIRE,ADVANCE_TRIBUNAL_EMPIRE
prereq,lotr:ADVANCE_TRIBUNAL_EMPIRE_ARNOR,ADVANCE_TRIBUNAL_EMPIRE_ARNOR
unit,lotr:ADVANCE_TRIBUNAL_EMPIRE_ARNOR,ADVANCE_TRIBUNAL_EMPIRE_ARNOR
prereq,lotr:ADVANCE_TRIBUNAL_EMPIRE_EASTERLING,ADVANCE_TRIBUNAL_EMPIRE_EASTERLING
unit,lotr:ADVANCE_TRIBUNAL_EMPIRE_EASTERLING,ADVANCE_TRIBUNAL_EMPIRE_EASTERLING
prereq,lotr:ADVANCE_TRIBUNAL_EMPIRE_GONDOR,ADVANCE_TRIBUNAL_EMPIRE_GONDOR
unit,lotr:ADVANCE_TRIBUNAL_EMPIRE_GONDOR,ADVANCE_TRIBUNAL_EMPIRE_GONDOR
prereq,lotr:ADVANCE_TRIBUNAL_EMPIRE_HOBBITS,ADVANCE_TRIBUNAL_EMPIRE_HOBBITS
unit,lotr:ADVANCE_TRIBUNAL_EMPIRE_HOBBITS,ADVANCE_TRIBUNAL_EMPIRE_HOBBITS
prereq,lotr:ADVANCE_TRIBUNAL_EMPIRE_ISENGARD,ADVANCE_TRIBUNAL_EMPIRE_ISENGARD
unit,lotr:ADVANCE_TRIBUNAL_EMPIRE_ISENGARD,ADVANCE_TRIBUNAL_EMPIRE_ISENGARD
prereq,lotr:ADVANCE_TRIBUNAL_EMPIRE_ORCS,ADVANCE_TRIBUNAL_EMPIRE_ORCS
unit,lotr:ADVANCE_TRIBUNAL_EMPIRE_ORCS,ADVANCE_TRIBUNAL_EMPIRE_ORCS
prereq,lotr:ADVANCE_TRIBUNAL_EMPIRE_ROHAN,ADVANCE_TRIBUNAL_EMPIRE_ROHAN
unit,lotr:ADVANCE_TRIBUNAL_EMPIRE_ROHAN,ADVANCE_TRIBUNAL_EMPIRE_ROHAN
prereq,lotr:ADVANCE_TRIBUNAL_EMPIRE_SINDAR,ADVANCE_TRIBUNAL_EMPIRE_SINDAR
unit,lotr:ADVANCE_TRIBUNAL_EMPIRE_SINDAR,ADVANCE_TRIBUNAL_EMPIRE_SINDAR
prereq,lotr:ADVANCE_WATER_LIFTS,ADVANCE_WATER_LIFTS
unit,lotr:ADVANCE_WATER_LIFTS,ADVANCE_WATER_LIFTS
prereq,lotr:ADVANCE_WATER_LIFTS_EASTERLING,ADVANCE_WATER_LIFTS_EASTERLING
unit,lotr:ADVANCE_WATER_LIFTS_EASTERLING,ADVANCE_WATER_LIFTS_EASTERLING
prereq,lotr:ADVANCE_WATER_LIFTS_GONDOR,ADVANCE_WATER_LIFTS_GONDOR
unit,lotr:ADVANCE_WATER_LIFTS_GONDOR,ADVANCE_WATER_LIFTS_GONDOR
prereq,lotr:ADVANCE_WATER_LIFTS_GOOD,ADVANCE_WATER_LIFTS_GOOD
unit,lotr:ADVANCE_WATER_LIFTS_GOOD,ADVANCE_WATER_LIFTS_GOOD
prereq,lotr:ADVANCE_WATER_LIFTS_HOBBITS,ADVANCE_WATER_LIFTS_HOBBITS
unit,lotr:ADVANCE_WATER_LIFTS_HOBBITS,ADVANCE_WATER_LIFTS_HOBBITS
prereq,lotr:ADVANCE_WHEEL,ADVANCE_WHEEL
unit,lotr:ADVANCE_WHEEL,ADVANCE_WHEEL
prereq,lotr:ADVANCE_WRITING,ADVANCE_WRITING
unit,lotr:ADVANCE_WRITING,ADVANCE_WRITING
prereq,lotr:ADVANCE_WRITING_ARNOR,ADVANCE_WRITING_ARNOR
unit,lotr:ADVANCE_WRITING_ARNOR,ADVANCE_WRITING_ARNOR
prereq,lotr:ADVANCE_WRITING_GONDOR,ADVANCE_WRITING_GONDOR
unit,lotr:ADVANCE_WRITING_GONDOR,ADVANCE_WRITING_GONDOR
prereq,lotr:ADVANCE_HEXTAPUL,ADVANCE_HEXTAPUL
unit,lotr:ADVANCE_HEXTAPUL,ADVANCE_HEXTAPUL
prereq,lotr:ADVANCE_ADV_INFANTRY_TACTICS,ADVANCE_ADV_INFANTRY_TACTICS
unit,lotr:ADVANCE_ADV_INFANTRY_TACTICS,ADVANCE_ADV_INFANTRY_TACTICS
prereq,lotr:ADVANCE_ADV_NAVAL_TACTICS,ADVANCE_ADV_NAVAL_TACTICS
unit,lotr:ADVANCE_ADV_NAVAL_TACTICS,ADVANCE_ADV_NAVAL_TACTICS
prereq,lotr:ADVANCE_ADV_URBAN_PLANNING,ADVANCE_ADV_URBAN_PLANNING
unit,lotr:ADVANCE_ADV_URBAN_PLANNING,ADVANCE_ADV_URBAN_PLANNING
prereq,lotr:ADVANCE_ADVANCED_COMPOSITES,ADVANCE_ADVANCED_COMPOSITES
unit,lotr:ADVANCE_ADVANCED_COMPOSITES,ADVANCE_ADVANCED_COMPOSITES
prereq,lotr:ADVANCE_AERODYNAMICS,ADVANCE_AERODYNAMICS
unit,lotr:ADVANCE_AERODYNAMICS,ADVANCE_AERODYNAMICS
prereq,lotr:ADVANCE_AGE_OF_REASON,ADVANCE_AGE_OF_REASON
unit,lotr:ADVANCE_AGE_OF_REASON,ADVANCE_AGE_OF_REASON
prereq,lotr:ADVANCE_AGRICULTURAL_REVOLUTION,ADVANCE_AGRICULTURAL_REVOLUTION
unit,lotr:ADVANCE_AGRICULTURAL_REVOLUTION,ADVANCE_AGRICULTURAL_REVOLUTION
prereq,lotr:ADVANCE_AI_SURVEILLANCE,ADVANCE_AI_SURVEILLANCE
unit,lotr:ADVANCE_AI_SURVEILLANCE,ADVANCE_AI_SURVEILLANCE
prereq,lotr:ADVANCE_ARCOLOGIES,ADVANCE_ARCOLOGIES
unit,lotr:ADVANCE_ARCOLOGIES,ADVANCE_ARCOLOGIES
prereq,lotr:ADVANCE_ASTROLABE,ADVANCE_ASTROLABE
unit,lotr:ADVANCE_ASTROLABE,ADVANCE_ASTROLABE
prereq,lotr:ADVANCE_BANKING,ADVANCE_BANKING
unit,lotr:ADVANCE_BANKING,ADVANCE_BANKING
prereq,lotr:ADVANCE_CALIPHATE,ADVANCE_CALIPHATE
unit,lotr:ADVANCE_CALIPHATE,ADVANCE_CALIPHATE
prereq,lotr:ADVANCE_CANNON_MAKING,ADVANCE_CANNON_MAKING
unit,lotr:ADVANCE_CANNON_MAKING,ADVANCE_CANNON_MAKING
prereq,lotr:ADVANCE_CAVALRY_TACTICS,ADVANCE_CAVALRY_TACTICS
unit,lotr:ADVANCE_CAVALRY_TACTICS,ADVANCE_CAVALRY_TACTICS
prereq,lotr:ADVANCE_CHAOS_THEORY,ADVANCE_CHAOS_THEORY
unit,lotr:ADVANCE_CHAOS_THEORY,ADVANCE_CHAOS_THEORY
prereq,lotr:ADVANCE_CHEMISTRY,ADVANCE_CHEMISTRY
unit,lotr:ADVANCE_CHEMISTRY,ADVANCE_CHEMISTRY
prereq,lotr:ADVANCE_CHIVALRY,ADVANCE_CHIVALRY
unit,lotr:ADVANCE_CHIVALRY,ADVANCE_CHIVALRY
prereq,lotr:ADVANCE_CHRONOMETER,ADVANCE_CHRONOMETER
unit,lotr:ADVANCE_CHRONOMETER,ADVANCE_CHRONOMETER
prereq,lotr:ADVANCE_CLASSICAL_EDUCATION,ADVANCE_CLASSICAL_EDUCATION
unit,lotr:ADVANCE_CLASSICAL_EDUCATION,ADVANCE_CLASSICAL_EDUCATION
prereq,lotr:ADVANCE_COMMUNISM,ADVANCE_COMMUNISM
unit,lotr:ADVANCE_COMMUNISM,ADVANCE_COMMUNISM
prereq,lotr:ADVANCE_COMPASS,ADVANCE_COMPASS
unit,lotr:ADVANCE_COMPASS,ADVANCE_COMPASS
prereq,lotr:ADVANCE_COMPUTER,ADVANCE_COMPUTER
unit,lotr:ADVANCE_COMPUTER,ADVANCE_COMPUTER
prereq,lotr:ADVANCE_CONSERVATION,ADVANCE_CONSERVATION
unit,lotr:ADVANCE_CONSERVATION,ADVANCE_CONSERVATION
prereq,lotr:ADVANCE_CORPORATE_REPUBLIC,ADVANCE_CORPORATE_REPUBLIC
unit,lotr:ADVANCE_CORPORATE_REPUBLIC,ADVANCE_CORPORATE_REPUBLIC
prereq,lotr:ADVANCE_CORPORATION,ADVANCE_CORPORATION
unit,lotr:ADVANCE_CORPORATION,ADVANCE_CORPORATION
prereq,lotr:ADVANCE_CRIMINAL_CODE,ADVANCE_CRIMINAL_CODE
unit,lotr:ADVANCE_CRIMINAL_CODE,ADVANCE_CRIMINAL_CODE
prereq,lotr:ADVANCE_CROSSBOW,ADVANCE_CROSSBOW
unit,lotr:ADVANCE_CROSSBOW,ADVANCE_CROSSBOW
prereq,lotr:ADVANCE_DEMOCRACY,ADVANCE_DEMOCRACY
unit,lotr:ADVANCE_DEMOCRACY,ADVANCE_DEMOCRACY
prereq,lotr:ADVANCE_DIGITAL_ENCRYPTION,ADVANCE_DIGITAL_ENCRYPTION
unit,lotr:ADVANCE_DIGITAL_ENCRYPTION,ADVANCE_DIGITAL_ENCRYPTION
prereq,lotr:ADVANCE_ECONOMICS,ADVANCE_ECONOMICS
unit,lotr:ADVANCE_ECONOMICS,ADVANCE_ECONOMICS
prereq,lotr:ADVANCE_ECOTOPIA,ADVANCE_ECOTOPIA
unit,lotr:ADVANCE_ECOTOPIA,ADVANCE_ECOTOPIA
prereq,lotr:ADVANCE_ELECTRICITY,ADVANCE_ELECTRICITY
unit,lotr:ADVANCE_ELECTRICITY,ADVANCE_ELECTRICITY
prereq,lotr:ADVANCE_EUGENICS,ADVANCE_EUGENICS
unit,lotr:ADVANCE_EUGENICS,ADVANCE_EUGENICS
prereq,lotr:ADVANCE_EXPLOSIVES,ADVANCE_EXPLOSIVES
unit,lotr:ADVANCE_EXPLOSIVES,ADVANCE_EXPLOSIVES
prereq,lotr:ADVANCE_FASCISM,ADVANCE_FASCISM
unit,lotr:ADVANCE_FASCISM,ADVANCE_FASCISM
prereq,lotr:ADVANCE_FEUDALISM,ADVANCE_FEUDALISM
unit,lotr:ADVANCE_FEUDALISM,ADVANCE_FEUDALISM
prereq,lotr:ADVANCE_FLINTLOCK,ADVANCE_FLINTLOCK
unit,lotr:ADVANCE_FLINTLOCK,ADVANCE_FLINTLOCK
prereq,lotr:ADVANCE_FUEL_CELLS,ADVANCE_FUEL_CELLS
unit,lotr:ADVANCE_FUEL_CELLS,ADVANCE_FUEL_CELLS
prereq,lotr:ADVANCE_FUSION,ADVANCE_FUSION
unit,lotr:ADVANCE_FUSION,ADVANCE_FUSION
prereq,lotr:ADVANCE_GAIA_CONTROLLER,ADVANCE_GAIA_CONTROLLER
unit,lotr:ADVANCE_GAIA_CONTROLLER,ADVANCE_GAIA_CONTROLLER
prereq,lotr:ADVANCE_GAIA_THEORY,ADVANCE_GAIA_THEORY
unit,lotr:ADVANCE_GAIA_THEORY,ADVANCE_GAIA_THEORY
prereq,lotr:ADVANCE_GENETIC_TAILORING,ADVANCE_GENETIC_TAILORING
unit,lotr:ADVANCE_GENETIC_TAILORING,ADVANCE_GENETIC_TAILORING
prereq,lotr:ADVANCE_GENETICS,ADVANCE_GENETICS
unit,lotr:ADVANCE_GENETICS,ADVANCE_GENETICS
prereq,lotr:ADVANCE_GLOBAL_COMMUNICATIONS,ADVANCE_GLOBAL_COMMUNICATIONS
unit,lotr:ADVANCE_GLOBAL_COMMUNICATIONS,ADVANCE_GLOBAL_COMMUNICATIONS
prereq,lotr:ADVANCE_GLOBAL_DEFENSE,ADVANCE_GLOBAL_DEFENSE
unit,lotr:ADVANCE_GLOBAL_DEFENSE,ADVANCE_GLOBAL_DEFENSE
prereq,lotr:ADVANCE_GLOBAL_ECONOMICS,ADVANCE_GLOBAL_ECONOMICS
unit,lotr:ADVANCE_GLOBAL_ECONOMICS,ADVANCE_GLOBAL_ECONOMICS
prereq,lotr:ADVANCE_GOTHIC_ARCHITECTURE,ADVANCE_GOTHIC_ARCHITECTURE
unit,lotr:ADVANCE_GOTHIC_ARCHITECTURE,ADVANCE_GOTHIC_ARCHITECTURE
prereq,lotr:ADVANCE_GREEK_FIRE,ADVANCE_GREEK_FIRE
unit,lotr:ADVANCE_GREEK_FIRE,ADVANCE_GREEK_FIRE
prereq,lotr:ADVANCE_GUIDED_WEAPON_SYSTEMS,ADVANCE_GUIDED_WEAPON_SYSTEMS
unit,lotr:ADVANCE_GUIDED_WEAPON_SYSTEMS,ADVANCE_GUIDED_WEAPON_SYSTEMS
prereq,lotr:ADVANCE_GUNPOWDER,ADVANCE_GUNPOWDER
unit,lotr:ADVANCE_GUNPOWDER,ADVANCE_GUNPOWDER
prereq,lotr:ADVANCE_HT_SUPERCONDUCTOR,ADVANCE_HT_SUPERCONDUCTOR
unit,lotr:ADVANCE_HT_SUPERCONDUCTOR,ADVANCE_HT_SUPERCONDUCTOR
prereq,lotr:ADVANCE_HUMAN_CLONING,ADVANCE_HUMAN_CLONING
unit,lotr:ADVANCE_HUMAN_CLONING,ADVANCE_HUMAN_CLONING
prereq,lotr:ADVANCE_INDUSTRIAL_REVOLUTION,ADVANCE_INDUSTRIAL_REVOLUTION
unit,lotr:ADVANCE_INDUSTRIAL_REVOLUTION,ADVANCE_INDUSTRIAL_REVOLUTION
prereq,lotr:ADVANCE_INTERNAL_COMBUSTION,ADVANCE_INTERNAL_COMBUSTION
unit,lotr:ADVANCE_INTERNAL_COMBUSTION,ADVANCE_INTERNAL_COMBUSTION
prereq,lotr:ADVANCE_ISLAM,ADVANCE_ISLAM
unit,lotr:ADVANCE_ISLAM,ADVANCE_ISLAM
prereq,lotr:ADVANCE_JET_PROPULSION,ADVANCE_JET_PROPULSION
unit,lotr:ADVANCE_JET_PROPULSION,ADVANCE_JET_PROPULSION
prereq,lotr:ADVANCE_LIFE_EXTENSION,ADVANCE_LIFE_EXTENSION
unit,lotr:ADVANCE_LIFE_EXTENSION,ADVANCE_LIFE_EXTENSION
prereq,lotr:ADVANCE_LIQUID_BREATHING_APPARATUS,ADVANCE_LIQUID_BREATHING_APPARATUS
unit,lotr:ADVANCE_LIQUID_BREATHING_APPARATUS,ADVANCE_LIQUID_BREATHING_APPARATUS
prereq,lotr:ADVANCE_MACHINE_TOOLS,ADVANCE_MACHINE_TOOLS
unit,lotr:ADVANCE_MACHINE_TOOLS,ADVANCE_MACHINE_TOOLS
prereq,lotr:ADVANCE_MASS_MEDIA,ADVANCE_MASS_MEDIA
unit,lotr:ADVANCE_MASS_MEDIA,ADVANCE_MASS_MEDIA
prereq,lotr:ADVANCE_MASS_PRODUCTION,ADVANCE_MASS_PRODUCTION
unit,lotr:ADVANCE_MASS_PRODUCTION,ADVANCE_MASS_PRODUCTION
prereq,lotr:ADVANCE_MASS_TRANSIT,ADVANCE_MASS_TRANSIT
unit,lotr:ADVANCE_MASS_TRANSIT,ADVANCE_MASS_TRANSIT
prereq,lotr:ADVANCE_MECHANICAL_CLOCK,ADVANCE_MECHANICAL_CLOCK
unit,lotr:ADVANCE_MECHANICAL_CLOCK,ADVANCE_MECHANICAL_CLOCK
prereq,lotr:ADVANCE_MEDICINE,ADVANCE_MEDICINE
unit,lotr:ADVANCE_MEDICINE,ADVANCE_MEDICINE
prereq,lotr:ADVANCE_MILLS,ADVANCE_MILLS
unit,lotr:ADVANCE_MILLS,ADVANCE_MILLS
prereq,lotr:ADVANCE_MODERN_METALLURGY,ADVANCE_MODERN_METALLURGY
unit,lotr:ADVANCE_MODERN_METALLURGY,ADVANCE_MODERN_METALLURGY
prereq,lotr:ADVANCE_MONARCHY,ADVANCE_MONARCHY
unit,lotr:ADVANCE_MONARCHY,ADVANCE_MONARCHY
prereq,lotr:ADVANCE_NANO_ASSEMBLY,ADVANCE_NANO_ASSEMBLY
unit,lotr:ADVANCE_NANO_ASSEMBLY,ADVANCE_NANO_ASSEMBLY
prereq,lotr:ADVANCE_NANO_MACHINES,ADVANCE_NANO_MACHINES
unit,lotr:ADVANCE_NANO_MACHINES,ADVANCE_NANO_MACHINES
prereq,lotr:ADVANCE_NANO_WARFARE,ADVANCE_NANO_WARFARE
unit,lotr:ADVANCE_NANO_WARFARE,ADVANCE_NANO_WARFARE
prereq,lotr:ADVANCE_NATIONALISM,ADVANCE_NATIONALISM
unit,lotr:ADVANCE_NATIONALISM,ADVANCE_NATIONALISM
prereq,lotr:ADVANCE_NAVAL_AVIATION,ADVANCE_NAVAL_AVIATION
unit,lotr:ADVANCE_NAVAL_AVIATION,ADVANCE_NAVAL_AVIATION
prereq,lotr:ADVANCE_NAVAL_TACTICS,ADVANCE_NAVAL_TACTICS
unit,lotr:ADVANCE_NAVAL_TACTICS,ADVANCE_NAVAL_TACTICS
prereq,lotr:ADVANCE_NEURAL_INTERFACE,ADVANCE_NEURAL_INTERFACE
unit,lotr:ADVANCE_NEURAL_INTERFACE,ADVANCE_NEURAL_INTERFACE
prereq,lotr:ADVANCE_NEURAL_REPROGRAMMING,ADVANCE_NEURAL_REPROGRAMMING
unit,lotr:ADVANCE_NEURAL_REPROGRAMMING,ADVANCE_NEURAL_REPROGRAMMING
prereq,lotr:ADVANCE_NUCLEAR_POWER,ADVANCE_NUCLEAR_POWER
unit,lotr:ADVANCE_NUCLEAR_POWER,ADVANCE_NUCLEAR_POWER
prereq,lotr:ADVANCE_OIL_REFINING,ADVANCE_OIL_REFINING
unit,lotr:ADVANCE_OIL_REFINING,ADVANCE_OIL_REFINING
prereq,lotr:ADVANCE_OPTICS,ADVANCE_OPTICS
unit,lotr:ADVANCE_OPTICS,ADVANCE_OPTICS
prereq,lotr:ADVANCE_PERSPECTIVE,ADVANCE_PERSPECTIVE
unit,lotr:ADVANCE_PERSPECTIVE,ADVANCE_PERSPECTIVE
prereq,lotr:ADVANCE_PHARMACEUTICALS,ADVANCE_PHARMACEUTICALS
unit,lotr:ADVANCE_PHARMACEUTICALS,ADVANCE_PHARMACEUTICALS
prereq,lotr:ADVANCE_PHYSICS,ADVANCE_PHYSICS
unit,lotr:ADVANCE_PHYSICS,ADVANCE_PHYSICS
prereq,lotr:ADVANCE_PLASMA_WEAPONRY,ADVANCE_PLASMA_WEAPONRY
unit,lotr:ADVANCE_PLASMA_WEAPONRY,ADVANCE_PLASMA_WEAPONRY
prereq,lotr:ADVANCE_PRINTING_PRESS,ADVANCE_PRINTING_PRESS
unit,lotr:ADVANCE_PRINTING_PRESS,ADVANCE_PRINTING_PRESS
prereq,lotr:ADVANCE_QUANTUM_MECHANICS,ADVANCE_QUANTUM_MECHANICS
unit,lotr:ADVANCE_QUANTUM_MECHANICS,ADVANCE_QUANTUM_MECHANICS
prereq,lotr:ADVANCE_RAILROAD,ADVANCE_RAILROAD
unit,lotr:ADVANCE_RAILROAD,ADVANCE_RAILROAD
prereq,lotr:ADVANCE_RENAISSANCE,ADVANCE_RENAISSANCE
unit,lotr:ADVANCE_RENAISSANCE,ADVANCE_RENAISSANCE
prereq,lotr:ADVANCE_ROBOTICS,ADVANCE_ROBOTICS
unit,lotr:ADVANCE_ROBOTICS,ADVANCE_ROBOTICS
prereq,lotr:ADVANCE_SMART_MATERIALS,ADVANCE_SMART_MATERIALS
unit,lotr:ADVANCE_SMART_MATERIALS,ADVANCE_SMART_MATERIALS
prereq,lotr:ADVANCE_SPACE_FLIGHT,ADVANCE_SPACE_FLIGHT
unit,lotr:ADVANCE_SPACE_FLIGHT,ADVANCE_SPACE_FLIGHT
prereq,lotr:ADVANCE_SUBNEURAL_ADS,ADVANCE_SUBNEURAL_ADS
unit,lotr:ADVANCE_SUBNEURAL_ADS,ADVANCE_SUBNEURAL_ADS
prereq,lotr:ADVANCE_SUPERSONIC_FLIGHT,ADVANCE_SUPERSONIC_FLIGHT
unit,lotr:ADVANCE_SUPERSONIC_FLIGHT,ADVANCE_SUPERSONIC_FLIGHT
prereq,lotr:ADVANCE_TANK_WARFARE,ADVANCE_TANK_WARFARE
unit,lotr:ADVANCE_TANK_WARFARE,ADVANCE_TANK_WARFARE
prereq,lotr:ADVANCE_TECHNOCRACY,ADVANCE_TECHNOCRACY
unit,lotr:ADVANCE_TECHNOCRACY,ADVANCE_TECHNOCRACY
prereq,lotr:ADVANCE_THEOLOGY,ADVANCE_THEOLOGY
unit,lotr:ADVANCE_THEOLOGY,ADVANCE_THEOLOGY
prereq,lotr:ADVANCE_TRADE_GUILDS,ADVANCE_TRADE_GUILDS
unit,lotr:ADVANCE_TRADE_GUILDS,ADVANCE_TRADE_GUILDS
prereq,lotr:ADVANCE_ULTRAPRESSURE_MACHINERY,ADVANCE_ULTRAPRESSURE_MACHINERY
unit,lotr:ADVANCE_ULTRAPRESSURE_MACHINERY,ADVANCE_ULTRAPRESSURE_MACHINERY
prereq,lotr:ADVANCE_UNIFIED_PHYSICS,ADVANCE_UNIFIED_PHYSICS
unit,lotr:ADVANCE_UNIFIED_PHYSICS,ADVANCE_UNIFIED_PHYSICS
prereq,lotr:ADVANCE_VERTICAL_FLIGHT_AIRCRAFT,ADVANCE_VERTICAL_FLIGHT_AIRCRAFT
unit,lotr:ADVANCE_VERTICAL_FLIGHT_AIRCRAFT,ADVANCE_VERTICAL_FLIGHT_AIRCRAFT
prereq,lotr:ADVANCE_VERNACULAR_PROSE,ADVANCE_VERNACULAR_PROSE
unit,lotr:ADVANCE_VERNACULAR_PROSE,ADVANCE_VERNACULAR_PROSE
prereq,lotr:ADVANCE_VIRTUAL_DEMOCRACY,ADVANCE_VIRTUAL_DEMOCRACY
unit,lotr:ADVANCE_VIRTUAL_DEMOCRACY,ADVANCE_VIRTUAL_DEMOCRACY
