cell_index,name,code,prereq1,prereq2,epoch,category,icon,gameplay_str,historical_str,prereq_str,vari_str,stattext_str,source
44,Alchemy,,Cmp,nil,0,3    ; AFl,ICON_ADVANCE_ALCHEMY,ADVANCE_ALCHEMY_GAMEPLAY,ADVANCE_ALCHEMY_HISTORICAL,ADVANCE_ALCHEMY_PREREQ,ADVANCE_ALCHEMY_STATISTICS,ADVANCE_ALCHEMY_PREREQ,base
44,Alphabet,,nil,nil,0,3    ; Alp,ICON_ADVANCE_ALPHABET,ADVANCE_ALPHABET_GAMEPLAY,ADVANCE_ALPHABET_HISTORICAL,ADVANCE_ALPHABET_PREREQ,ADVANCE_ALPHABET_STATISTICS,ADVANCE_ALPHABET_PREREQ,base
44,Animism,,Uni,no,0,3    ; Amp,ICON_ADVANCE_ANIMISM,ADVANCE_ANIMISM_GAMEPLAY,ADVANCE_ANIMISM_HISTORICAL,ADVANCE_ANIMISM_PREREQ,ADVANCE_ANIMISM_STATISTICS,ADVANCE_ANIMISM_PREREQ,base
44,Astrology,,Mys,Mat,0,3    ; Ast,ICON_ADVANCE_ASTROLOGY,ADVANCE_ASTROLOGY_GAMEPLAY,ADVANCE_ASTROLOGY_HISTORICAL,ADVANCE_ASTROLOGY_PREREQ,ADVANCE_ASTROLOGY_STATISTICS,ADVANCE_ASTROLOGY_PREREQ,base
44,Eldritch Lore,,Ast,nil,0,3    ; Ato,ICON_ADVANCE_ELDRITCH_LORE,ADVANCE_ELDRITCH_LORE_GAMEPLAY,ADVANCE_ELDRITCH_LORE_HISTORICAL,ADVANCE_ELDRITCH_LORE_PREREQ,ADVANCE_ELDRITCH_LORE_STATISTICS,ADVANCE_ELDRITCH_LORE_PREREQ,base
2,User Def Tech A,,no,no,0,0    ; Aut,ICON_ADVANCE_USER_DEF_TECH_A,ADVANCE_USER_DEF_TECH_A_GAMEPLAY,ADVANCE_USER_DEF_TECH_A_HISTORICAL,ADVANCE_USER_DEF_TECH_A_PREREQ,ADVANCE_USER_DEF_TECH_A_STATISTICS,ADVANCE_USER_DEF_TECH_A_PREREQ,base
10,Banking,,Rep,Tra,0,1    ; Ban,ICON_ADVANCE_BANKING,ADVANCE_BANKING_GAMEPLAY,ADVANCE_BANKING_HISTORICAL,ADVANCE_BANKING_PREREQ,ADVANCE_BANKING_STATISTICS,ADVANCE_BANKING_PREREQ,base
30,Bridge Building,,Iro,Cst,0,4    ; Bri,ICON_ADVANCE_BRIDGE_BUILDING,ADVANCE_BRIDGE_BUILDING_GAMEPLAY,ADVANCE_BRIDGE_BUILDING_HISTORICAL,ADVANCE_BRIDGE_BUILDING_PREREQ,ADVANCE_BRIDGE_BUILDING_STATISTICS,ADVANCE_BRIDGE_BUILDING_PREREQ,base
30,Bronze Working,,nil,nil,0,4    ; Bro,ICON_ADVANCE_BRONZE_WORKING,ADVANCE_BRONZE_WORKING_GAMEPLAY,ADVANCE_BRONZE_WORKING_HISTORICAL,ADVANCE_BRONZE_WORKING_PREREQ,ADVANCE_BRONZE_WORKING_STATISTICS,ADVANCE_BRONZE_WORKING_PREREQ,base
7,Ceremonial Burial,,nil,nil,0,2    ; Cer,ICON_ADVANCE_CEREMONIAL_BURIAL,ADVANCE_CEREMONIAL_BURIAL_GAMEPLAY,ADVANCE_CEREMONIAL_BURIAL_HISTORICAL,ADVANCE_CEREMONIAL_BURIAL_PREREQ,ADVANCE_CEREMONIAL_BURIAL_STATISTICS,ADVANCE_CEREMONIAL_BURIAL_PREREQ,base
44,Greater Fauna Lore,,X4,nil,0,3    ; Che,ICON_ADVANCE_GREATER_FAUNA_LORE,ADVANCE_GREATER_FAUNA_LORE_GAMEPLAY,ADVANCE_GREATER_FAUNA_LORE_HISTORICAL,ADVANCE_GREATER_FAUNA_LORE_PREREQ,ADVANCE_GREATER_FAUNA_LORE_STATISTICS,ADVANCE_GREATER_FAUNA_LORE_PREREQ,base
2,Chivalry,,Feu,nil,0,0    ; Chi,ICON_ADVANCE_CHIVALRY,ADVANCE_CHIVALRY_GAMEPLAY,ADVANCE_CHIVALRY_HISTORICAL,ADVANCE_CHIVALRY_PREREQ,ADVANCE_CHIVALRY_STATISTICS,ADVANCE_CHIVALRY_PREREQ,base
7,Code of Laws,,Alp,nil,0,2    ; CoL,ICON_ADVANCE_CODE_OF_LAWS,ADVANCE_CODE_OF_LAWS_GAMEPLAY,ADVANCE_CODE_OF_LAWS_HISTORICAL,ADVANCE_CODE_OF_LAWS_PREREQ,ADVANCE_CODE_OF_LAWS_STATISTICS,ADVANCE_CODE_OF_LAWS_PREREQ,base
44,Healing,,Ast,Phi,0,3    ; CA,ICON_ADVANCE_HEALING,ADVANCE_HEALING_GAMEPLAY,ADVANCE_HEALING_HISTORICAL,ADVANCE_HEALING_PREREQ,ADVANCE_HEALING_STATISTICS,ADVANCE_HEALING_PREREQ,base
44,Lesser Enchanments,,no,nil,0,3    ; Cmb,ICON_ADVANCE_LESSER_ENCHANMENTS,ADVANCE_LESSER_ENCHANMENTS_GAMEPLAY,ADVANCE_LESSER_ENCHANMENTS_HISTORICAL,ADVANCE_LESSER_ENCHANMENTS_PREREQ,ADVANCE_LESSER_ENCHANMENTS_STATISTICS,ADVANCE_LESSER_ENCHANMENTS_PREREQ,base
2,Extra Advance 4,,no,no,0,0    ; Cmn,ICON_ADVANCE_EXTRA_ADVANCE_4,ADVANCE_EXTRA_ADVANCE_4_GAMEPLAY,ADVANCE_EXTRA_ADVANCE_4_HISTORICAL,ADVANCE_EXTRA_ADVANCE_4_PREREQ,ADVANCE_EXTRA_ADVANCE_4_STATISTICS,ADVANCE_EXTRA_ADVANCE_4_PREREQ,base
44,Metamorphosis,,E1,Cst,0,3    ; Cmp,ICON_ADVANCE_METAMORPHOSIS,ADVANCE_METAMORPHOSIS_GAMEPLAY,ADVANCE_METAMORPHOSIS_HISTORICAL,ADVANCE_METAMORPHOSIS_PREREQ,ADVANCE_METAMORPHOSIS_STATISTICS,ADVANCE_METAMORPHOSIS_PREREQ,base
30,Construction,,Mas,Cur,0,4    ; Cst,ICON_ADVANCE_CONSTRUCTION,ADVANCE_CONSTRUCTION_GAMEPLAY,ADVANCE_CONSTRUCTION_HISTORICAL,ADVANCE_CONSTRUCTION_PREREQ,ADVANCE_CONSTRUCTION_STATISTICS,ADVANCE_CONSTRUCTION_PREREQ,base
44,Pantheism,,Cer,Env,0,3    ; Cor,ICON_ADVANCE_PANTHEISM,ADVANCE_PANTHEISM_GAMEPLAY,ADVANCE_PANTHEISM_HISTORICAL,ADVANCE_PANTHEISM_PREREQ,ADVANCE_PANTHEISM_STATISTICS,ADVANCE_PANTHEISM_PREREQ,base
10,Currency,,Bro,nil,0,1    ; Cur,ICON_ADVANCE_CURRENCY,ADVANCE_CURRENCY_GAMEPLAY,ADVANCE_CURRENCY_HISTORICAL,ADVANCE_CURRENCY_PREREQ,ADVANCE_CURRENCY_STATISTICS,ADVANCE_CURRENCY_PREREQ,base
44,Rune Lore,,X6,Lit,0,3    ; E1,ICON_ADVANCE_RUNE_LORE,ADVANCE_RUNE_LORE_GAMEPLAY,ADVANCE_RUNE_LORE_HISTORICAL,ADVANCE_RUNE_LORE_PREREQ,ADVANCE_RUNE_LORE_STATISTICS,ADVANCE_RUNE_LORE_PREREQ,base
44,Sea Mastery,,Iro,U3,0,3    ; Eng,ICON_ADVANCE_SEA_MASTERY,ADVANCE_SEA_MASTERY_GAMEPLAY,ADVANCE_SEA_MASTERY_HISTORICAL,ADVANCE_SEA_MASTERY_PREREQ,ADVANCE_SEA_MASTERY_STATISTICS,ADVANCE_SEA_MASTERY_PREREQ,base
44,Shamanism,,nil,nil,0,3    ; Env,ICON_ADVANCE_SHAMANISM,ADVANCE_SHAMANISM_GAMEPLAY,ADVANCE_SHAMANISM_HISTORICAL,ADVANCE_SHAMANISM_PREREQ,ADVANCE_SHAMANISM_STATISTICS,ADVANCE_SHAMANISM_PREREQ,base
44,Thaumaturgy,,The,X6,0,3    ; Esp,ICON_ADVANCE_THAUMATURGY,ADVANCE_THAUMATURGY_GAMEPLAY,ADVANCE_THAUMATURGY_HISTORICAL,ADVANCE_THAUMATURGY_PREREQ,ADVANCE_THAUMATURGY_STATISTICS,ADVANCE_THAUMATURGY_PREREQ,base
2,Tactics,,Tac,Uni,0,0    ; Exp,ICON_ADVANCE_TACTICS,ADVANCE_TACTICS_GAMEPLAY,ADVANCE_TACTICS_HISTORICAL,ADVANCE_TACTICS_PREREQ,ADVANCE_TACTICS_STATISTICS,ADVANCE_TACTICS_PREREQ,base
2,Feudalism,,War,nil,0,0    ; Feu,ICON_ADVANCE_FEUDALISM,ADVANCE_FEUDALISM_GAMEPLAY,ADVANCE_FEUDALISM_HISTORICAL,ADVANCE_FEUDALISM_PREREQ,ADVANCE_FEUDALISM_STATISTICS,ADVANCE_FEUDALISM_PREREQ,base
44,Wizardry,,AFl,nil,0,3    ; Fli,ICON_ADVANCE_WIZARDRY,ADVANCE_WIZARDRY_GAMEPLAY,ADVANCE_WIZARDRY_HISTORICAL,ADVANCE_WIZARDRY_PREREQ,ADVANCE_WIZARDRY_STATISTICS,ADVANCE_WIZARDRY_PREREQ,base
44,Glyphs,,no,no,0,3    ; FP,ICON_ADVANCE_GLYPHS,ADVANCE_GLYPHS_GAMEPLAY,ADVANCE_GLYPHS_HISTORICAL,ADVANCE_GLYPHS_PREREQ,ADVANCE_GLYPHS_STATISTICS,ADVANCE_GLYPHS_PREREQ,base
45,Life Magic,,NF,nil,1,2    ; Gen,ICON_ADVANCE_LIFE_MAGIC,ADVANCE_LIFE_MAGIC_GAMEPLAY,ADVANCE_LIFE_MAGIC_HISTORICAL,ADVANCE_LIFE_MAGIC_PREREQ,ADVANCE_LIFE_MAGIC_STATISTICS,ADVANCE_LIFE_MAGIC_PREREQ,base
62,Chaos Magic,,NF,nil,1,0    ; Gun,ICON_ADVANCE_CHAOS_MAGIC,ADVANCE_CHAOS_MAGIC_GAMEPLAY,ADVANCE_CHAOS_MAGIC_HISTORICAL,ADVANCE_CHAOS_MAGIC_PREREQ,ADVANCE_CHAOS_MAGIC_STATISTICS,ADVANCE_CHAOS_MAGIC_PREREQ,base
56,Sorcery,,NF,nil,1,4    ; Hor,ICON_ADVANCE_SORCERY,ADVANCE_SORCERY_GAMEPLAY,ADVANCE_SORCERY_HISTORICAL,ADVANCE_SORCERY_PREREQ,ADVANCE_SORCERY_STATISTICS,ADVANCE_SORCERY_PREREQ,base
45,Life Lore,,Gen,Ato,1,2    ; Inv,ICON_ADVANCE_LIFE_LORE,ADVANCE_LIFE_LORE_GAMEPLAY,ADVANCE_LIFE_LORE_HISTORICAL,ADVANCE_LIFE_LORE_PREREQ,ADVANCE_LIFE_LORE_STATISTICS,ADVANCE_LIFE_LORE_PREREQ,base
30,Iron Working,,Bro,War,0,4    ; Iro,ICON_ADVANCE_IRON_WORKING,ADVANCE_IRON_WORKING_GAMEPLAY,ADVANCE_IRON_WORKING_HISTORICAL,ADVANCE_IRON_WORKING_PREREQ,ADVANCE_IRON_WORKING_STATISTICS,ADVANCE_IRON_WORKING_PREREQ,base
45,Life Adept,,Inv,nil,1,2    ; Lab,ICON_ADVANCE_LIFE_ADEPT,ADVANCE_LIFE_ADEPT_GAMEPLAY,ADVANCE_LIFE_ADEPT_HISTORICAL,ADVANCE_LIFE_ADEPT_PREREQ,ADVANCE_LIFE_ADEPT_STATISTICS,ADVANCE_LIFE_ADEPT_PREREQ,base
45,Life Mage,,Lab,nil,1,2    ; Las,ICON_ADVANCE_LIFE_MAGE,ADVANCE_LIFE_MAGE_GAMEPLAY,ADVANCE_LIFE_MAGE_HISTORICAL,ADVANCE_LIFE_MAGE_PREREQ,ADVANCE_LIFE_MAGE_STATISTICS,ADVANCE_LIFE_MAGE_PREREQ,base
2,Holy Warriors,,Chi,The,0,0    ; Ldr,ICON_ADVANCE_HOLY_WARRIORS,ADVANCE_HOLY_WARRIORS_GAMEPLAY,ADVANCE_HOLY_WARRIORS_HISTORICAL,ADVANCE_HOLY_WARRIORS_PREREQ,ADVANCE_HOLY_WARRIORS_STATISTICS,ADVANCE_HOLY_WARRIORS_PREREQ,base
44,Literacy,,Wri,CoL,0,3    ; Lit,ICON_ADVANCE_LITERACY,ADVANCE_LITERACY_GAMEPLAY,ADVANCE_LITERACY_HISTORICAL,ADVANCE_LITERACY_PREREQ,ADVANCE_LITERACY_STATISTICS,ADVANCE_LITERACY_PREREQ,base
45,Life Wizard,,Las,nil,1,2    ; Too,ICON_ADVANCE_LIFE_WIZARD,ADVANCE_LIFE_WIZARD_GAMEPLAY,ADVANCE_LIFE_WIZARD_HISTORICAL,ADVANCE_LIFE_WIZARD_PREREQ,ADVANCE_LIFE_WIZARD_STATISTICS,ADVANCE_LIFE_WIZARD_PREREQ,base
45,Life Master,,Too,nil,1,2    ; Mag,ICON_ADVANCE_LIFE_MASTER,ADVANCE_LIFE_MASTER_GAMEPLAY,ADVANCE_LIFE_MASTER_HISTORICAL,ADVANCE_LIFE_MASTER_PREREQ,ADVANCE_LIFE_MASTER_STATISTICS,ADVANCE_LIFE_MASTER_PREREQ,base
10,Map Making,,Alp,nil,0,1    ; Map,ICON_ADVANCE_MAP_MAKING,ADVANCE_MAP_MAKING_GAMEPLAY,ADVANCE_MAP_MAKING_HISTORICAL,ADVANCE_MAP_MAKING_PREREQ,ADVANCE_MAP_MAKING_STATISTICS,ADVANCE_MAP_MAKING_PREREQ,base
30,Masonry,,nil,nil,0,4    ; Mas,ICON_ADVANCE_MASONRY,ADVANCE_MASONRY_GAMEPLAY,ADVANCE_MASONRY_HISTORICAL,ADVANCE_MASONRY_PREREQ,ADVANCE_MASONRY_STATISTICS,ADVANCE_MASONRY_PREREQ,base
62,Chaos Lore,,Gun,Ato,1,0    ; MP,ICON_ADVANCE_CHAOS_LORE,ADVANCE_CHAOS_LORE_GAMEPLAY,ADVANCE_CHAOS_LORE_HISTORICAL,ADVANCE_CHAOS_LORE_PREREQ,ADVANCE_CHAOS_LORE_STATISTICS,ADVANCE_CHAOS_LORE_PREREQ,base
44,Mathematics,,Alp,Mas,0,3    ; Mat,ICON_ADVANCE_MATHEMATICS,ADVANCE_MATHEMATICS_GAMEPLAY,ADVANCE_MATHEMATICS_HISTORICAL,ADVANCE_MATHEMATICS_PREREQ,ADVANCE_MATHEMATICS_STATISTICS,ADVANCE_MATHEMATICS_PREREQ,base
62,Chaos Adept,,MP,nil,1,0    ; Med,ICON_ADVANCE_CHAOS_ADEPT,ADVANCE_CHAOS_ADEPT_GAMEPLAY,ADVANCE_CHAOS_ADEPT_HISTORICAL,ADVANCE_CHAOS_ADEPT_PREREQ,ADVANCE_CHAOS_ADEPT_STATISTICS,ADVANCE_CHAOS_ADEPT_PREREQ,base
62,Chaos Mage,,Med,nil,1,0    ; Met,ICON_ADVANCE_CHAOS_MAGE,ADVANCE_CHAOS_MAGE_GAMEPLAY,ADVANCE_CHAOS_MAGE_HISTORICAL,ADVANCE_CHAOS_MAGE_PREREQ,ADVANCE_CHAOS_MAGE_STATISTICS,ADVANCE_CHAOS_MAGE_PREREQ,base
62,Chaos Wizard,,Met,nil,1,0    ; Min,ICON_ADVANCE_CHAOS_WIZARD,ADVANCE_CHAOS_WIZARD_GAMEPLAY,ADVANCE_CHAOS_WIZARD_HISTORICAL,ADVANCE_CHAOS_WIZARD_PREREQ,ADVANCE_CHAOS_WIZARD_STATISTICS,ADVANCE_CHAOS_WIZARD_PREREQ,base
62,Chaos Master,,Min,nil,1,0    ; Mob,ICON_ADVANCE_CHAOS_MASTER,ADVANCE_CHAOS_MASTER_GAMEPLAY,ADVANCE_CHAOS_MASTER_HISTORICAL,ADVANCE_CHAOS_MASTER_PREREQ,ADVANCE_CHAOS_MASTER_STATISTICS,ADVANCE_CHAOS_MASTER_PREREQ,base
7,Monarchy,,Cer,CoL,0,2    ; Mon,ICON_ADVANCE_MONARCHY,ADVANCE_MONARCHY_GAMEPLAY,ADVANCE_MONARCHY_HISTORICAL,ADVANCE_MONARCHY_PREREQ,ADVANCE_MONARCHY_STATISTICS,ADVANCE_MONARCHY_PREREQ,base
7,Theology,,Phi,Feu,0,2    ; MT,ICON_ADVANCE_THEOLOGY,ADVANCE_THEOLOGY_GAMEPLAY,ADVANCE_THEOLOGY_HISTORICAL,ADVANCE_THEOLOGY_PREREQ,ADVANCE_THEOLOGY_STATISTICS,ADVANCE_THEOLOGY_PREREQ,base
7,Mysticism,,Cer,nil,0,2    ; Mys,ICON_ADVANCE_MYSTICISM,ADVANCE_MYSTICISM_GAMEPLAY,ADVANCE_MYSTICISM_HISTORICAL,ADVANCE_MYSTICISM_PREREQ,ADVANCE_MYSTICISM_STATISTICS,ADVANCE_MYSTICISM_PREREQ,base
10,Navigation,,Sea,Ast,0,1    ; Nav,ICON_ADVANCE_NAVIGATION,ADVANCE_NAVIGATION_GAMEPLAY,ADVANCE_NAVIGATION_HISTORICAL,ADVANCE_NAVIGATION_PREREQ,ADVANCE_NAVIGATION_STATISTICS,ADVANCE_NAVIGATION_PREREQ,base
2,Grand Mastery,,Exp,Fli,0,0    ; NF,ICON_ADVANCE_GRAND_MASTERY,ADVANCE_GRAND_MASTERY_GAMEPLAY,ADVANCE_GRAND_MASTERY_HISTORICAL,ADVANCE_GRAND_MASTERY_PREREQ,ADVANCE_GRAND_MASTERY_STATISTICS,ADVANCE_GRAND_MASTERY_PREREQ,base
56,Sorcery Mage,,X2,nil,1,4    ; NP,ICON_ADVANCE_SORCERY_MAGE,ADVANCE_SORCERY_MAGE_GAMEPLAY,ADVANCE_SORCERY_MAGE_HISTORICAL,ADVANCE_SORCERY_MAGE_PREREQ,ADVANCE_SORCERY_MAGE_STATISTICS,ADVANCE_SORCERY_MAGE_PREREQ,base
7,Philosophy,,Mys,Lit,0,2    ; Phi,ICON_ADVANCE_PHILOSOPHY,ADVANCE_PHILOSOPHY_GAMEPLAY,ADVANCE_PHILOSOPHY_HISTORICAL,ADVANCE_PHILOSOPHY_PREREQ,ADVANCE_PHILOSOPHY_STATISTICS,ADVANCE_PHILOSOPHY_PREREQ,base
56,Sorcery Wizard,,NP,nil,1,4    ; Phy,ICON_ADVANCE_SORCERY_WIZARD,ADVANCE_SORCERY_WIZARD_GAMEPLAY,ADVANCE_SORCERY_WIZARD_HISTORICAL,ADVANCE_SORCERY_WIZARD_PREREQ,ADVANCE_SORCERY_WIZARD_STATISTICS,ADVANCE_SORCERY_WIZARD_PREREQ,base
56,Sorcery Master,,Phy,nil,1,4    ; Pla,ICON_ADVANCE_SORCERY_MASTER,ADVANCE_SORCERY_MASTER_GAMEPLAY,ADVANCE_SORCERY_MASTER_HISTORICAL,ADVANCE_SORCERY_MASTER_PREREQ,ADVANCE_SORCERY_MASTER_STATISTICS,ADVANCE_SORCERY_MASTER_PREREQ,base
40,Nature Lore,,X1,Ato,1,1    ; Plu,ICON_ADVANCE_NATURE_LORE,ADVANCE_NATURE_LORE_GAMEPLAY,ADVANCE_NATURE_LORE_HISTORICAL,ADVANCE_NATURE_LORE_PREREQ,ADVANCE_NATURE_LORE_STATISTICS,ADVANCE_NATURE_LORE_PREREQ,base
40,Nature Adept,,Plu,nil,1,1    ; PT,ICON_ADVANCE_NATURE_ADEPT,ADVANCE_NATURE_ADEPT_GAMEPLAY,ADVANCE_NATURE_ADEPT_HISTORICAL,ADVANCE_NATURE_ADEPT_PREREQ,ADVANCE_NATURE_ADEPT_STATISTICS,ADVANCE_NATURE_ADEPT_PREREQ,base
10,Pottery,,nil,nil,0,1    ; Pot,ICON_ADVANCE_POTTERY,ADVANCE_POTTERY_GAMEPLAY,ADVANCE_POTTERY_HISTORICAL,ADVANCE_POTTERY_PREREQ,ADVANCE_POTTERY_STATISTICS,ADVANCE_POTTERY_PREREQ,base
40,Nature Mage,,PT,nil,1,1    ; Rad,ICON_ADVANCE_NATURE_MAGE,ADVANCE_NATURE_MAGE_GAMEPLAY,ADVANCE_NATURE_MAGE_HISTORICAL,ADVANCE_NATURE_MAGE_PREREQ,ADVANCE_NATURE_MAGE_STATISTICS,ADVANCE_NATURE_MAGE_PREREQ,base
44,Greater Enchantments,,no,nil,0,3    ; RR,ICON_ADVANCE_GREATER_ENCHANTMENTS,ADVANCE_GREATER_ENCHANTMENTS_GAMEPLAY,ADVANCE_GREATER_ENCHANTMENTS_HISTORICAL,ADVANCE_GREATER_ENCHANTMENTS_PREREQ,ADVANCE_GREATER_ENCHANTMENTS_STATISTICS,ADVANCE_GREATER_ENCHANTMENTS_PREREQ,base
40,Nature Wizard,,Rad,nil,1,1    ; Rec,ICON_ADVANCE_NATURE_WIZARD,ADVANCE_NATURE_WIZARD_GAMEPLAY,ADVANCE_NATURE_WIZARD_HISTORICAL,ADVANCE_NATURE_WIZARD_PREREQ,ADVANCE_NATURE_WIZARD_STATISTICS,ADVANCE_NATURE_WIZARD_PREREQ,base
40,Nature Master,,Rec,nil,1,1    ; Ref,ICON_ADVANCE_NATURE_MASTER,ADVANCE_NATURE_MASTER_GAMEPLAY,ADVANCE_NATURE_MASTER_HISTORICAL,ADVANCE_NATURE_MASTER_PREREQ,ADVANCE_NATURE_MASTER_STATISTICS,ADVANCE_NATURE_MASTER_PREREQ,base
46,Death Lore,,U2,Ato,1,3    ; Rfg,ICON_ADVANCE_DEATH_LORE,ADVANCE_DEATH_LORE_GAMEPLAY,ADVANCE_DEATH_LORE_HISTORICAL,ADVANCE_DEATH_LORE_PREREQ,ADVANCE_DEATH_LORE_STATISTICS,ADVANCE_DEATH_LORE_PREREQ,base
7,The Republic,,Lit,nil,0,2    ; Rep,ICON_ADVANCE_THE_REPUBLIC,ADVANCE_THE_REPUBLIC_GAMEPLAY,ADVANCE_THE_REPUBLIC_HISTORICAL,ADVANCE_THE_REPUBLIC_PREREQ,ADVANCE_THE_REPUBLIC_STATISTICS,ADVANCE_THE_REPUBLIC_PREREQ,base
46,Death Adept,,Rfg,nil,1,3    ; Rob,ICON_ADVANCE_DEATH_ADEPT,ADVANCE_DEATH_ADEPT_GAMEPLAY,ADVANCE_DEATH_ADEPT_HISTORICAL,ADVANCE_DEATH_ADEPT_PREREQ,ADVANCE_DEATH_ADEPT_STATISTICS,ADVANCE_DEATH_ADEPT_PREREQ,base
10,Sanitation,,CA,nil,0,1    ; San,ICON_ADVANCE_SANITATION,ADVANCE_SANITATION_GAMEPLAY,ADVANCE_SANITATION_HISTORICAL,ADVANCE_SANITATION_PREREQ,ADVANCE_SANITATION_STATISTICS,ADVANCE_SANITATION_PREREQ,base
10,Seafaring,,Map,Pot,0,1    ; Sea,ICON_ADVANCE_SEAFARING,ADVANCE_SEAFARING_GAMEPLAY,ADVANCE_SEAFARING_HISTORICAL,ADVANCE_SEAFARING_PREREQ,ADVANCE_SEAFARING_STATISTICS,ADVANCE_SEAFARING_PREREQ,base
46,Death Mage,,Rob,nil,1,3    ; SFl,ICON_ADVANCE_DEATH_MAGE,ADVANCE_DEATH_MAGE_GAMEPLAY,ADVANCE_DEATH_MAGE_HISTORICAL,ADVANCE_DEATH_MAGE_PREREQ,ADVANCE_DEATH_MAGE_STATISTICS,ADVANCE_DEATH_MAGE_PREREQ,base
46,Death Wizard,,SFl,nil,1,3    ; Sth,ICON_ADVANCE_DEATH_WIZARD,ADVANCE_DEATH_WIZARD_GAMEPLAY,ADVANCE_DEATH_WIZARD_HISTORICAL,ADVANCE_DEATH_WIZARD_PREREQ,ADVANCE_DEATH_WIZARD_STATISTICS,ADVANCE_DEATH_WIZARD_PREREQ,base
46,Death Master,,Sth,nil,1,3    ; SE,ICON_ADVANCE_DEATH_MASTER,ADVANCE_DEATH_MASTER_GAMEPLAY,ADVANCE_DEATH_MASTER_HISTORICAL,ADVANCE_DEATH_MASTER_PREREQ,ADVANCE_DEATH_MASTER_STATISTICS,ADVANCE_DEATH_MASTER_PREREQ,base
2,Leadership,,Chi,Uni,0,0    ; Tac,ICON_ADVANCE_LEADERSHIP,ADVANCE_LEADERSHIP_GAMEPLAY,ADVANCE_LEADERSHIP_HISTORICAL,ADVANCE_LEADERSHIP_PREREQ,ADVANCE_LEADERSHIP_STATISTICS,ADVANCE_LEADERSHIP_PREREQ,base
56,Sorcerous Lore,,Hor,Ato,1,4    ; The,ICON_ADVANCE_SORCEROUS_LORE,ADVANCE_SORCEROUS_LORE_GAMEPLAY,ADVANCE_SORCEROUS_LORE_HISTORICAL,ADVANCE_SORCEROUS_LORE_PREREQ,ADVANCE_SORCEROUS_LORE_STATISTICS,ADVANCE_SORCEROUS_LORE_PREREQ,base
10,Trade,,Cur,CoL,0,1    ; Tra,ICON_ADVANCE_TRADE,ADVANCE_TRADE_GAMEPLAY,ADVANCE_TRADE_HISTORICAL,ADVANCE_TRADE_PREREQ,ADVANCE_TRADE_STATISTICS,ADVANCE_TRADE_PREREQ,base
44,University,,Mat,Phi,0,3    ; Uni,ICON_ADVANCE_UNIVERSITY,ADVANCE_UNIVERSITY_GAMEPLAY,ADVANCE_UNIVERSITY_HISTORICAL,ADVANCE_UNIVERSITY_PREREQ,ADVANCE_UNIVERSITY_STATISTICS,ADVANCE_UNIVERSITY_PREREQ,base
2,Warrior Code,,nil,nil,0,0    ; War,ICON_ADVANCE_WARRIOR_CODE,ADVANCE_WARRIOR_CODE_GAMEPLAY,ADVANCE_WARRIOR_CODE_HISTORICAL,ADVANCE_WARRIOR_CODE_PREREQ,ADVANCE_WARRIOR_CODE_STATISTICS,ADVANCE_WARRIOR_CODE_PREREQ,base
44,Writing,,Alp,nil,0,3    ; Wri,ICON_ADVANCE_WRITING,ADVANCE_WRITING_GAMEPLAY,ADVANCE_WRITING_HISTORICAL,ADVANCE_WRITING_PREREQ,ADVANCE_WRITING_STATISTICS,ADVANCE_WRITING_PREREQ,base
66,Future Technology,,Sth,MP,3,3    ; ...,ICON_ADVANCE_FUTURE_TECHNOLOGY,ADVANCE_FUTURE_TECHNOLOGY_GAMEPLAY,ADVANCE_FUTURE_TECHNOLOGY_HISTORICAL,ADVANCE_FUTURE_TECHNOLOGY_PREREQ,ADVANCE_FUTURE_TECHNOLOGY_STATISTICS,ADVANCE_FUTURE_TECHNOLOGY_PREREQ,base
44,Forces of Nature,,Amp,nil,0,3    ; U1,ICON_ADVANCE_FORCES_OF_NATURE,ADVANCE_FORCES_OF_NATURE_GAMEPLAY,ADVANCE_FORCES_OF_NATURE_HISTORICAL,ADVANCE_FORCES_OF_NATURE_PREREQ,ADVANCE_FORCES_OF_NATURE_STATISTICS,ADVANCE_FORCES_OF_NATURE_PREREQ,base
46,Death Magic,,NF,nil,1,3    ; U2,ICON_ADVANCE_DEATH_MAGIC,ADVANCE_DEATH_MAGIC_GAMEPLAY,ADVANCE_DEATH_MAGIC_HISTORICAL,ADVANCE_DEATH_MAGIC_PREREQ,ADVANCE_DEATH_MAGIC_STATISTICS,ADVANCE_DEATH_MAGIC_PREREQ,base
44,Sea Lore,,Nav,nil,0,3    ; U3,ICON_ADVANCE_SEA_LORE,ADVANCE_SEA_LORE_GAMEPLAY,ADVANCE_SEA_LORE_HISTORICAL,ADVANCE_SEA_LORE_PREREQ,ADVANCE_SEA_LORE_STATISTICS,ADVANCE_SEA_LORE_PREREQ,base
40,Nature Magic,,NF,nil,1,1    ; X1,ICON_ADVANCE_NATURE_MAGIC,ADVANCE_NATURE_MAGIC_GAMEPLAY,ADVANCE_NATURE_MAGIC_HISTORICAL,ADVANCE_NATURE_MAGIC_PREREQ,ADVANCE_NATURE_MAGIC_STATISTICS,ADVANCE_NATURE_MAGIC_PREREQ,base
56,Sorcery Adept,,The,nil,1,4    ; X2,ICON_ADVANCE_SORCERY_ADEPT,ADVANCE_SORCERY_ADEPT_GAMEPLAY,ADVANCE_SORCERY_ADEPT_HISTORICAL,ADVANCE_SORCERY_ADEPT_PREREQ,ADVANCE_SORCERY_ADEPT_STATISTICS,ADVANCE_SORCERY_ADEPT_PREREQ,base
44,Artificing,,Esp,nil,0,3    ; X3,ICON_ADVANCE_ARTIFICING,ADVANCE_ARTIFICING_GAMEPLAY,ADVANCE_ARTIFICING_HISTORICAL,ADVANCE_ARTIFICING_PREREQ,ADVANCE_ARTIFICING_STATISTICS,ADVANCE_ARTIFICING_PREREQ,base
44,Lesser Fauna Lore,,Amp,nil,0,3    ; X4,ICON_ADVANCE_LESSER_FAUNA_LORE,ADVANCE_LESSER_FAUNA_LORE_GAMEPLAY,ADVANCE_LESSER_FAUNA_LORE_HISTORICAL,ADVANCE_LESSER_FAUNA_LORE_PREREQ,ADVANCE_LESSER_FAUNA_LORE_STATISTICS,ADVANCE_LESSER_FAUNA_LORE_PREREQ,base
44,Pyrotechnics,,Ato,nil,0,3    ; X5,ICON_ADVANCE_PYROTECHNICS,ADVANCE_PYROTECHNICS_GAMEPLAY,ADVANCE_PYROTECHNICS_HISTORICAL,ADVANCE_PYROTECHNICS_PREREQ,ADVANCE_PYROTECHNICS_STATISTICS,ADVANCE_PYROTECHNICS_PREREQ,base
44,Occult Studies,,Env,nil,0,3    ; X6,ICON_ADVANCE_OCCULT_STUDIES,ADVANCE_OCCULT_STUDIES_GAMEPLAY,ADVANCE_OCCULT_STUDIES_HISTORICAL,ADVANCE_OCCULT_STUDIES_PREREQ,ADVANCE_OCCULT_STUDIES_STATISTICS,ADVANCE_OCCULT_STUDIES_PREREQ,base
0,zz Advanced Flight,homm2:AFl,no,no,3,4,ICON_ADVANCE_ZZ_ADVANCED_FLIGHT,ADVANCE_ZZ_ADVANCED_FLIGHT_GAMEPLAY,ADVANCE_ZZ_ADVANCED_FLIGHT_HISTORICAL,ADVANCE_ZZ_ADVANCED_FLIGHT_PREREQ,ADVANCE_ZZ_ADVANCED_FLIGHT_STATISTICS,ADVANCE_ZZ_ADVANCED_FLIGHT_PREREQ,homm2
1,Knowledge Lvl. 1,homm2:Alp,nil,nil,1,1,ICON_ADVANCE_KNOWLEDGE_LVL_1,ADVANCE_KNOWLEDGE_LVL_1_GAMEPLAY,ADVANCE_KNOWLEDGE_LVL_1_HISTORICAL,ADVANCE_KNOWLEDGE_LVL_1_PREREQ,ADVANCE_KNOWLEDGE_LVL_1_STATISTICS,ADVANCE_KNOWLEDGE_LVL_1_PREREQ,homm2
2,Creatures Lvl. 6,homm2:Amp,homm2:Stl,homm2:U1,3,3,ICON_ADVANCE_CREATURES_LVL_6,ADVANCE_CREATURES_LVL_6_GAMEPLAY,ADVANCE_CREATURES_LVL_6_HISTORICAL,ADVANCE_CREATURES_LVL_6_PREREQ,ADVANCE_CREATURES_LVL_6_STATISTICS,ADVANCE_CREATURES_LVL_6_PREREQ,homm2
3,Creatures Lvl. 2,homm2:Ast,homm2:ToG,homm2:War,1,3,ICON_ADVANCE_CREATURES_LVL_2,ADVANCE_CREATURES_LVL_2_GAMEPLAY,ADVANCE_CREATURES_LVL_2_HISTORICAL,ADVANCE_CREATURES_LVL_2_PREREQ,ADVANCE_CREATURES_LVL_2_STATISTICS,ADVANCE_CREATURES_LVL_2_PREREQ,homm2
4,Creatures Lvl. 4,homm2:Ato,homm2:Plu,homm2:Whe,3,3,ICON_ADVANCE_CREATURES_LVL_4,ADVANCE_CREATURES_LVL_4_GAMEPLAY,ADVANCE_CREATURES_LVL_4_HISTORICAL,ADVANCE_CREATURES_LVL_4_PREREQ,ADVANCE_CREATURES_LVL_4_STATISTICS,ADVANCE_CREATURES_LVL_4_PREREQ,homm2
5,Buildings Lvl. 1,homm2:Aut,nil,nil,0,4,ICON_ADVANCE_BUILDINGS_LVL_1,ADVANCE_BUILDINGS_LVL_1_GAMEPLAY,ADVANCE_BUILDINGS_LVL_1_HISTORICAL,ADVANCE_BUILDINGS_LVL_1_PREREQ,ADVANCE_BUILDINGS_LVL_1_STATISTICS,ADVANCE_BUILDINGS_LVL_1_PREREQ,homm2
6,Economy Lvl. 3,homm2:Ban,homm2:Tra,homm2:Wri,0,1,ICON_ADVANCE_ECONOMY_LVL_3,ADVANCE_ECONOMY_LVL_3_GAMEPLAY,ADVANCE_ECONOMY_LVL_3_HISTORICAL,ADVANCE_ECONOMY_LVL_3_PREREQ,ADVANCE_ECONOMY_LVL_3_STATISTICS,ADVANCE_ECONOMY_LVL_3_PREREQ,homm2
7,Buildings Lvl. 3,homm2:Bri,homm2:Cst,homm2:Ast,0,4,ICON_ADVANCE_BUILDINGS_LVL_3,ADVANCE_BUILDINGS_LVL_3_GAMEPLAY,ADVANCE_BUILDINGS_LVL_3_HISTORICAL,ADVANCE_BUILDINGS_LVL_3_PREREQ,ADVANCE_BUILDINGS_LVL_3_STATISTICS,ADVANCE_BUILDINGS_LVL_3_PREREQ,homm2
8,KNIGHT,homm2:Bro,nil,no,0,4,ICON_ADVANCE_KNIGHT,ADVANCE_KNIGHT_GAMEPLAY,ADVANCE_KNIGHT_HISTORICAL,ADVANCE_KNIGHT_PREREQ,ADVANCE_KNIGHT_STATISTICS,ADVANCE_KNIGHT_PREREQ,homm2
9,Happiness Lvl. 1,homm2:Cer,nil,nil,0,3,ICON_ADVANCE_HAPPINESS_LVL_1,ADVANCE_HAPPINESS_LVL_1_GAMEPLAY,ADVANCE_HAPPINESS_LVL_1_HISTORICAL,ADVANCE_HAPPINESS_LVL_1_PREREQ,ADVANCE_HAPPINESS_LVL_1_STATISTICS,ADVANCE_HAPPINESS_LVL_1_PREREQ,homm2
10,Knowledge Lvl. 7,homm2:Che,homm2:Phy,homm2:Cmn,3,1,ICON_ADVANCE_KNOWLEDGE_LVL_7,ADVANCE_KNOWLEDGE_LVL_7_GAMEPLAY,ADVANCE_KNOWLEDGE_LVL_7_HISTORICAL,ADVANCE_KNOWLEDGE_LVL_7_PREREQ,ADVANCE_KNOWLEDGE_LVL_7_STATISTICS,ADVANCE_KNOWLEDGE_LVL_7_PREREQ,homm2
11,zz Chivalry,homm2:Chi,no,no,1,0,ICON_ADVANCE_ZZ_CHIVALRY,ADVANCE_ZZ_CHIVALRY_GAMEPLAY,ADVANCE_ZZ_CHIVALRY_HISTORICAL,ADVANCE_ZZ_CHIVALRY_PREREQ,ADVANCE_ZZ_CHIVALRY_STATISTICS,ADVANCE_ZZ_CHIVALRY_PREREQ,homm2
12,Leadership Lvl. 1,homm2:CoL,nil,nil,0,2,ICON_ADVANCE_LEADERSHIP_LVL_1,ADVANCE_LEADERSHIP_LVL_1_GAMEPLAY,ADVANCE_LEADERSHIP_LVL_1_HISTORICAL,ADVANCE_LEADERSHIP_LVL_1_PREREQ,ADVANCE_LEADERSHIP_LVL_1_STATISTICS,ADVANCE_LEADERSHIP_LVL_1_PREREQ,homm2
13,zz Combined Arms,homm2:CA,no,no,3,0,ICON_ADVANCE_ZZ_COMBINED_ARMS,ADVANCE_ZZ_COMBINED_ARMS_GAMEPLAY,ADVANCE_ZZ_COMBINED_ARMS_HISTORICAL,ADVANCE_ZZ_COMBINED_ARMS_PREREQ,ADVANCE_ZZ_COMBINED_ARMS_STATISTICS,ADVANCE_ZZ_COMBINED_ARMS_PREREQ,homm2
14,zz Combustion,homm2:Cmb,no,no,2,4,ICON_ADVANCE_ZZ_COMBUSTION,ADVANCE_ZZ_COMBUSTION_GAMEPLAY,ADVANCE_ZZ_COMBUSTION_HISTORICAL,ADVANCE_ZZ_COMBUSTION_PREREQ,ADVANCE_ZZ_COMBUSTION_STATISTICS,ADVANCE_ZZ_COMBUSTION_PREREQ,homm2
15,Leadership Lvl. 6,homm2:Cmn,homm2:Dem,homm2:Ref,2,2,ICON_ADVANCE_LEADERSHIP_LVL_6,ADVANCE_LEADERSHIP_LVL_6_GAMEPLAY,ADVANCE_LEADERSHIP_LVL_6_HISTORICAL,ADVANCE_LEADERSHIP_LVL_6_PREREQ,ADVANCE_LEADERSHIP_LVL_6_STATISTICS,ADVANCE_LEADERSHIP_LVL_6_PREREQ,homm2
18,Buildings Lvl. 2,homm2:Cst,homm2:Aut,homm2:ToG,0,4,ICON_ADVANCE_BUILDINGS_LVL_2,ADVANCE_BUILDINGS_LVL_2_GAMEPLAY,ADVANCE_BUILDINGS_LVL_2_HISTORICAL,ADVANCE_BUILDINGS_LVL_2_PREREQ,ADVANCE_BUILDINGS_LVL_2_STATISTICS,ADVANCE_BUILDINGS_LVL_2_PREREQ,homm2
19,Economy Lvl. 7,homm2:Cor,homm2:Rob,homm2:Phy,2,1,ICON_ADVANCE_ECONOMY_LVL_7,ADVANCE_ECONOMY_LVL_7_GAMEPLAY,ADVANCE_ECONOMY_LVL_7_HISTORICAL,ADVANCE_ECONOMY_LVL_7_PREREQ,ADVANCE_ECONOMY_LVL_7_STATISTICS,ADVANCE_ECONOMY_LVL_7_PREREQ,homm2
20,Economy Lvl. 1,homm2:Cur,nil,nil,0,1,ICON_ADVANCE_ECONOMY_LVL_1,ADVANCE_ECONOMY_LVL_1_GAMEPLAY,ADVANCE_ECONOMY_LVL_1_HISTORICAL,ADVANCE_ECONOMY_LVL_1_PREREQ,ADVANCE_ECONOMY_LVL_1_STATISTICS,ADVANCE_ECONOMY_LVL_1_PREREQ,homm2
21,Leadership Lvl. 5,homm2:Dem,homm2:Gue,homm2:NP,2,2,ICON_ADVANCE_LEADERSHIP_LVL_5,ADVANCE_LEADERSHIP_LVL_5_GAMEPLAY,ADVANCE_LEADERSHIP_LVL_5_HISTORICAL,ADVANCE_LEADERSHIP_LVL_5_PREREQ,ADVANCE_LEADERSHIP_LVL_5_STATISTICS,ADVANCE_LEADERSHIP_LVL_5_PREREQ,homm2
22,Economy Lvl. 4,homm2:Eco,homm2:Ban,homm2:Inv,2,1,ICON_ADVANCE_ECONOMY_LVL_4,ADVANCE_ECONOMY_LVL_4_GAMEPLAY,ADVANCE_ECONOMY_LVL_4_HISTORICAL,ADVANCE_ECONOMY_LVL_4_PREREQ,ADVANCE_ECONOMY_LVL_4_STATISTICS,ADVANCE_ECONOMY_LVL_4_PREREQ,homm2
23,zz Electricity,homm2:E1,no,no,2,4,ICON_ADVANCE_ZZ_ELECTRICITY,ADVANCE_ZZ_ELECTRICITY_GAMEPLAY,ADVANCE_ZZ_ELECTRICITY_HISTORICAL,ADVANCE_ZZ_ELECTRICITY_PREREQ,ADVANCE_ZZ_ELECTRICITY_STATISTICS,ADVANCE_ZZ_ELECTRICITY_PREREQ,homm2
24,WARLOCK,homm2:E2,no,no,0,4,ICON_ADVANCE_WARLOCK,ADVANCE_WARLOCK_GAMEPLAY,ADVANCE_WARLOCK_HISTORICAL,ADVANCE_WARLOCK_PREREQ,ADVANCE_WARLOCK_STATISTICS,ADVANCE_WARLOCK_PREREQ,homm2
25,SORCERER,homm2:Eng,nil,no,0,4,ICON_ADVANCE_SORCERER,ADVANCE_SORCERER_GAMEPLAY,ADVANCE_SORCERER_HISTORICAL,ADVANCE_SORCERER_PREREQ,ADVANCE_SORCERER_STATISTICS,ADVANCE_SORCERER_PREREQ,homm2
26,zz Environmentalism,homm2:Env,no,no,3,2,ICON_ADVANCE_ZZ_ENVIRONMENTALISM,ADVANCE_ZZ_ENVIRONMENTALISM_GAMEPLAY,ADVANCE_ZZ_ENVIRONMENTALISM_HISTORICAL,ADVANCE_ZZ_ENVIRONMENTALISM_PREREQ,ADVANCE_ZZ_ENVIRONMENTALISM_STATISTICS,ADVANCE_ZZ_ENVIRONMENTALISM_PREREQ,homm2
27,zz Espionage,homm2:Esp,no,no,3,0,ICON_ADVANCE_ZZ_ESPIONAGE,ADVANCE_ZZ_ESPIONAGE_GAMEPLAY,ADVANCE_ZZ_ESPIONAGE_HISTORICAL,ADVANCE_ZZ_ESPIONAGE_PREREQ,ADVANCE_ZZ_ESPIONAGE_STATISTICS,ADVANCE_ZZ_ESPIONAGE_PREREQ,homm2
28,zz Explosives,homm2:Exp,no,no,2,4,ICON_ADVANCE_ZZ_EXPLOSIVES,ADVANCE_ZZ_EXPLOSIVES_GAMEPLAY,ADVANCE_ZZ_EXPLOSIVES_HISTORICAL,ADVANCE_ZZ_EXPLOSIVES_PREREQ,ADVANCE_ZZ_EXPLOSIVES_STATISTICS,ADVANCE_ZZ_EXPLOSIVES_PREREQ,homm2
29,zz Feudalism,homm2:Feu,no,no,0,0,ICON_ADVANCE_ZZ_FEUDALISM,ADVANCE_ZZ_FEUDALISM_GAMEPLAY,ADVANCE_ZZ_FEUDALISM_HISTORICAL,ADVANCE_ZZ_FEUDALISM_PREREQ,ADVANCE_ZZ_FEUDALISM_STATISTICS,ADVANCE_ZZ_FEUDALISM_PREREQ,homm2
30,zz Flight,homm2:Fli,no,no,2,4,ICON_ADVANCE_ZZ_FLIGHT,ADVANCE_ZZ_FLIGHT_GAMEPLAY,ADVANCE_ZZ_FLIGHT_HISTORICAL,ADVANCE_ZZ_FLIGHT_PREREQ,ADVANCE_ZZ_FLIGHT_STATISTICS,ADVANCE_ZZ_FLIGHT_PREREQ,homm2
31,Leadership Lvl. 7,homm2:Fun,homm2:Rfg,homm2:Cmn,2,2,ICON_ADVANCE_LEADERSHIP_LVL_7,ADVANCE_LEADERSHIP_LVL_7_GAMEPLAY,ADVANCE_LEADERSHIP_LVL_7_HISTORICAL,ADVANCE_LEADERSHIP_LVL_7_PREREQ,ADVANCE_LEADERSHIP_LVL_7_STATISTICS,ADVANCE_LEADERSHIP_LVL_7_PREREQ,homm2
33,WIZARD,homm2:Gen,nil,no,0,4,ICON_ADVANCE_WIZARD,ADVANCE_WIZARD_GAMEPLAY,ADVANCE_WIZARD_HISTORICAL,ADVANCE_WIZARD_PREREQ,ADVANCE_WIZARD_STATISTICS,ADVANCE_WIZARD_PREREQ,homm2
34,Leadership Lvl. 4,homm2:Gue,homm2:Rep,homm2:Nav,0,2,ICON_ADVANCE_LEADERSHIP_LVL_4,ADVANCE_LEADERSHIP_LVL_4_GAMEPLAY,ADVANCE_LEADERSHIP_LVL_4_HISTORICAL,ADVANCE_LEADERSHIP_LVL_4_PREREQ,ADVANCE_LEADERSHIP_LVL_4_STATISTICS,ADVANCE_LEADERSHIP_LVL_4_PREREQ,homm2
35,zz Gunpowder,homm2:Gun,no,no,1,0,ICON_ADVANCE_ZZ_GUNPOWDER,ADVANCE_ZZ_GUNPOWDER_GAMEPLAY,ADVANCE_ZZ_GUNPOWDER_HISTORICAL,ADVANCE_ZZ_GUNPOWDER_PREREQ,ADVANCE_ZZ_GUNPOWDER_STATISTICS,ADVANCE_ZZ_GUNPOWDER_PREREQ,homm2
36,Military Lvl. 2,homm2:Hor,homm2:War,homm2:Cur,0,0,ICON_ADVANCE_MILITARY_LVL_2,ADVANCE_MILITARY_LVL_2_GAMEPLAY,ADVANCE_MILITARY_LVL_2_HISTORICAL,ADVANCE_MILITARY_LVL_2_PREREQ,ADVANCE_MILITARY_LVL_2_STATISTICS,ADVANCE_MILITARY_LVL_2_PREREQ,homm2
37,NECROMANCER,homm2:Ind,no,no,0,4,ICON_ADVANCE_NECROMANCER,ADVANCE_NECROMANCER_GAMEPLAY,ADVANCE_NECROMANCER_HISTORICAL,ADVANCE_NECROMANCER_PREREQ,ADVANCE_NECROMANCER_STATISTICS,ADVANCE_NECROMANCER_PREREQ,homm2
38,Knowledge Lvl. 3,homm2:Inv,homm2:Wri,homm2:Mon,1,1,ICON_ADVANCE_KNOWLEDGE_LVL_3,ADVANCE_KNOWLEDGE_LVL_3_GAMEPLAY,ADVANCE_KNOWLEDGE_LVL_3_HISTORICAL,ADVANCE_KNOWLEDGE_LVL_3_PREREQ,ADVANCE_KNOWLEDGE_LVL_3_STATISTICS,ADVANCE_KNOWLEDGE_LVL_3_PREREQ,homm2
39,zz Iron Working,homm2:Iro,no,no,0,4,ICON_ADVANCE_ZZ_IRON_WORKING,ADVANCE_ZZ_IRON_WORKING_GAMEPLAY,ADVANCE_ZZ_IRON_WORKING_HISTORICAL,ADVANCE_ZZ_IRON_WORKING_PREREQ,ADVANCE_ZZ_IRON_WORKING_STATISTICS,ADVANCE_ZZ_IRON_WORKING_PREREQ,homm2
40,Happiness Lvl. 7,homm2:Lab,homm2:Med,homm2:MP,2,3,ICON_ADVANCE_HAPPINESS_LVL_7,ADVANCE_HAPPINESS_LVL_7_GAMEPLAY,ADVANCE_HAPPINESS_LVL_7_HISTORICAL,ADVANCE_HAPPINESS_LVL_7_PREREQ,ADVANCE_HAPPINESS_LVL_7_STATISTICS,ADVANCE_HAPPINESS_LVL_7_PREREQ,homm2
41,BARBARIAN,homm2:Las,nil,no,0,4,ICON_ADVANCE_BARBARIAN,ADVANCE_BARBARIAN_GAMEPLAY,ADVANCE_BARBARIAN_HISTORICAL,ADVANCE_BARBARIAN_PREREQ,ADVANCE_BARBARIAN_STATISTICS,ADVANCE_BARBARIAN_PREREQ,homm2
42,zz Leadership,homm2:Ldr,no,no,1,0,ICON_ADVANCE_ZZ_LEADERSHIP,ADVANCE_ZZ_LEADERSHIP_GAMEPLAY,ADVANCE_ZZ_LEADERSHIP_HISTORICAL,ADVANCE_ZZ_LEADERSHIP_PREREQ,ADVANCE_ZZ_LEADERSHIP_STATISTICS,ADVANCE_ZZ_LEADERSHIP_PREREQ,homm2
43,Knowledge Lvl. 4,homm2:Lit,homm2:Inv,homm2:Rep,1,1,ICON_ADVANCE_KNOWLEDGE_LVL_4,ADVANCE_KNOWLEDGE_LVL_4_GAMEPLAY,ADVANCE_KNOWLEDGE_LVL_4_HISTORICAL,ADVANCE_KNOWLEDGE_LVL_4_PREREQ,ADVANCE_KNOWLEDGE_LVL_4_STATISTICS,ADVANCE_KNOWLEDGE_LVL_4_PREREQ,homm2
44,Buildings Lvl. 7,homm2:Too,homm2:MP,homm2:Amp,3,4,ICON_ADVANCE_BUILDINGS_LVL_7,ADVANCE_BUILDINGS_LVL_7_GAMEPLAY,ADVANCE_BUILDINGS_LVL_7_HISTORICAL,ADVANCE_BUILDINGS_LVL_7_PREREQ,ADVANCE_BUILDINGS_LVL_7_STATISTICS,ADVANCE_BUILDINGS_LVL_7_PREREQ,homm2
45,zz Magnetism,homm2:Mag,no,no,1,3,ICON_ADVANCE_ZZ_MAGNETISM,ADVANCE_ZZ_MAGNETISM_GAMEPLAY,ADVANCE_ZZ_MAGNETISM_HISTORICAL,ADVANCE_ZZ_MAGNETISM_PREREQ,ADVANCE_ZZ_MAGNETISM_STATISTICS,ADVANCE_ZZ_MAGNETISM_PREREQ,homm2
46,Seafaring Lvl. 2,homm2:Map,homm2:Sea,homm2:Cer,1,2,ICON_ADVANCE_SEAFARING_LVL_2,ADVANCE_SEAFARING_LVL_2_GAMEPLAY,ADVANCE_SEAFARING_LVL_2_HISTORICAL,ADVANCE_SEAFARING_LVL_2_PREREQ,ADVANCE_SEAFARING_LVL_2_STATISTICS,ADVANCE_SEAFARING_LVL_2_PREREQ,homm2
47,Happiness Lvl. 5,homm2:Mas,homm2:U2,homm2:San,2,3,ICON_ADVANCE_HAPPINESS_LVL_5,ADVANCE_HAPPINESS_LVL_5_GAMEPLAY,ADVANCE_HAPPINESS_LVL_5_HISTORICAL,ADVANCE_HAPPINESS_LVL_5_PREREQ,ADVANCE_HAPPINESS_LVL_5_STATISTICS,ADVANCE_HAPPINESS_LVL_5_PREREQ,homm2
48,Buildings Lvl. 6,homm2:MP,homm2:Min,homm2:Stl,3,4,ICON_ADVANCE_BUILDINGS_LVL_6,ADVANCE_BUILDINGS_LVL_6_GAMEPLAY,ADVANCE_BUILDINGS_LVL_6_HISTORICAL,ADVANCE_BUILDINGS_LVL_6_PREREQ,ADVANCE_BUILDINGS_LVL_6_STATISTICS,ADVANCE_BUILDINGS_LVL_6_PREREQ,homm2
49,zz Mathematics,homm2:Mat,no,no,0,3,ICON_ADVANCE_ZZ_MATHEMATICS,ADVANCE_ZZ_MATHEMATICS_GAMEPLAY,ADVANCE_ZZ_MATHEMATICS_HISTORICAL,ADVANCE_ZZ_MATHEMATICS_PREREQ,ADVANCE_ZZ_MATHEMATICS_STATISTICS,ADVANCE_ZZ_MATHEMATICS_PREREQ,homm2
50,Happiness Lvl. 6,homm2:Med,homm2:Mas,homm2:Min,2,3,ICON_ADVANCE_HAPPINESS_LVL_6,ADVANCE_HAPPINESS_LVL_6_GAMEPLAY,ADVANCE_HAPPINESS_LVL_6_HISTORICAL,ADVANCE_HAPPINESS_LVL_6_PREREQ,ADVANCE_HAPPINESS_LVL_6_STATISTICS,ADVANCE_HAPPINESS_LVL_6_PREREQ,homm2
51,Military Lvl. 6,homm2:Met,no,no,3,0,ICON_ADVANCE_MILITARY_LVL_6,ADVANCE_MILITARY_LVL_6_GAMEPLAY,ADVANCE_MILITARY_LVL_6_HISTORICAL,ADVANCE_MILITARY_LVL_6_PREREQ,ADVANCE_MILITARY_LVL_6_STATISTICS,ADVANCE_MILITARY_LVL_6_PREREQ,homm2
52,Buildings Lvl. 5,homm2:Min,homm2:San,homm2:Ato,2,4,ICON_ADVANCE_BUILDINGS_LVL_5,ADVANCE_BUILDINGS_LVL_5_GAMEPLAY,ADVANCE_BUILDINGS_LVL_5_HISTORICAL,ADVANCE_BUILDINGS_LVL_5_PREREQ,ADVANCE_BUILDINGS_LVL_5_STATISTICS,ADVANCE_BUILDINGS_LVL_5_PREREQ,homm2
53,zz Mobile Warfare,homm2:Mob,no,no,3,0,ICON_ADVANCE_ZZ_MOBILE_WARFARE,ADVANCE_ZZ_MOBILE_WARFARE_GAMEPLAY,ADVANCE_ZZ_MOBILE_WARFARE_HISTORICAL,ADVANCE_ZZ_MOBILE_WARFARE_PREREQ,ADVANCE_ZZ_MOBILE_WARFARE_STATISTICS,ADVANCE_ZZ_MOBILE_WARFARE_PREREQ,homm2
54,Leadership Lvl. 2,homm2:Mon,homm2:Sea,homm2:CoL,0,2,ICON_ADVANCE_LEADERSHIP_LVL_2,ADVANCE_LEADERSHIP_LVL_2_GAMEPLAY,ADVANCE_LEADERSHIP_LVL_2_HISTORICAL,ADVANCE_LEADERSHIP_LVL_2_PREREQ,ADVANCE_LEADERSHIP_LVL_2_STATISTICS,ADVANCE_LEADERSHIP_LVL_2_PREREQ,homm2
55,zz Monotheism,homm2:MT,no,no,1,2,ICON_ADVANCE_ZZ_MONOTHEISM,ADVANCE_ZZ_MONOTHEISM_GAMEPLAY,ADVANCE_ZZ_MONOTHEISM_HISTORICAL,ADVANCE_ZZ_MONOTHEISM_PREREQ,ADVANCE_ZZ_MONOTHEISM_STATISTICS,ADVANCE_ZZ_MONOTHEISM_PREREQ,homm2
56,Happiness Lvl. 2,homm2:Mys,homm2:Cer,homm2:Aut,0,3,ICON_ADVANCE_HAPPINESS_LVL_2,ADVANCE_HAPPINESS_LVL_2_GAMEPLAY,ADVANCE_HAPPINESS_LVL_2_HISTORICAL,ADVANCE_HAPPINESS_LVL_2_PREREQ,ADVANCE_HAPPINESS_LVL_2_STATISTICS,ADVANCE_HAPPINESS_LVL_2_PREREQ,homm2
57,Seafaring Lvl. 3,homm2:Nav,homm2:Map,homm2:Mys,1,2,ICON_ADVANCE_SEAFARING_LVL_3,ADVANCE_SEAFARING_LVL_3_GAMEPLAY,ADVANCE_SEAFARING_LVL_3_HISTORICAL,ADVANCE_SEAFARING_LVL_3_PREREQ,ADVANCE_SEAFARING_LVL_3_STATISTICS,ADVANCE_SEAFARING_LVL_3_PREREQ,homm2
58,Creatures Lvl. 7,homm2:NF,homm2:Amp,homm2:U3,3,3,ICON_ADVANCE_CREATURES_LVL_7,ADVANCE_CREATURES_LVL_7_GAMEPLAY,ADVANCE_CREATURES_LVL_7_HISTORICAL,ADVANCE_CREATURES_LVL_7_PREREQ,ADVANCE_CREATURES_LVL_7_STATISTICS,ADVANCE_CREATURES_LVL_7_PREREQ,homm2
59,Seafaring Lvl. 4,homm2:NP,homm2:The,homm2:Nav,1,2,ICON_ADVANCE_SEAFARING_LVL_4,ADVANCE_SEAFARING_LVL_4_GAMEPLAY,ADVANCE_SEAFARING_LVL_4_HISTORICAL,ADVANCE_SEAFARING_LVL_4_PREREQ,ADVANCE_SEAFARING_LVL_4_STATISTICS,ADVANCE_SEAFARING_LVL_4_PREREQ,homm2
61,Knowledge Lvl. 6,homm2:Phy,homm2:Uni,homm2:Dem,3,1,ICON_ADVANCE_KNOWLEDGE_LVL_6,ADVANCE_KNOWLEDGE_LVL_6_GAMEPLAY,ADVANCE_KNOWLEDGE_LVL_6_HISTORICAL,ADVANCE_KNOWLEDGE_LVL_6_PREREQ,ADVANCE_KNOWLEDGE_LVL_6_STATISTICS,ADVANCE_KNOWLEDGE_LVL_6_PREREQ,homm2
62,zz Plastics,homm2:Pla,no,no,3,4,ICON_ADVANCE_ZZ_PLASTICS,ADVANCE_ZZ_PLASTICS_GAMEPLAY,ADVANCE_ZZ_PLASTICS_HISTORICAL,ADVANCE_ZZ_PLASTICS_PREREQ,ADVANCE_ZZ_PLASTICS_STATISTICS,ADVANCE_ZZ_PLASTICS_PREREQ,homm2
63,Creatures Lvl. 3,homm2:Plu,homm2:Ast,homm2:Hor,1,3,ICON_ADVANCE_CREATURES_LVL_3,ADVANCE_CREATURES_LVL_3_GAMEPLAY,ADVANCE_CREATURES_LVL_3_HISTORICAL,ADVANCE_CREATURES_LVL_3_PREREQ,ADVANCE_CREATURES_LVL_3_STATISTICS,ADVANCE_CREATURES_LVL_3_PREREQ,homm2
64,zz Polytheism,homm2:PT,no,no,0,2,ICON_ADVANCE_ZZ_POLYTHEISM,ADVANCE_ZZ_POLYTHEISM_GAMEPLAY,ADVANCE_ZZ_POLYTHEISM_HISTORICAL,ADVANCE_ZZ_POLYTHEISM_PREREQ,ADVANCE_ZZ_POLYTHEISM_STATISTICS,ADVANCE_ZZ_POLYTHEISM_PREREQ,homm2
65,Economy Lvl. 5,homm2:Pot,homm2:Lit,homm2:Eco,2,1,ICON_ADVANCE_ECONOMY_LVL_5,ADVANCE_ECONOMY_LVL_5_GAMEPLAY,ADVANCE_ECONOMY_LVL_5_HISTORICAL,ADVANCE_ECONOMY_LVL_5_PREREQ,ADVANCE_ECONOMY_LVL_5_STATISTICS,ADVANCE_ECONOMY_LVL_5_PREREQ,homm2
66,Military Lvl. 4,homm2:Rad,homm2:Whe,homm2:Ban,1,4,ICON_ADVANCE_MILITARY_LVL_4,ADVANCE_MILITARY_LVL_4_GAMEPLAY,ADVANCE_MILITARY_LVL_4_HISTORICAL,ADVANCE_MILITARY_LVL_4_PREREQ,ADVANCE_MILITARY_LVL_4_STATISTICS,ADVANCE_MILITARY_LVL_4_PREREQ,homm2
68,Seafaring Lvl. 7,homm2:Rec,homm2:Rfg,homm2:Med,3,2,ICON_ADVANCE_SEAFARING_LVL_7,ADVANCE_SEAFARING_LVL_7_GAMEPLAY,ADVANCE_SEAFARING_LVL_7_HISTORICAL,ADVANCE_SEAFARING_LVL_7_PREREQ,ADVANCE_SEAFARING_LVL_7_STATISTICS,ADVANCE_SEAFARING_LVL_7_PREREQ,homm2
69,Seafaring Lvl. 5,homm2:Ref,homm2:NP,homm2:U2,3,2,ICON_ADVANCE_SEAFARING_LVL_5,ADVANCE_SEAFARING_LVL_5_GAMEPLAY,ADVANCE_SEAFARING_LVL_5_HISTORICAL,ADVANCE_SEAFARING_LVL_5_PREREQ,ADVANCE_SEAFARING_LVL_5_STATISTICS,ADVANCE_SEAFARING_LVL_5_PREREQ,homm2
70,Seafaring Lvl. 6,homm2:Rfg,homm2:Ref,homm2:Mas,3,2,ICON_ADVANCE_SEAFARING_LVL_6,ADVANCE_SEAFARING_LVL_6_GAMEPLAY,ADVANCE_SEAFARING_LVL_6_HISTORICAL,ADVANCE_SEAFARING_LVL_6_PREREQ,ADVANCE_SEAFARING_LVL_6_STATISTICS,ADVANCE_SEAFARING_LVL_6_PREREQ,homm2
71,Leadership Lvl. 3,homm2:Rep,homm2:Mon,homm2:Map,0,2,ICON_ADVANCE_LEADERSHIP_LVL_3,ADVANCE_LEADERSHIP_LVL_3_GAMEPLAY,ADVANCE_LEADERSHIP_LVL_3_HISTORICAL,ADVANCE_LEADERSHIP_LVL_3_PREREQ,ADVANCE_LEADERSHIP_LVL_3_STATISTICS,ADVANCE_LEADERSHIP_LVL_3_PREREQ,homm2
72,Economy Lvl. 6,homm2:Rob,homm2:Pot,homm2:Uni,2,1,ICON_ADVANCE_ECONOMY_LVL_6,ADVANCE_ECONOMY_LVL_6_GAMEPLAY,ADVANCE_ECONOMY_LVL_6_HISTORICAL,ADVANCE_ECONOMY_LVL_6_PREREQ,ADVANCE_ECONOMY_LVL_6_STATISTICS,ADVANCE_ECONOMY_LVL_6_PREREQ,homm2
73,Military Lvl. 7,homm2:Roc,homm2:U3,homm2:Rob,3,0,ICON_ADVANCE_MILITARY_LVL_7,ADVANCE_MILITARY_LVL_7_GAMEPLAY,ADVANCE_MILITARY_LVL_7_HISTORICAL,ADVANCE_MILITARY_LVL_7_PREREQ,ADVANCE_MILITARY_LVL_7_STATISTICS,ADVANCE_MILITARY_LVL_7_PREREQ,homm2
74,Buildings Lvl. 4,homm2:San,homm2:Bri,homm2:Plu,2,4,ICON_ADVANCE_BUILDINGS_LVL_4,ADVANCE_BUILDINGS_LVL_4_GAMEPLAY,ADVANCE_BUILDINGS_LVL_4_HISTORICAL,ADVANCE_BUILDINGS_LVL_4_PREREQ,ADVANCE_BUILDINGS_LVL_4_STATISTICS,ADVANCE_BUILDINGS_LVL_4_PREREQ,homm2
75,Seafaring Lvl. 1,homm2:Sea,nil,nil,1,2,ICON_ADVANCE_SEAFARING_LVL_1,ADVANCE_SEAFARING_LVL_1_GAMEPLAY,ADVANCE_SEAFARING_LVL_1_HISTORICAL,ADVANCE_SEAFARING_LVL_1_PREREQ,ADVANCE_SEAFARING_LVL_1_STATISTICS,ADVANCE_SEAFARING_LVL_1_PREREQ,homm2
78,NEUTRAL,homm2:SE,nil,no,0,4,ICON_ADVANCE_NEUTRAL,ADVANCE_NEUTRAL_GAMEPLAY,ADVANCE_NEUTRAL_HISTORICAL,ADVANCE_NEUTRAL_PREREQ,ADVANCE_NEUTRAL_STATISTICS,ADVANCE_NEUTRAL_PREREQ,homm2
79,Creatures Lvl. 5,homm2:Stl,homm2:Ato,homm2:Rad,3,3,ICON_ADVANCE_CREATURES_LVL_5,ADVANCE_CREATURES_LVL_5_GAMEPLAY,ADVANCE_CREATURES_LVL_5_HISTORICAL,ADVANCE_CREATURES_LVL_5_PREREQ,ADVANCE_CREATURES_LVL_5_STATISTICS,ADVANCE_CREATURES_LVL_5_PREREQ,homm2
80,zz Superconductor,homm2:Sup,no,no,3,3,ICON_ADVANCE_ZZ_SUPERCONDUCTOR,ADVANCE_ZZ_SUPERCONDUCTOR_GAMEPLAY,ADVANCE_ZZ_SUPERCONDUCTOR_HISTORICAL,ADVANCE_ZZ_SUPERCONDUCTOR_PREREQ,ADVANCE_ZZ_SUPERCONDUCTOR_STATISTICS,ADVANCE_ZZ_SUPERCONDUCTOR_PREREQ,homm2
81,zz Tactics,homm2:Tac,no,no,2,0,ICON_ADVANCE_ZZ_TACTICS,ADVANCE_ZZ_TACTICS_GAMEPLAY,ADVANCE_ZZ_TACTICS_HISTORICAL,ADVANCE_ZZ_TACTICS_PREREQ,ADVANCE_ZZ_TACTICS_STATISTICS,ADVANCE_ZZ_TACTICS_PREREQ,homm2
82,Happiness Lvl. 3,homm2:The,homm2:Mys,homm2:Cst,0,3,ICON_ADVANCE_HAPPINESS_LVL_3,ADVANCE_HAPPINESS_LVL_3_GAMEPLAY,ADVANCE_HAPPINESS_LVL_3_HISTORICAL,ADVANCE_HAPPINESS_LVL_3_PREREQ,ADVANCE_HAPPINESS_LVL_3_STATISTICS,ADVANCE_HAPPINESS_LVL_3_PREREQ,homm2
83,Creatures Lvl. 1,homm2:ToG,nil,nil,1,3,ICON_ADVANCE_CREATURES_LVL_1,ADVANCE_CREATURES_LVL_1_GAMEPLAY,ADVANCE_CREATURES_LVL_1_HISTORICAL,ADVANCE_CREATURES_LVL_1_PREREQ,ADVANCE_CREATURES_LVL_1_STATISTICS,ADVANCE_CREATURES_LVL_1_PREREQ,homm2
84,Economy Lvl. 2,homm2:Tra,homm2:Alp,homm2:Cur,0,1,ICON_ADVANCE_ECONOMY_LVL_2,ADVANCE_ECONOMY_LVL_2_GAMEPLAY,ADVANCE_ECONOMY_LVL_2_HISTORICAL,ADVANCE_ECONOMY_LVL_2_PREREQ,ADVANCE_ECONOMY_LVL_2_STATISTICS,ADVANCE_ECONOMY_LVL_2_PREREQ,homm2
85,Knowledge Lvl. 5,homm2:Uni,homm2:Lit,homm2:Gue,3,1,ICON_ADVANCE_KNOWLEDGE_LVL_5,ADVANCE_KNOWLEDGE_LVL_5_GAMEPLAY,ADVANCE_KNOWLEDGE_LVL_5_HISTORICAL,ADVANCE_KNOWLEDGE_LVL_5_PREREQ,ADVANCE_KNOWLEDGE_LVL_5_STATISTICS,ADVANCE_KNOWLEDGE_LVL_5_PREREQ,homm2
86,Military Lvl. 1,homm2:War,nil,nil,0,0,ICON_ADVANCE_MILITARY_LVL_1,ADVANCE_MILITARY_LVL_1_GAMEPLAY,ADVANCE_MILITARY_LVL_1_HISTORICAL,ADVANCE_MILITARY_LVL_1_PREREQ,ADVANCE_MILITARY_LVL_1_STATISTICS,ADVANCE_MILITARY_LVL_1_PREREQ,homm2
87,Military Lvl. 3,homm2:Whe,homm2:Hor,homm2:Tra,1,0,ICON_ADVANCE_MILITARY_LVL_3,ADVANCE_MILITARY_LVL_3_GAMEPLAY,ADVANCE_MILITARY_LVL_3_HISTORICAL,ADVANCE_MILITARY_LVL_3_PREREQ,ADVANCE_MILITARY_LVL_3_STATISTICS,ADVANCE_MILITARY_LVL_3_PREREQ,homm2
88,Knowledge Lvl. 2,homm2:Wri,homm2:Alp,homm2:CoL,1,1,ICON_ADVANCE_KNOWLEDGE_LVL_2,ADVANCE_KNOWLEDGE_LVL_2_GAMEPLAY,ADVANCE_KNOWLEDGE_LVL_2_HISTORICAL,ADVANCE_KNOWLEDGE_LVL_2_PREREQ,ADVANCE_KNOWLEDGE_LVL_2_STATISTICS,ADVANCE_KNOWLEDGE_LVL_2_PREREQ,homm2
89,Future Research,homm2:FT,homm2:Lab,homm2:Too,3,1,ICON_ADVANCE_FUTURE_RESEARCH,ADVANCE_FUTURE_RESEARCH_GAMEPLAY,ADVANCE_FUTURE_RESEARCH_HISTORICAL,ADVANCE_FUTURE_RESEARCH_PREREQ,ADVANCE_FUTURE_RESEARCH_STATISTICS,ADVANCE_FUTURE_RESEARCH_PREREQ,homm2
90,Military Lvl. 5,homm2:U1,homm2:Rad,homm2:Eco,2,0,ICON_ADVANCE_MILITARY_LVL_5,ADVANCE_MILITARY_LVL_5_GAMEPLAY,ADVANCE_MILITARY_LVL_5_HISTORICAL,ADVANCE_MILITARY_LVL_5_PREREQ,ADVANCE_MILITARY_LVL_5_STATISTICS,ADVANCE_MILITARY_LVL_5_PREREQ,homm2
91,Happiness Lvl. 4,homm2:U2,homm2:The,homm2:Bri,0,3,ICON_ADVANCE_HAPPINESS_LVL_4,ADVANCE_HAPPINESS_LVL_4_GAMEPLAY,ADVANCE_HAPPINESS_LVL_4_HISTORICAL,ADVANCE_HAPPINESS_LVL_4_PREREQ,ADVANCE_HAPPINESS_LVL_4_STATISTICS,ADVANCE_HAPPINESS_LVL_4_PREREQ,homm2
93,Non-Wizard,homm2:X1,no,no,0,0,ICON_ADVANCE_NON_WIZARD,ADVANCE_NON_WIZARD_GAMEPLAY,ADVANCE_NON_WIZARD_HISTORICAL,ADVANCE_NON_WIZARD_PREREQ,ADVANCE_NON_WIZARD_STATISTICS,ADVANCE_NON_WIZARD_PREREQ,homm2
94,Non-Sorceress,homm2:X2,no,no,0,0,ICON_ADVANCE_NON_SORCERESS,ADVANCE_NON_SORCERESS_GAMEPLAY,ADVANCE_NON_SORCERESS_HISTORICAL,ADVANCE_NON_SORCERESS_PREREQ,ADVANCE_NON_SORCERESS_STATISTICS,ADVANCE_NON_SORCERESS_PREREQ,homm2
95,Non-Barbarian,homm2:X3,no,no,0,0,ICON_ADVANCE_NON_BARBARIAN,ADVANCE_NON_BARBARIAN_GAMEPLAY,ADVANCE_NON_BARBARIAN_HISTORICAL,ADVANCE_NON_BARBARIAN_PREREQ,ADVANCE_NON_BARBARIAN_STATISTICS,ADVANCE_NON_BARBARIAN_PREREQ,homm2
96,Non-Necromancer,homm2:X4,no,no,0,0,ICON_ADVANCE_NON_NECROMANCER,ADVANCE_NON_NECROMANCER_GAMEPLAY,ADVANCE_NON_NECROMANCER_HISTORICAL,ADVANCE_NON_NECROMANCER_PREREQ,ADVANCE_NON_NECROMANCER_STATISTICS,ADVANCE_NON_NECROMANCER_PREREQ,homm2
97,Non-Knight,homm2:X5,no,no,0,0,ICON_ADVANCE_NON_KNIGHT,ADVANCE_NON_KNIGHT_GAMEPLAY,ADVANCE_NON_KNIGHT_HISTORICAL,ADVANCE_NON_KNIGHT_PREREQ,ADVANCE_NON_KNIGHT_STATISTICS,ADVANCE_NON_KNIGHT_PREREQ,homm2
98,Non-Warlock,homm2:X6,no,no,0,0,ICON_ADVANCE_NON_WARLOCK,ADVANCE_NON_WARLOCK_GAMEPLAY,ADVANCE_NON_WARLOCK_HISTORICAL,ADVANCE_NON_WARLOCK_PREREQ,ADVANCE_NON_WARLOCK_STATISTICS,ADVANCE_NON_WARLOCK_PREREQ,homm2
99,Non-Neutral,homm2:X7,no,no,0,0,ICON_ADVANCE_NON_NEUTRAL,ADVANCE_NON_NEUTRAL_GAMEPLAY,ADVANCE_NON_NEUTRAL_HISTORICAL,ADVANCE_NON_NEUTRAL_PREREQ,ADVANCE_NON_NEUTRAL_STATISTICS,ADVANCE_NON_NEUTRAL_PREREQ,homm2
0,Thor's Eloquence,midgard:AFl,midgard:Rad,midgard:Too,1,4,ICON_ADVANCE_THORS_ELOQUENCE,ADVANCE_THORS_ELOQUENCE_GAMEPLAY,ADVANCE_THORS_ELOQUENCE_HISTORICAL,ADVANCE_THORS_ELOQUENCE_PREREQ,ADVANCE_THORS_ELOQUENCE_STATISTICS,ADVANCE_THORS_ELOQUENCE_PREREQ,midgard
2,Sea Raids,midgard:Amp,midgard:Nav,midgard:Tac,1,0,ICON_ADVANCE_SEA_RAIDS,ADVANCE_SEA_RAIDS_GAMEPLAY,ADVANCE_SEA_RAIDS_HISTORICAL,ADVANCE_SEA_RAIDS_PREREQ,ADVANCE_SEA_RAIDS_STATISTICS,ADVANCE_SEA_RAIDS_PREREQ,midgard
4,Witchcraft,midgard:Ato,midgard:ToG,midgard:Phy,1,3,ICON_ADVANCE_WITCHCRAFT,ADVANCE_WITCHCRAFT_GAMEPLAY,ADVANCE_WITCHCRAFT_HISTORICAL,ADVANCE_WITCHCRAFT_PREREQ,ADVANCE_WITCHCRAFT_STATISTICS,ADVANCE_WITCHCRAFT_PREREQ,midgard
5,Gaea's Gift,midgard:Aut,midgard:Cmb,midgard:Stl,1,4,ICON_ADVANCE_GAEAS_GIFT,ADVANCE_GAEAS_GIFT_GAMEPLAY,ADVANCE_GAEAS_GIFT_HISTORICAL,ADVANCE_GAEAS_GIFT_PREREQ,ADVANCE_GAEAS_GIFT_STATISTICS,ADVANCE_GAEAS_GIFT_PREREQ,midgard
12,King's Law,midgard:CoL,midgard:Alp,nil,0,2,ICON_ADVANCE_KINGS_LAW,ADVANCE_KINGS_LAW_GAMEPLAY,ADVANCE_KINGS_LAW_HISTORICAL,ADVANCE_KINGS_LAW_PREREQ,ADVANCE_KINGS_LAW_STATISTICS,ADVANCE_KINGS_LAW_PREREQ,midgard
13,Feat of Arms,midgard:CA,midgard:Mob,midgard:AFl,1,0,ICON_ADVANCE_FEAT_OF_ARMS,ADVANCE_FEAT_OF_ARMS_GAMEPLAY,ADVANCE_FEAT_OF_ARMS_HISTORICAL,ADVANCE_FEAT_OF_ARMS_PREREQ,ADVANCE_FEAT_OF_ARMS_STATISTICS,ADVANCE_FEAT_OF_ARMS_PREREQ,midgard
14,Gaea's Power,midgard:Cmb,midgard:Ref,midgard:Exp,1,4,ICON_ADVANCE_GAEAS_POWER,ADVANCE_GAEAS_POWER_GAMEPLAY,ADVANCE_GAEAS_POWER_HISTORICAL,ADVANCE_GAEAS_POWER_PREREQ,ADVANCE_GAEAS_POWER_STATISTICS,ADVANCE_GAEAS_POWER_PREREQ,midgard
15,Summon Drake,midgard:Cmn,midgard:E2,midgard:U3,1,2,ICON_ADVANCE_SUMMON_DRAKE,ADVANCE_SUMMON_DRAKE_GAMEPLAY,ADVANCE_SUMMON_DRAKE_HISTORICAL,ADVANCE_SUMMON_DRAKE_PREREQ,ADVANCE_SUMMON_DRAKE_STATISTICS,ADVANCE_SUMMON_DRAKE_PREREQ,midgard
16,Perpetual Machine,midgard:Cmp,midgard:Min,midgard:MP,1,4,ICON_ADVANCE_PERPETUAL_MACHINE,ADVANCE_PERPETUAL_MACHINE_GAMEPLAY,ADVANCE_PERPETUAL_MACHINE_HISTORICAL,ADVANCE_PERPETUAL_MACHINE_PREREQ,ADVANCE_PERPETUAL_MACHINE_STATISTICS,ADVANCE_PERPETUAL_MACHINE_PREREQ,midgard
17,Call to Arms,midgard:Csc,midgard:Dem,midgard:Met,1,0,ICON_ADVANCE_CALL_TO_ARMS,ADVANCE_CALL_TO_ARMS_GAMEPLAY,ADVANCE_CALL_TO_ARMS_HISTORICAL,ADVANCE_CALL_TO_ARMS_PREREQ,ADVANCE_CALL_TO_ARMS_STATISTICS,ADVANCE_CALL_TO_ARMS_PREREQ,midgard
19,The Guild,midgard:Cor,midgard:Ind,midgard:Eco,1,1,ICON_ADVANCE_THE_GUILD,ADVANCE_THE_GUILD_GAMEPLAY,ADVANCE_THE_GUILD_HISTORICAL,ADVANCE_THE_GUILD_PREREQ,ADVANCE_THE_GUILD_STATISTICS,ADVANCE_THE_GUILD_PREREQ,midgard
20,Barter,midgard:Cur 20,midgard:Bro,nil,0,1,ICON_ADVANCE_BARTER,ADVANCE_BARTER_GAMEPLAY,ADVANCE_BARTER_HISTORICAL,ADVANCE_BARTER_PREREQ,ADVANCE_BARTER_STATISTICS,ADVANCE_BARTER_PREREQ,midgard
21,Institution of Althing,midgard:Dem,midgard:Ban,midgard:Inv,2,2,ICON_ADVANCE_INSTITUTION_OF_ALTHING,ADVANCE_INSTITUTION_OF_ALTHING_GAMEPLAY,ADVANCE_INSTITUTION_OF_ALTHING_HISTORICAL,ADVANCE_INSTITUTION_OF_ALTHING_PREREQ,ADVANCE_INSTITUTION_OF_ALTHING_STATISTICS,ADVANCE_INSTITUTION_OF_ALTHING_PREREQ,midgard
22,Transmutation,midgard:Eco,midgard:Uni,midgard:Ban,1,1,ICON_ADVANCE_TRANSMUTATION,ADVANCE_TRANSMUTATION_GAMEPLAY,ADVANCE_TRANSMUTATION_HISTORICAL,ADVANCE_TRANSMUTATION_PREREQ,ADVANCE_TRANSMUTATION_STATISTICS,ADVANCE_TRANSMUTATION_PREREQ,midgard
23,Divining Rod,midgard:E1,midgard:Met,midgard:Mag,1,4,ICON_ADVANCE_DIVINING_ROD,ADVANCE_DIVINING_ROD_GAMEPLAY,ADVANCE_DIVINING_ROD_HISTORICAL,ADVANCE_DIVINING_ROD_PREREQ,ADVANCE_DIVINING_ROD_STATISTICS,ADVANCE_DIVINING_ROD_PREREQ,midgard
24,Tapping the Node,midgard:E2,midgard:E1,midgard:Cor,1,4,ICON_ADVANCE_TAPPING_THE_NODE,ADVANCE_TAPPING_THE_NODE_GAMEPLAY,ADVANCE_TAPPING_THE_NODE_HISTORICAL,ADVANCE_TAPPING_THE_NODE_PREREQ,ADVANCE_TAPPING_THE_NODE_STATISTICS,ADVANCE_TAPPING_THE_NODE_PREREQ,midgard
25,Siegecraft,midgard:Eng,midgard:Whe,midgard:Cst,0,4,ICON_ADVANCE_SIEGECRAFT,ADVANCE_SIEGECRAFT_GAMEPLAY,ADVANCE_SIEGECRAFT_HISTORICAL,ADVANCE_SIEGECRAFT_PREREQ,ADVANCE_SIEGECRAFT_STATISTICS,ADVANCE_SIEGECRAFT_PREREQ,midgard
27,Espionage,midgard:Esp,midgard:Gue,midgard:Dem,1,0,ICON_ADVANCE_ESPIONAGE,ADVANCE_ESPIONAGE_GAMEPLAY,ADVANCE_ESPIONAGE_HISTORICAL,ADVANCE_ESPIONAGE_PREREQ,ADVANCE_ESPIONAGE_STATISTICS,ADVANCE_ESPIONAGE_PREREQ,midgard
28,Arcane Learning,midgard:Exp,midgard:Gun,midgard:Che,1,4,ICON_ADVANCE_ARCANE_LEARNING,ADVANCE_ARCANE_LEARNING_GAMEPLAY,ADVANCE_ARCANE_LEARNING_HISTORICAL,ADVANCE_ARCANE_LEARNING_PREREQ,ADVANCE_ARCANE_LEARNING_STATISTICS,ADVANCE_ARCANE_LEARNING_PREREQ,midgard
29,Fealty,midgard:Feu,midgard:War,midgard:Mon,0,0,ICON_ADVANCE_FEALTY,ADVANCE_FEALTY_GAMEPLAY,ADVANCE_FEALTY_HISTORICAL,ADVANCE_FEALTY_PREREQ,ADVANCE_FEALTY_STATISTICS,ADVANCE_FEALTY_PREREQ,midgard
30,Arcane Levitation,midgard:Fli 30,midgard:Cmb,midgard:ToG,1,4,ICON_ADVANCE_ARCANE_LEVITATION,ADVANCE_ARCANE_LEVITATION_GAMEPLAY,ADVANCE_ARCANE_LEVITATION_HISTORICAL,ADVANCE_ARCANE_LEVITATION_PREREQ,ADVANCE_ARCANE_LEVITATION_STATISTICS,ADVANCE_ARCANE_LEVITATION_PREREQ,midgard
31,Dwarven Alliance,midgard:Fun,midgard:Iro,midgard:Feu,1,2,ICON_ADVANCE_DWARVEN_ALLIANCE,ADVANCE_DWARVEN_ALLIANCE_GAMEPLAY,ADVANCE_DWARVEN_ALLIANCE_HISTORICAL,ADVANCE_DWARVEN_ALLIANCE_PREREQ,ADVANCE_DWARVEN_ALLIANCE_STATISTICS,ADVANCE_DWARVEN_ALLIANCE_PREREQ,midgard
32,Spell Mastery,midgard:FP,midgard:NP,midgard:Sup,1,3,ICON_ADVANCE_SPELL_MASTERY,ADVANCE_SPELL_MASTERY_GAMEPLAY,ADVANCE_SPELL_MASTERY_HISTORICAL,ADVANCE_SPELL_MASTERY_PREREQ,ADVANCE_SPELL_MASTERY_STATISTICS,ADVANCE_SPELL_MASTERY_PREREQ,midgard
33,Millwork,midgard:Gen,midgard:Med,midgard:Cor,1,3,ICON_ADVANCE_MILLWORK,ADVANCE_MILLWORK_GAMEPLAY,ADVANCE_MILLWORK_HISTORICAL,ADVANCE_MILLWORK_PREREQ,ADVANCE_MILLWORK_STATISTICS,ADVANCE_MILLWORK_PREREQ,midgard
34,General Uprisings,midgard:Gue,midgard:Ind,midgard:Tac,1,0,ICON_ADVANCE_GENERAL_UPRISINGS,ADVANCE_GENERAL_UPRISINGS_GAMEPLAY,ADVANCE_GENERAL_UPRISINGS_HISTORICAL,ADVANCE_GENERAL_UPRISINGS_PREREQ,ADVANCE_GENERAL_UPRISINGS_STATISTICS,ADVANCE_GENERAL_UPRISINGS_PREREQ,midgard
35,Spell of Animation,midgard:Gun,midgard:Inv,midgard:Iro,1,0,ICON_ADVANCE_SPELL_OF_ANIMATION,ADVANCE_SPELL_OF_ANIMATION_GAMEPLAY,ADVANCE_SPELL_OF_ANIMATION_HISTORICAL,ADVANCE_SPELL_OF_ANIMATION_PREREQ,ADVANCE_SPELL_OF_ANIMATION_STATISTICS,ADVANCE_SPELL_OF_ANIMATION_PREREQ,midgard
36,Horseback Riding,midgard:Hor,nil,nil,0,0,ICON_ADVANCE_HORSEBACK_RIDING,ADVANCE_HORSEBACK_RIDING_GAMEPLAY,ADVANCE_HORSEBACK_RIDING_HISTORICAL,ADVANCE_HORSEBACK_RIDING_PREREQ,ADVANCE_HORSEBACK_RIDING_STATISTICS,ADVANCE_HORSEBACK_RIDING_PREREQ,midgard
37,Evanescant Craft,midgard:Ind,midgard:RR,midgard:Ban,1,1,ICON_ADVANCE_EVANESCANT_CRAFT,ADVANCE_EVANESCANT_CRAFT_GAMEPLAY,ADVANCE_EVANESCANT_CRAFT_HISTORICAL,ADVANCE_EVANESCANT_CRAFT_PREREQ,ADVANCE_EVANESCANT_CRAFT_STATISTICS,ADVANCE_EVANESCANT_CRAFT_PREREQ,midgard
38,Transmogrification,midgard:Inv,midgard:Eng,midgard:Lit,1,4,ICON_ADVANCE_TRANSMOGRIFICATION,ADVANCE_TRANSMOGRIFICATION_GAMEPLAY,ADVANCE_TRANSMOGRIFICATION_HISTORICAL,ADVANCE_TRANSMOGRIFICATION_PREREQ,ADVANCE_TRANSMOGRIFICATION_STATISTICS,ADVANCE_TRANSMOGRIFICATION_PREREQ,midgard
40,Artisanship,midgard:Lab 40,midgard:MP,midgard:Gue,1,2,ICON_ADVANCE_ARTISANSHIP,ADVANCE_ARTISANSHIP_GAMEPLAY,ADVANCE_ARTISANSHIP_HISTORICAL,ADVANCE_ARTISANSHIP_PREREQ,ADVANCE_ARTISANSHIP_STATISTICS,ADVANCE_ARTISANSHIP_PREREQ,midgard
41,Moonbeam Lens,midgard:Las,midgard:NP,midgard:MP,1,3,ICON_ADVANCE_MOONBEAM_LENS,ADVANCE_MOONBEAM_LENS_GAMEPLAY,ADVANCE_MOONBEAM_LENS_HISTORICAL,ADVANCE_MOONBEAM_LENS_PREREQ,ADVANCE_MOONBEAM_LENS_STATISTICS,ADVANCE_MOONBEAM_LENS_PREREQ,midgard
42,Swine Array,midgard:Ldr,midgard:Chi,midgard:Gun,1,0,ICON_ADVANCE_SWINE_ARRAY,ADVANCE_SWINE_ARRAY_GAMEPLAY,ADVANCE_SWINE_ARRAY_HISTORICAL,ADVANCE_SWINE_ARRAY_PREREQ,ADVANCE_SWINE_ARRAY_STATISTICS,ADVANCE_SWINE_ARRAY_PREREQ,midgard
43,Magical Inscription,midgard:Lit,midgard:Wri,midgard:CoL,0,3,ICON_ADVANCE_MAGICAL_INSCRIPTION,ADVANCE_MAGICAL_INSCRIPTION_GAMEPLAY,ADVANCE_MAGICAL_INSCRIPTION_HISTORICAL,ADVANCE_MAGICAL_INSCRIPTION_PREREQ,ADVANCE_MAGICAL_INSCRIPTION_STATISTICS,ADVANCE_MAGICAL_INSCRIPTION_PREREQ,midgard
44,Weaponcraft,midgard:Too,midgard:Stl,midgard:Tac,1,4,ICON_ADVANCE_WEAPONCRAFT,ADVANCE_WEAPONCRAFT_GAMEPLAY,ADVANCE_WEAPONCRAFT_HISTORICAL,ADVANCE_WEAPONCRAFT_PREREQ,ADVANCE_WEAPONCRAFT_STATISTICS,ADVANCE_WEAPONCRAFT_PREREQ,midgard
45,Astrocompass,midgard:Mag,midgard:Phy,midgard:Iro,1,3,ICON_ADVANCE_ASTROCOMPASS,ADVANCE_ASTROCOMPASS_GAMEPLAY,ADVANCE_ASTROCOMPASS_HISTORICAL,ADVANCE_ASTROCOMPASS_PREREQ,ADVANCE_ASTROCOMPASS_STATISTICS,ADVANCE_ASTROCOMPASS_PREREQ,midgard
48,Spell of Creation,midgard:MP,midgard:Aut,midgard:Cor,1,4,ICON_ADVANCE_SPELL_OF_CREATION,ADVANCE_SPELL_OF_CREATION_GAMEPLAY,ADVANCE_SPELL_OF_CREATION_HISTORICAL,ADVANCE_SPELL_OF_CREATION_PREREQ,ADVANCE_SPELL_OF_CREATION_STATISTICS,ADVANCE_SPELL_OF_CREATION_PREREQ,midgard
51,Spell of Purification,midgard:Met,midgard:Gun,midgard:Uni,1,0,ICON_ADVANCE_SPELL_OF_PURIFICATION,ADVANCE_SPELL_OF_PURIFICATION_GAMEPLAY,ADVANCE_SPELL_OF_PURIFICATION_HISTORICAL,ADVANCE_SPELL_OF_PURIFICATION_PREREQ,ADVANCE_SPELL_OF_PURIFICATION_STATISTICS,ADVANCE_SPELL_OF_PURIFICATION_PREREQ,midgard
52,Alliegance to the Sea,midgard:Min,midgard:Too,midgard:E2,1,4,ICON_ADVANCE_ALLIEGANCE_TO_THE_SEA,ADVANCE_ALLIEGANCE_TO_THE_SEA_GAMEPLAY,ADVANCE_ALLIEGANCE_TO_THE_SEA_HISTORICAL,ADVANCE_ALLIEGANCE_TO_THE_SEA_PREREQ,ADVANCE_ALLIEGANCE_TO_THE_SEA_STATISTICS,ADVANCE_ALLIEGANCE_TO_THE_SEA_PREREQ,midgard
53,Giant Warfare,midgard:Mob,midgard:Aut,midgard:Tac,1,0,ICON_ADVANCE_GIANT_WARFARE,ADVANCE_GIANT_WARFARE_GAMEPLAY,ADVANCE_GIANT_WARFARE_HISTORICAL,ADVANCE_GIANT_WARFARE_PREREQ,ADVANCE_GIANT_WARFARE_STATISTICS,ADVANCE_GIANT_WARFARE_PREREQ,midgard
55,Priesthood,midgard:MT,midgard:Phi,midgard:PT,1,2,ICON_ADVANCE_PRIESTHOOD,ADVANCE_PRIESTHOOD_GAMEPLAY,ADVANCE_PRIESTHOOD_HISTORICAL,ADVANCE_PRIESTHOOD_PREREQ,ADVANCE_PRIESTHOOD_STATISTICS,ADVANCE_PRIESTHOOD_PREREQ,midgard
58,War Spells,midgard:NF,midgard:Ato,midgard:Amp,1,3,ICON_ADVANCE_WAR_SPELLS,ADVANCE_WAR_SPELLS_GAMEPLAY,ADVANCE_WAR_SPELLS_HISTORICAL,ADVANCE_WAR_SPELLS_PREREQ,ADVANCE_WAR_SPELLS_STATISTICS,ADVANCE_WAR_SPELLS_PREREQ,midgard
59,Magical Power,midgard:NP,midgard:NF,midgard:E2,1,3,ICON_ADVANCE_MAGICAL_POWER,ADVANCE_MAGICAL_POWER_GAMEPLAY,ADVANCE_MAGICAL_POWER_HISTORICAL,ADVANCE_MAGICAL_POWER_PREREQ,ADVANCE_MAGICAL_POWER_STATISTICS,ADVANCE_MAGICAL_POWER_PREREQ,midgard
60,Natural Philosophy,midgard:Phi 60,midgard:Mys,midgard:Lit,1,2,ICON_ADVANCE_NATURAL_PHILOSOPHY,ADVANCE_NATURAL_PHILOSOPHY_GAMEPLAY,ADVANCE_NATURAL_PHILOSOPHY_HISTORICAL,ADVANCE_NATURAL_PHILOSOPHY_PREREQ,ADVANCE_NATURAL_PHILOSOPHY_STATISTICS,ADVANCE_NATURAL_PHILOSOPHY_PREREQ,midgard
61,Metaphysics,midgard:Phy,midgard:Nav,midgard:Lit,1,3,ICON_ADVANCE_METAPHYSICS,ADVANCE_METAPHYSICS_GAMEPLAY,ADVANCE_METAPHYSICS_HISTORICAL,ADVANCE_METAPHYSICS_PREREQ,ADVANCE_METAPHYSICS_STATISTICS,ADVANCE_METAPHYSICS_PREREQ,midgard
62,Fairy Fabric,midgard:Pla,midgard:Ref,midgard:Cmp,1,4,ICON_ADVANCE_FAIRY_FABRIC,ADVANCE_FAIRY_FABRIC_GAMEPLAY,ADVANCE_FAIRY_FABRIC_HISTORICAL,ADVANCE_FAIRY_FABRIC_PREREQ,ADVANCE_FAIRY_FABRIC_STATISTICS,ADVANCE_FAIRY_FABRIC_PREREQ,midgard
63,Plumbing,midgard:Plu  (Cst & Pot),no,no,1,4,ICON_ADVANCE_PLUMBING,ADVANCE_PLUMBING_GAMEPLAY,ADVANCE_PLUMBING_HISTORICAL,ADVANCE_PLUMBING_PREREQ,ADVANCE_PLUMBING_STATISTICS,ADVANCE_PLUMBING_PREREQ,midgard
64,Polytheism,midgard:PT,midgard:Cer,midgard:Hor,0,2,ICON_ADVANCE_POLYTHEISM,ADVANCE_POLYTHEISM_GAMEPLAY,ADVANCE_POLYTHEISM_HISTORICAL,ADVANCE_POLYTHEISM_PREREQ,ADVANCE_POLYTHEISM_STATISTICS,ADVANCE_POLYTHEISM_PREREQ,midgard
66,Warp Spell,midgard:Rad,midgard:Fli,midgard:E1,1,4,ICON_ADVANCE_WARP_SPELL,ADVANCE_WARP_SPELL_GAMEPLAY,ADVANCE_WARP_SPELL_HISTORICAL,ADVANCE_WARP_SPELL_PREREQ,ADVANCE_WARP_SPELL_STATISTICS,ADVANCE_WARP_SPELL_PREREQ,midgard
67,Tunnelling,midgard:RR,midgard:SE,midgard:Bri,1,1,ICON_ADVANCE_TUNNELLING,ADVANCE_TUNNELLING_GAMEPLAY,ADVANCE_TUNNELLING_HISTORICAL,ADVANCE_TUNNELLING_PREREQ,ADVANCE_TUNNELLING_STATISTICS,ADVANCE_TUNNELLING_PREREQ,midgard
68,Sowing and Reaping,midgard:Rec,midgard:MP,midgard:Dem,1,2,ICON_ADVANCE_SOWING_AND_REAPING,ADVANCE_SOWING_AND_REAPING_GAMEPLAY,ADVANCE_SOWING_AND_REAPING_HISTORICAL,ADVANCE_SOWING_AND_REAPING_PREREQ,ADVANCE_SOWING_AND_REAPING_STATISTICS,ADVANCE_SOWING_AND_REAPING_PREREQ,midgard
69,Elemental Energy,midgard:Ref,midgard:Che,midgard:Cor,1,4,ICON_ADVANCE_ELEMENTAL_ENERGY,ADVANCE_ELEMENTAL_ENERGY_GAMEPLAY,ADVANCE_ELEMENTAL_ENERGY_HISTORICAL,ADVANCE_ELEMENTAL_ENERGY_PREREQ,ADVANCE_ELEMENTAL_ENERGY_STATISTICS,ADVANCE_ELEMENTAL_ENERGY_PREREQ,midgard
70,Fashioning Yggdrasil Wood,midgard:Rfg 70,midgard:E1,midgard:San,1,1,ICON_ADVANCE_FASHIONING_YGGDRASIL_WOOD,ADVANCE_FASHIONING_YGGDRASIL_WOOD_GAMEPLAY,ADVANCE_FASHIONING_YGGDRASIL_WOOD_HISTORICAL,ADVANCE_FASHIONING_YGGDRASIL_WOOD_PREREQ,ADVANCE_FASHIONING_YGGDRASIL_WOOD_STATISTICS,ADVANCE_FASHIONING_YGGDRASIL_WOOD_PREREQ,midgard
72,Clockworks,midgard:Rob,midgard:Cmp,midgard:Mob,1,0,ICON_ADVANCE_CLOCKWORKS,ADVANCE_CLOCKWORKS_GAMEPLAY,ADVANCE_CLOCKWORKS_HISTORICAL,ADVANCE_CLOCKWORKS_PREREQ,ADVANCE_CLOCKWORKS_STATISTICS,ADVANCE_CLOCKWORKS_PREREQ,midgard
73,Fireball Incantation,midgard:Roc,midgard:AFl,midgard:E2,1,0,ICON_ADVANCE_FIREBALL_INCANTATION,ADVANCE_FIREBALL_INCANTATION_GAMEPLAY,ADVANCE_FIREBALL_INCANTATION_HISTORICAL,ADVANCE_FIREBALL_INCANTATION_PREREQ,ADVANCE_FIREBALL_INCANTATION_STATISTICS,ADVANCE_FIREBALL_INCANTATION_PREREQ,midgard
77,Transluscence Spell,midgard:Sth,midgard:U2,midgard:Rob,1,0,ICON_ADVANCE_TRANSLUSCENCE_SPELL,ADVANCE_TRANSLUSCENCE_SPELL_GAMEPLAY,ADVANCE_TRANSLUSCENCE_SPELL_HISTORICAL,ADVANCE_TRANSLUSCENCE_SPELL_PREREQ,ADVANCE_TRANSLUSCENCE_SPELL_STATISTICS,ADVANCE_TRANSLUSCENCE_SPELL_PREREQ,midgard
78,Metallurgy,midgard:SE,midgard:Phy,midgard:Inv,1,3,ICON_ADVANCE_METALLURGY,ADVANCE_METALLURGY_GAMEPLAY,ADVANCE_METALLURGY_HISTORICAL,ADVANCE_METALLURGY_PREREQ,ADVANCE_METALLURGY_STATISTICS,ADVANCE_METALLURGY_PREREQ,midgard
79,Plate Steel,midgard:Stl,midgard:E1,midgard:Ind,1,4,ICON_ADVANCE_PLATE_STEEL,ADVANCE_PLATE_STEEL_GAMEPLAY,ADVANCE_PLATE_STEEL_HISTORICAL,ADVANCE_PLATE_STEEL_PREREQ,ADVANCE_PLATE_STEEL_STATISTICS,ADVANCE_PLATE_STEEL_PREREQ,midgard
80,Rod of Shivers,midgard:Sup 80,midgard:Pla,midgard:Las,1,3,ICON_ADVANCE_ROD_OF_SHIVERS,ADVANCE_ROD_OF_SHIVERS_GAMEPLAY,ADVANCE_ROD_OF_SHIVERS_HISTORICAL,ADVANCE_ROD_OF_SHIVERS_PREREQ,ADVANCE_ROD_OF_SHIVERS_STATISTICS,ADVANCE_ROD_OF_SHIVERS_PREREQ,midgard
81,I Viking,midgard:Tac,midgard:Che,midgard:Ldr,1,0,ICON_ADVANCE_I_VIKING,ADVANCE_I_VIKING_GAMEPLAY,ADVANCE_I_VIKING_HISTORICAL,ADVANCE_I_VIKING_PREREQ,ADVANCE_I_VIKING_STATISTICS,ADVANCE_I_VIKING_PREREQ,midgard
82,Theurgy,midgard:The,midgard:MT,midgard:Feu,1,2,ICON_ADVANCE_THEURGY,ADVANCE_THEURGY_GAMEPLAY,ADVANCE_THEURGY_HISTORICAL,ADVANCE_THEURGY_PREREQ,ADVANCE_THEURGY_STATISTICS,ADVANCE_THEURGY_PREREQ,midgard
83,Secret of Divination,midgard:ToG,midgard:Ast,midgard:Uni,1,3,ICON_ADVANCE_SECRET_OF_DIVINATION,ADVANCE_SECRET_OF_DIVINATION_GAMEPLAY,ADVANCE_SECRET_OF_DIVINATION_HISTORICAL,ADVANCE_SECRET_OF_DIVINATION_PREREQ,ADVANCE_SECRET_OF_DIVINATION_STATISTICS,ADVANCE_SECRET_OF_DIVINATION_PREREQ,midgard
85,Thaumaturgical Study,midgard:Uni,midgard:Mat,midgard:Phi,1,3,ICON_ADVANCE_THAUMATURGICAL_STUDY,ADVANCE_THAUMATURGICAL_STUDY_GAMEPLAY,ADVANCE_THAUMATURGICAL_STUDY_HISTORICAL,ADVANCE_THAUMATURGICAL_STUDY_PREREQ,ADVANCE_THAUMATURGICAL_STUDY_STATISTICS,ADVANCE_THAUMATURGICAL_STUDY_PREREQ,midgard
87,The Wheel,midgard:Whe,midgard:Hor,nil,0,4,ICON_ADVANCE_THE_WHEEL,ADVANCE_THE_WHEEL_GAMEPLAY,ADVANCE_THE_WHEEL_HISTORICAL,ADVANCE_THE_WHEEL_PREREQ,ADVANCE_THE_WHEEL_STATISTICS,ADVANCE_THE_WHEEL_PREREQ,midgard
89,Hanging from Yggdrasil,midgard:...,midgard:U3,midgard:Rob,1,3,ICON_ADVANCE_HANGING_FROM_YGGDRASIL,ADVANCE_HANGING_FROM_YGGDRASIL_GAMEPLAY,ADVANCE_HANGING_FROM_YGGDRASIL_HISTORICAL,ADVANCE_HANGING_FROM_YGGDRASIL_PREREQ,ADVANCE_HANGING_FROM_YGGDRASIL_STATISTICS,ADVANCE_HANGING_FROM_YGGDRASIL_PREREQ,midgard
90,Beast Dominion,midgard:U1  90,midgard:FP,midgard:U3,0,0,ICON_ADVANCE_BEAST_DOMINION,ADVANCE_BEAST_DOMINION_GAMEPLAY,ADVANCE_BEAST_DOMINION_HISTORICAL,ADVANCE_BEAST_DOMINION_PREREQ,ADVANCE_BEAST_DOMINION_STATISTICS,ADVANCE_BEAST_DOMINION_PREREQ,midgard
91,Omniscience,midgard:U2,midgard:NP,midgard:Rec,0,0,ICON_ADVANCE_OMNISCIENCE,ADVANCE_OMNISCIENCE_GAMEPLAY,ADVANCE_OMNISCIENCE_HISTORICAL,ADVANCE_OMNISCIENCE_PREREQ,ADVANCE_OMNISCIENCE_STATISTICS,ADVANCE_OMNISCIENCE_PREREQ,midgard
92,Dragon Lore,midgard:U3,midgard:Env,midgard:Sth,0,4,ICON_ADVANCE_DRAGON_LORE,ADVANCE_DRAGON_LORE_GAMEPLAY,ADVANCE_DRAGON_LORE_HISTORICAL,ADVANCE_DRAGON_LORE_PREREQ,ADVANCE_DRAGON_LORE_STATISTICS,ADVANCE_DRAGON_LORE_PREREQ,midgard
93,Forest Lore,midgard:X1,no,no,0,4,ICON_ADVANCE_FOREST_LORE,ADVANCE_FOREST_LORE_GAMEPLAY,ADVANCE_FOREST_LORE_HISTORICAL,ADVANCE_FOREST_LORE_PREREQ,ADVANCE_FOREST_LORE_STATISTICS,ADVANCE_FOREST_LORE_PREREQ,midgard
95,Mountain Lore,midgard:X3,no,no,0,4,ICON_ADVANCE_MOUNTAIN_LORE,ADVANCE_MOUNTAIN_LORE_GAMEPLAY,ADVANCE_MOUNTAIN_LORE_HISTORICAL,ADVANCE_MOUNTAIN_LORE_PREREQ,ADVANCE_MOUNTAIN_LORE_STATISTICS,ADVANCE_MOUNTAIN_LORE_PREREQ,midgard
96,Spirit Lore,midgard:X4,no,no,0,4,ICON_ADVANCE_SPIRIT_LORE,ADVANCE_SPIRIT_LORE_GAMEPLAY,ADVANCE_SPIRIT_LORE_HISTORICAL,ADVANCE_SPIRIT_LORE_PREREQ,ADVANCE_SPIRIT_LORE_STATISTICS,ADVANCE_SPIRIT_LORE_PREREQ,midgard
97,Earth Lore,midgard:X5,no,no,0,4,ICON_ADVANCE_EARTH_LORE,ADVANCE_EARTH_LORE_GAMEPLAY,ADVANCE_EARTH_LORE_HISTORICAL,ADVANCE_EARTH_LORE_PREREQ,ADVANCE_EARTH_LORE_STATISTICS,ADVANCE_EARTH_LORE_PREREQ,midgard
98,Warcraft,midgard:X6,no,no,0,4,ICON_ADVANCE_WARCRAFT,ADVANCE_WARCRAFT_GAMEPLAY,ADVANCE_WARCRAFT_HISTORICAL,ADVANCE_WARCRAFT_PREREQ,ADVANCE_WARCRAFT_STATISTICS,ADVANCE_WARCRAFT_PREREQ,midgard
99,Social Lore,midgard:X7,no,no,0,4,ICON_ADVANCE_SOCIAL_LORE,ADVANCE_SOCIAL_LORE_GAMEPLAY,ADVANCE_SOCIAL_LORE_HISTORICAL,ADVANCE_SOCIAL_LORE_PREREQ,ADVANCE_SOCIAL_LORE_STATISTICS,ADVANCE_SOCIAL_LORE_PREREQ,midgard
0,Advanced Flight,crusades:AFl,crusades:Rad,crusades:Too,3,4,ICON_ADVANCE_ADVANCED_FLIGHT,ADVANCE_ADVANCED_FLIGHT_GAMEPLAY,ADVANCE_ADVANCED_FLIGHT_HISTORICAL,ADVANCE_ADVANCED_FLIGHT_PREREQ,ADVANCE_ADVANCED_FLIGHT_STATISTICS,ADVANCE_ADVANCED_FLIGHT_PREREQ,crusades
2,Amphibious Warfare,crusades:Amp,crusades:Nav,crusades:Tac,3,0,ICON_ADVANCE_AMPHIBIOUS_WARFARE,ADVANCE_AMPHIBIOUS_WARFARE_GAMEPLAY,ADVANCE_AMPHIBIOUS_WARFARE_HISTORICAL,ADVANCE_AMPHIBIOUS_WARFARE_PREREQ,ADVANCE_AMPHIBIOUS_WARFARE_STATISTICS,ADVANCE_AMPHIBIOUS_WARFARE_PREREQ,crusades
3,Special Technology,crusades:Ast,no,no,1,3,ICON_ADVANCE_SPECIAL_TECHNOLOGY,ADVANCE_SPECIAL_TECHNOLOGY_GAMEPLAY,ADVANCE_SPECIAL_TECHNOLOGY_HISTORICAL,ADVANCE_SPECIAL_TECHNOLOGY_PREREQ,ADVANCE_SPECIAL_TECHNOLOGY_STATISTICS,ADVANCE_SPECIAL_TECHNOLOGY_PREREQ,crusades
4,Atomic Theory,crusades:Ato,crusades:ToG,crusades:Phy,2,3,ICON_ADVANCE_ATOMIC_THEORY,ADVANCE_ATOMIC_THEORY_GAMEPLAY,ADVANCE_ATOMIC_THEORY_HISTORICAL,ADVANCE_ATOMIC_THEORY_PREREQ,ADVANCE_ATOMIC_THEORY_STATISTICS,ADVANCE_ATOMIC_THEORY_PREREQ,crusades
13,Combined Arms,crusades:CA,crusades:Mob,crusades:AFl,3,0,ICON_ADVANCE_COMBINED_ARMS,ADVANCE_COMBINED_ARMS_GAMEPLAY,ADVANCE_COMBINED_ARMS_HISTORICAL,ADVANCE_COMBINED_ARMS_PREREQ,ADVANCE_COMBINED_ARMS_STATISTICS,ADVANCE_COMBINED_ARMS_PREREQ,crusades
14,Combustion,crusades:Cmb,crusades:Ref,crusades:Exp,2,4,ICON_ADVANCE_COMBUSTION,ADVANCE_COMBUSTION_GAMEPLAY,ADVANCE_COMBUSTION_HISTORICAL,ADVANCE_COMBUSTION_PREREQ,ADVANCE_COMBUSTION_STATISTICS,ADVANCE_COMBUSTION_PREREQ,crusades
19,The Corporation,crusades:Cor,crusades:Ind,crusades:Eco,2,1,ICON_ADVANCE_THE_CORPORATION,ADVANCE_THE_CORPORATION_GAMEPLAY,ADVANCE_THE_CORPORATION_HISTORICAL,ADVANCE_THE_CORPORATION_PREREQ,ADVANCE_THE_CORPORATION_STATISTICS,ADVANCE_THE_CORPORATION_PREREQ,crusades
25,Engineering,crusades:Eng,crusades:Whe,crusades:Cst,0,4,ICON_ADVANCE_ENGINEERING,ADVANCE_ENGINEERING_GAMEPLAY,ADVANCE_ENGINEERING_HISTORICAL,ADVANCE_ENGINEERING_PREREQ,ADVANCE_ENGINEERING_STATISTICS,ADVANCE_ENGINEERING_PREREQ,crusades
26,Environmentalism,crusades:Env,crusades:Rec,crusades:SFl,3,2,ICON_ADVANCE_ENVIRONMENTALISM,ADVANCE_ENVIRONMENTALISM_GAMEPLAY,ADVANCE_ENVIRONMENTALISM_HISTORICAL,ADVANCE_ENVIRONMENTALISM_PREREQ,ADVANCE_ENVIRONMENTALISM_STATISTICS,ADVANCE_ENVIRONMENTALISM_PREREQ,crusades
30,Flight,crusades:Fli,crusades:Cmb,crusades:ToG,2,4,ICON_ADVANCE_FLIGHT,ADVANCE_FLIGHT_GAMEPLAY,ADVANCE_FLIGHT_HISTORICAL,ADVANCE_FLIGHT_PREREQ,ADVANCE_FLIGHT_STATISTICS,ADVANCE_FLIGHT_PREREQ,crusades
34,Guerrilla Warfare,crusades:Gue,crusades:Cmn,crusades:Tac,3,0,ICON_ADVANCE_GUERRILLA_WARFARE,ADVANCE_GUERRILLA_WARFARE_GAMEPLAY,ADVANCE_GUERRILLA_WARFARE_HISTORICAL,ADVANCE_GUERRILLA_WARFARE_PREREQ,ADVANCE_GUERRILLA_WARFARE_STATISTICS,ADVANCE_GUERRILLA_WARFARE_PREREQ,crusades
37,Industrialization,crusades:Ind,crusades:RR,crusades:Ban,2,1,ICON_ADVANCE_INDUSTRIALIZATION,ADVANCE_INDUSTRIALIZATION_GAMEPLAY,ADVANCE_INDUSTRIALIZATION_HISTORICAL,ADVANCE_INDUSTRIALIZATION_PREREQ,ADVANCE_INDUSTRIALIZATION_STATISTICS,ADVANCE_INDUSTRIALIZATION_PREREQ,crusades
38,Invention,crusades:Inv,crusades:Eng,crusades:Lit,1,4,ICON_ADVANCE_INVENTION,ADVANCE_INVENTION_GAMEPLAY,ADVANCE_INVENTION_HISTORICAL,ADVANCE_INVENTION_PREREQ,ADVANCE_INVENTION_STATISTICS,ADVANCE_INVENTION_PREREQ,crusades
40,Labor Union,crusades:Lab,crusades:MP,crusades:Gue,3,2,ICON_ADVANCE_LABOR_UNION,ADVANCE_LABOR_UNION_GAMEPLAY,ADVANCE_LABOR_UNION_HISTORICAL,ADVANCE_LABOR_UNION_PREREQ,ADVANCE_LABOR_UNION_STATISTICS,ADVANCE_LABOR_UNION_PREREQ,crusades
44,Machine Tools,crusades:Too,crusades:Stl,crusades:Tac,2,4,ICON_ADVANCE_MACHINE_TOOLS,ADVANCE_MACHINE_TOOLS_GAMEPLAY,ADVANCE_MACHINE_TOOLS_HISTORICAL,ADVANCE_MACHINE_TOOLS_PREREQ,ADVANCE_MACHINE_TOOLS_STATISTICS,ADVANCE_MACHINE_TOOLS_PREREQ,crusades
45,Magnetism,crusades:Mag,crusades:Phy,crusades:Iro,1,3,ICON_ADVANCE_MAGNETISM,ADVANCE_MAGNETISM_GAMEPLAY,ADVANCE_MAGNETISM_HISTORICAL,ADVANCE_MAGNETISM_PREREQ,ADVANCE_MAGNETISM_STATISTICS,ADVANCE_MAGNETISM_PREREQ,crusades
52,Miniaturization,crusades:Min,crusades:Too,crusades:E2,3,4,ICON_ADVANCE_MINIATURIZATION,ADVANCE_MINIATURIZATION_GAMEPLAY,ADVANCE_MINIATURIZATION_HISTORICAL,ADVANCE_MINIATURIZATION_PREREQ,ADVANCE_MINIATURIZATION_STATISTICS,ADVANCE_MINIATURIZATION_PREREQ,crusades
53,Mobile Warfare,crusades:Mob,crusades:Aut,crusades:Tac,3,0,ICON_ADVANCE_MOBILE_WARFARE,ADVANCE_MOBILE_WARFARE_GAMEPLAY,ADVANCE_MOBILE_WARFARE_HISTORICAL,ADVANCE_MOBILE_WARFARE_PREREQ,ADVANCE_MOBILE_WARFARE_STATISTICS,ADVANCE_MOBILE_WARFARE_PREREQ,crusades
55,Monotheism,crusades:MT,crusades:Phi,crusades:PT,1,2,ICON_ADVANCE_MONOTHEISM,ADVANCE_MONOTHEISM_GAMEPLAY,ADVANCE_MONOTHEISM_HISTORICAL,ADVANCE_MONOTHEISM_PREREQ,ADVANCE_MONOTHEISM_STATISTICS,ADVANCE_MONOTHEISM_PREREQ,crusades
66,Radio,crusades:Rad,crusades:Fli,crusades:E1,3,4,ICON_ADVANCE_RADIO,ADVANCE_RADIO_GAMEPLAY,ADVANCE_RADIO_HISTORICAL,ADVANCE_RADIO_PREREQ,ADVANCE_RADIO_STATISTICS,ADVANCE_RADIO_PREREQ,crusades
68,Recycling,crusades:Rec,crusades:MP,crusades:Dem,3,2,ICON_ADVANCE_RECYCLING,ADVANCE_RECYCLING_GAMEPLAY,ADVANCE_RECYCLING_HISTORICAL,ADVANCE_RECYCLING_PREREQ,ADVANCE_RECYCLING_STATISTICS,ADVANCE_RECYCLING_PREREQ,crusades
69,Refining,crusades:Ref,crusades:Che,crusades:Cor,2,4,ICON_ADVANCE_REFINING,ADVANCE_REFINING_GAMEPLAY,ADVANCE_REFINING_HISTORICAL,ADVANCE_REFINING_PREREQ,ADVANCE_REFINING_STATISTICS,ADVANCE_REFINING_PREREQ,crusades
73,Rocketry,crusades:Roc,crusades:AFl,crusades:E2,3,0,ICON_ADVANCE_ROCKETRY,ADVANCE_ROCKETRY_GAMEPLAY,ADVANCE_ROCKETRY_HISTORICAL,ADVANCE_ROCKETRY_PREREQ,ADVANCE_ROCKETRY_STATISTICS,ADVANCE_ROCKETRY_PREREQ,crusades
78,Steam Engine,crusades:SE,crusades:Phy,crusades:Inv,2,3,ICON_ADVANCE_STEAM_ENGINE,ADVANCE_STEAM_ENGINE_GAMEPLAY,ADVANCE_STEAM_ENGINE_HISTORICAL,ADVANCE_STEAM_ENGINE_PREREQ,ADVANCE_STEAM_ENGINE_STATISTICS,ADVANCE_STEAM_ENGINE_PREREQ,crusades
79,Steel,crusades:Stl,crusades:E1,crusades:Ind,2,4,ICON_ADVANCE_STEEL,ADVANCE_STEEL_GAMEPLAY,ADVANCE_STEEL_HISTORICAL,ADVANCE_STEEL_PREREQ,ADVANCE_STEEL_STATISTICS,ADVANCE_STEEL_PREREQ,crusades
80,Superconductor,crusades:Sup,crusades:Pla,crusades:Las,3,3,ICON_ADVANCE_SUPERCONDUCTOR,ADVANCE_SUPERCONDUCTOR_GAMEPLAY,ADVANCE_SUPERCONDUCTOR_HISTORICAL,ADVANCE_SUPERCONDUCTOR_PREREQ,ADVANCE_SUPERCONDUCTOR_STATISTICS,ADVANCE_SUPERCONDUCTOR_PREREQ,crusades
90,The Holy Lance,crusades:U1,crusades:Fun,crusades:Mys,0,0,ICON_ADVANCE_THE_HOLY_LANCE,ADVANCE_THE_HOLY_LANCE_GAMEPLAY,ADVANCE_THE_HOLY_LANCE_HISTORICAL,ADVANCE_THE_HOLY_LANCE_PREREQ,ADVANCE_THE_HOLY_LANCE_STATISTICS,ADVANCE_THE_HOLY_LANCE_PREREQ,crusades
91,The True Cross,crusades:U2,crusades:Ast,crusades:Mys,0,0,ICON_ADVANCE_THE_TRUE_CROSS,ADVANCE_THE_TRUE_CROSS_GAMEPLAY,ADVANCE_THE_TRUE_CROSS_HISTORICAL,ADVANCE_THE_TRUE_CROSS_PREREQ,ADVANCE_THE_TRUE_CROSS_STATISTICS,ADVANCE_THE_TRUE_CROSS_PREREQ,crusades
92,User Def Tech C,crusades:U3,no,no,0,0,ICON_ADVANCE_USER_DEF_TECH_C,ADVANCE_USER_DEF_TECH_C_GAMEPLAY,ADVANCE_USER_DEF_TECH_C_HISTORICAL,ADVANCE_USER_DEF_TECH_C_PREREQ,ADVANCE_USER_DEF_TECH_C_STATISTICS,ADVANCE_USER_DEF_TECH_C_PREREQ,crusades
5,Age of Discovery,cradle:ADVANCE_AGE_OF_DISCOVERY,cradle:ADVANCE_ASTROLABE,cradle:ADVANCE_CANNON_MAKING,3,0,ICON_ADVANCE_AGE_OF_DISCOVERY,ADVANCE_AGE_OF_DISCOVERY_GAMEPLAY,ADVANCE_AGE_OF_DISCOVERY_HISTORICAL,ADVANCE_AGE_OF_DISCOVERY_PREREQ,ADVANCE_AGE_OF_DISCOVERY_STATISTICS,ADVANCE_AGE_OF_DISCOVERY_STATISTICS,cradle
6,Age of Reason,cradle:ADVANCE_AGE_OF_REASON,cradle:ADVANCE_VERNACULAR_PROSE,cradle:ADVANCE_NATIONALISM,3,0,ICON_ADVANCE_AGE_OF_REASON,ADVANCE_AGE_OF_REASON_GAMEPLAY,ADVANCE_AGE_OF_REASON_HISTORICAL,ADVANCE_AGE_OF_REASON_PREREQ,ADVANCE_AGE_OF_REASON_STATISTICS,ADVANCE_AGE_OF_REASON_STATISTICS,cradle
7,Agricultural Revolution,cradle:ADVANCE_AGRICULTURAL_REVOLUTION,cradle:ADVANCE_LATIFUNDIA,cradle:ADVANCE_CHEMISTRY,3,0,ICON_ADVANCE_AGRICULTURAL_REVOLUTION,ADVANCE_AGRICULTURAL_REVOLUTION_GAMEPLAY,ADVANCE_AGRICULTURAL_REVOLUTION_HISTORICAL,ADVANCE_AGRICULTURAL_REVOLUTION_PREREQ,ADVANCE_AGRICULTURAL_REVOLUTION_STATISTICS,ADVANCE_AGRICULTURAL_REVOLUTION_STATISTICS,cradle
8,Agriculture,cradle:ADVANCE_AGRICULTURE,nil,nil,0,0,ICON_ADVANCE_AGRICULTURE,ADVANCE_AGRICULTURE_GAMEPLAY,ADVANCE_AGRICULTURE_HISTORICAL,ADVANCE_AGRICULTURE_PREREQ,ADVANCE_AGRICULTURE_STATISTICS,ADVANCE_AGRICULTURE_STATISTICS,cradle
10,Applied Math,cradle:ADVANCE_APPLIED_MATH,cradle:ADVANCE_ASTRONOMY,cradle:ADVANCE_BRICK_MAKING,0,0,ICON_ADVANCE_APPLIED_MATH,ADVANCE_APPLIED_MATH_GAMEPLAY,ADVANCE_APPLIED_MATH_HISTORICAL,ADVANCE_APPLIED_MATH_PREREQ,ADVANCE_APPLIED_MATH_STATISTICS,ADVANCE_APPLIED_MATH_STATISTICS,cradle
11,Aqueducts,cradle:ADVANCE_AQUEDUCTS,cradle:ADVANCE_WATER_LIFTS,cradle:ADVANCE_MASONRY,1,0,ICON_ADVANCE_AQUEDUCTS,ADVANCE_AQUEDUCTS_GAMEPLAY,ADVANCE_AQUEDUCTS_HISTORICAL,ADVANCE_AQUEDUCTS_PREREQ,ADVANCE_AQUEDUCTS_STATISTICS,ADVANCE_AQUEDUCTS_STATISTICS,cradle
12,Archery,cradle:ADVANCE_ARCHERY,cradle:ADVANCE_PROJECTILE_WEAPONS,cradle:ADVANCE_BRONZE_WORKING,1,0,ICON_ADVANCE_ARCHERY,ADVANCE_ARCHERY_GAMEPLAY,ADVANCE_ARCHERY_HISTORICAL,ADVANCE_ARCHERY_PREREQ,ADVANCE_ARCHERY_STATISTICS,ADVANCE_ARCHERY_STATISTICS,cradle
13,Architecture,cradle:ADVANCE_ARCHITECTURE,cradle:ADVANCE_APPLIED_MATH,cradle:ADVANCE_BRICK_MAKING,0,0,ICON_ADVANCE_ARCHITECTURE,ADVANCE_ARCHITECTURE_GAMEPLAY,ADVANCE_ARCHITECTURE_HISTORICAL,ADVANCE_ARCHITECTURE_PREREQ,ADVANCE_ARCHITECTURE_STATISTICS,ADVANCE_ARCHITECTURE_STATISTICS,cradle
15,Astrolabe,cradle:ADVANCE_ASTROLABE,cradle:ADVANCE_COMPASS,cradle:ADVANCE_GUNPOWDER,2,0,ICON_ADVANCE_ASTROLABE,ADVANCE_ASTROLABE_GAMEPLAY,ADVANCE_ASTROLABE_HISTORICAL,ADVANCE_ASTROLABE_PREREQ,ADVANCE_ASTROLABE_STATISTICS,ADVANCE_ASTROLABE_STATISTICS,cradle
16,Astronomy,cradle:ADVANCE_ASTRONOMY,cradle:ADVANCE_RELIGION,nil,0,0,ICON_ADVANCE_ASTRONOMY,ADVANCE_ASTRONOMY_GAMEPLAY,ADVANCE_ASTRONOMY_HISTORICAL,ADVANCE_ASTRONOMY_PREREQ,ADVANCE_ASTRONOMY_STATISTICS,ADVANCE_ASTRONOMY_STATISTICS,cradle
17,Ballista Towers,cradle:ADVANCE_BALLISTA_TOWERS,cradle:ADVANCE_MASONRY,cradle:ADVANCE_BALLISTICS,1,0,ICON_ADVANCE_BALLISTA_TOWERS,ADVANCE_BALLISTA_TOWERS_GAMEPLAY,ADVANCE_BALLISTA_TOWERS_HISTORICAL,ADVANCE_BALLISTA_TOWERS_PREREQ,ADVANCE_BALLISTA_TOWERS_STATISTICS,ADVANCE_BALLISTA_TOWERS_STATISTICS,cradle
18,Ballistics,cradle:ADVANCE_BALLISTICS,cradle:ADVANCE_WHEEL,cradle:ADVANCE_COMPOSITE_BOW,1,0,ICON_ADVANCE_BALLISTICS,ADVANCE_BALLISTICS_GAMEPLAY,ADVANCE_BALLISTICS_HISTORICAL,ADVANCE_BALLISTICS_PREREQ,ADVANCE_BALLISTICS_STATISTICS,ADVANCE_BALLISTICS_STATISTICS,cradle
20,Barracks,cradle:ADVANCE_BARRACKS,cradle:ADVANCE_BRONZE_WORKING,cradle:ADVANCE_PHILOSOPHY,1,0,ICON_ADVANCE_BARRACKS,ADVANCE_BARRACKS_GAMEPLAY,ADVANCE_BARRACKS_HISTORICAL,ADVANCE_BARRACKS_PREREQ,ADVANCE_BARRACKS_STATISTICS,ADVANCE_BARRACKS_STATISTICS,cradle
21,Biological Warfare,cradle:ADVANCE_BIO_WARFARE,cradle:ADVANCE_MEDICINE,cradle:ADVANCE_GLOBAL_ECONOMICS,5,0,ICON_ADVANCE_BIO_WARFARE,ADVANCE_BIO_WARFARE_GAMEPLAY,ADVANCE_BIO_WARFARE_HISTORICAL,ADVANCE_BIO_WARFARE_PREREQ,ADVANCE_BIO_WARFARE_STATISTICS,ADVANCE_BIO_WARFARE_STATISTICS,cradle
22,Brick Making,cradle:ADVANCE_BRICK_MAKING,cradle:ADVANCE_STONE_WORKING,cradle:ADVANCE_SLAVE_LABOR,0,0,ICON_ADVANCE_BRICK_MAKING,ADVANCE_BRICK_MAKING_GAMEPLAY,ADVANCE_BRICK_MAKING_HISTORICAL,ADVANCE_BRICK_MAKING_PREREQ,ADVANCE_BRICK_MAKING_STATISTICS,ADVANCE_BRICK_MAKING_STATISTICS,cradle
24,Buddhism,cradle:ADVANCE_BUDDHISM,cradle:ADVANCE_PHILOSOPHY,nil,1,0,ICON_ADVANCE_BUDDHISM,ADVANCE_BUDDHISM_GAMEPLAY,ADVANCE_BUDDHISM_HISTORICAL,ADVANCE_BUDDHISM_PREREQ,ADVANCE_BUDDHISM_STATISTICS,ADVANCE_BUDDHISM_STATISTICS,cradle
25,Bureaucracy,cradle:ADVANCE_BUREAUCRACY,cradle:ADVANCE_REPUBLIC,cradle:ADVANCE_CONCRETE,1,0,ICON_ADVANCE_BUREAUCRACY,ADVANCE_BUREAUCRACY_GAMEPLAY,ADVANCE_BUREAUCRACY_HISTORICAL,ADVANCE_BUREAUCRACY_PREREQ,ADVANCE_BUREAUCRACY_STATISTICS,ADVANCE_BUREAUCRACY_STATISTICS,cradle
26,Caliphate,cradle:ADVANCE_CALIPHATE,cradle:ADVANCE_CLASSICAL_EDUCATION,cradle:ADVANCE_ISLAM,2,0,ICON_ADVANCE_CALIPHATE,ADVANCE_CALIPHATE_GAMEPLAY,ADVANCE_CALIPHATE_HISTORICAL,ADVANCE_CALIPHATE_PREREQ,ADVANCE_CALIPHATE_STATISTICS,ADVANCE_CALIPHATE_STATISTICS,cradle
28,Cavalry Tactics,cradle:ADVANCE_CAVALRY_TACTICS,cradle:ADVANCE_CHIVALRY,cradle:ADVANCE_FLINTLOCK,4,0,ICON_ADVANCE_CAVALRY_TACTICS,ADVANCE_CAVALRY_TACTICS_GAMEPLAY,ADVANCE_CAVALRY_TACTICS_HISTORICAL,ADVANCE_CAVALRY_TACTICS_PREREQ,ADVANCE_CAVALRY_TACTICS_STATISTICS,ADVANCE_CAVALRY_TACTICS_STATISTICS,cradle
31,Chariots,cradle:ADVANCE_CHARIOTS,cradle:ADVANCE_HORSE_RIDING,cradle:ADVANCE_WHEEL,0,0,ICON_ADVANCE_CHARIOTS,ADVANCE_CHARIOTS_GAMEPLAY,ADVANCE_CHARIOTS_HISTORICAL,ADVANCE_CHARIOTS_PREREQ,ADVANCE_CHARIOTS_STATISTICS,ADVANCE_CHARIOTS_STATISTICS,cradle
32,Chemistry,cradle:ADVANCE_CHEMISTRY,cradle:ADVANCE_OPTICS,cradle:ADVANCE_GUNPOWDER,3,0,ICON_ADVANCE_CHEMISTRY,ADVANCE_CHEMISTRY_GAMEPLAY,ADVANCE_CHEMISTRY_HISTORICAL,ADVANCE_CHEMISTRY_PREREQ,ADVANCE_CHEMISTRY_STATISTICS,ADVANCE_CHEMISTRY_STATISTICS,cradle
34,Christianity,cradle:ADVANCE_CHRISTIANITY,cradle:ADVANCE_TRIBUNAL_EMPIRE,cradle:ADVANCE_JUDAISM,1,0,ICON_ADVANCE_CHRISTIANITY,ADVANCE_CHRISTIANITY_GAMEPLAY,ADVANCE_CHRISTIANITY_HISTORICAL,ADVANCE_CHRISTIANITY_PREREQ,ADVANCE_CHRISTIANITY_STATISTICS,ADVANCE_CHRISTIANITY_STATISTICS,cradle
35,Chronometer,cradle:ADVANCE_CHRONOMETER,cradle:ADVANCE_AGE_OF_DISCOVERY,cradle:ADVANCE_PERSPECTIVE,3,0,ICON_ADVANCE_CHRONOMETER,ADVANCE_CHRONOMETER_GAMEPLAY,ADVANCE_CHRONOMETER_HISTORICAL,ADVANCE_CHRONOMETER_PREREQ,ADVANCE_CHRONOMETER_STATISTICS,ADVANCE_CHRONOMETER_STATISTICS,cradle
36,City State,cradle:ADVANCE_CITY_STATE,cradle:ADVANCE_JURISPRUDENCE,cradle:ADVANCE_BRONZE_WORKING,0,0,ICON_ADVANCE_CITY_STATE,ADVANCE_CITY_STATE_GAMEPLAY,ADVANCE_CITY_STATE_HISTORICAL,ADVANCE_CITY_STATE_PREREQ,ADVANCE_CITY_STATE_STATISTICS,ADVANCE_CITY_STATE_STATISTICS,cradle
37,Civic Engineering,cradle:ADVANCE_CIVIC_ENGINEERING,cradle:ADVANCE_CONCRETE,cradle:ADVANCE_MATHEMATICAL_MODELING,1,0,ICON_ADVANCE_CIVIC_ENGINEERING,ADVANCE_CIVIC_ENGINEERING_GAMEPLAY,ADVANCE_CIVIC_ENGINEERING_HISTORICAL,ADVANCE_CIVIC_ENGINEERING_PREREQ,ADVANCE_CIVIC_ENGINEERING_STATISTICS,ADVANCE_CIVIC_ENGINEERING_STATISTICS,cradle
38,Classical Education,cradle:ADVANCE_CLASSICAL_EDUCATION,cradle:ADVANCE_MATHEMATICAL_MODELING,cradle:ADVANCE_MONARCHY,2,0,ICON_ADVANCE_CLASSICAL_EDUCATION,ADVANCE_CLASSICAL_EDUCATION_GAMEPLAY,ADVANCE_CLASSICAL_EDUCATION_HISTORICAL,ADVANCE_CLASSICAL_EDUCATION_PREREQ,ADVANCE_CLASSICAL_EDUCATION_STATISTICS,ADVANCE_CLASSICAL_EDUCATION_STATISTICS,cradle
39,Coastal Forts,cradle:ADVANCE_COASTAL_FORTS,cradle:ADVANCE_NAVAL_TACTICS,cradle:ADVANCE_ECONOMICS,4,0,ICON_ADVANCE_COASTAL_FORTS,ADVANCE_COASTAL_FORTS_GAMEPLAY,ADVANCE_COASTAL_FORTS_HISTORICAL,ADVANCE_COASTAL_FORTS_PREREQ,ADVANCE_COASTAL_FORTS_STATISTICS,ADVANCE_COASTAL_FORTS_STATISTICS,cradle
42,Compass,cradle:ADVANCE_COMPASS,cradle:ADVANCE_OCEAN_FARING,cradle:ADVANCE_DARK_AGES,2,0,ICON_ADVANCE_COMPASS,ADVANCE_COMPASS_GAMEPLAY,ADVANCE_COMPASS_HISTORICAL,ADVANCE_COMPASS_PREREQ,ADVANCE_COMPASS_STATISTICS,ADVANCE_COMPASS_STATISTICS,cradle
43,Composite Bow,cradle:ADVANCE_COMPOSITE_BOW,cradle:ADVANCE_ARCHERY,cradle:ADVANCE_OLIGARCHY,1,0,ICON_ADVANCE_COMPOSITE_BOW,ADVANCE_COMPOSITE_BOW_GAMEPLAY,ADVANCE_COMPOSITE_BOW_HISTORICAL,ADVANCE_COMPOSITE_BOW_PREREQ,ADVANCE_COMPOSITE_BOW_STATISTICS,ADVANCE_COMPOSITE_BOW_STATISTICS,cradle
45,Concrete,cradle:ADVANCE_CONCRETE,cradle:ADVANCE_BALLISTA_TOWERS,cradle:ADVANCE_AQUEDUCTS,1,0,ICON_ADVANCE_CONCRETE,ADVANCE_CONCRETE_GAMEPLAY,ADVANCE_CONCRETE_HISTORICAL,ADVANCE_CONCRETE_PREREQ,ADVANCE_CONCRETE_STATISTICS,ADVANCE_CONCRETE_STATISTICS,cradle
46,Confucianism,cradle:ADVANCE_CONFUCIANISM,cradle:ADVANCE_ETHICS,nil,1,0,ICON_ADVANCE_CONFUCIANISM,ADVANCE_CONFUCIANISM_GAMEPLAY,ADVANCE_CONFUCIANISM_HISTORICAL,ADVANCE_CONFUCIANISM_PREREQ,ADVANCE_CONFUCIANISM_STATISTICS,ADVANCE_CONFUCIANISM_STATISTICS,cradle
48,Copper Smelting,cradle:ADVANCE_COPPER_SMELTING,cradle:ADVANCE_MINING,cradle:ADVANCE_TRADE,0,0,ICON_ADVANCE_COPPER_SMELTING,ADVANCE_COPPER_SMELTING_GAMEPLAY,ADVANCE_COPPER_SMELTING_HISTORICAL,ADVANCE_COPPER_SMELTING_PREREQ,ADVANCE_COPPER_SMELTING_STATISTICS,ADVANCE_COPPER_SMELTING_STATISTICS,cradle
51,Cosmology,cradle:ADVANCE_COSMOLOGY,cradle:ADVANCE_APPLIED_MATH,cradle:ADVANCE_PHILOSOPHY,1,0,ICON_ADVANCE_COSMOLOGY,ADVANCE_COSMOLOGY_GAMEPLAY,ADVANCE_COSMOLOGY_HISTORICAL,ADVANCE_COSMOLOGY_PREREQ,ADVANCE_COSMOLOGY_STATISTICS,ADVANCE_COSMOLOGY_STATISTICS,cradle
53,Crossbow,cradle:ADVANCE_CROSSBOW,cradle:ADVANCE_GREEK_FIRE,cradle:ADVANCE_FEUDALISM,2,0,ICON_ADVANCE_CROSSBOW,ADVANCE_CROSSBOW_GAMEPLAY,ADVANCE_CROSSBOW_HISTORICAL,ADVANCE_CROSSBOW_PREREQ,ADVANCE_CROSSBOW_STATISTICS,ADVANCE_CROSSBOW_STATISTICS,cradle
56,Dark Ages,cradle:ADVANCE_DARK_AGES,cradle:ADVANCE_TRIBUNAL_EMPIRE,cradle:ADVANCE_CHRISTIANITY,2,0,ICON_ADVANCE_DARK_AGES,ADVANCE_DARK_AGES_GAMEPLAY,ADVANCE_DARK_AGES_HISTORICAL,ADVANCE_DARK_AGES_PREREQ,ADVANCE_DARK_AGES_STATISTICS,ADVANCE_DARK_AGES_STATISTICS,cradle
58,Dictatorship,cradle:ADVANCE_DICTATORSHIP,cradle:ADVANCE_BUREAUCRACY,cradle:ADVANCE_IRON_WORKING,1,0,ICON_ADVANCE_DICTATORSHIP,ADVANCE_DICTATORSHIP_GAMEPLAY,ADVANCE_DICTATORSHIP_HISTORICAL,ADVANCE_DICTATORSHIP_PREREQ,ADVANCE_DICTATORSHIP_STATISTICS,ADVANCE_DICTATORSHIP_STATISTICS,cradle
60,Domestication,cradle:ADVANCE_DOMESTICATION,nil,nil,0,0,ICON_ADVANCE_DOMESTICATION,ADVANCE_DOMESTICATION_GAMEPLAY,ADVANCE_DOMESTICATION_HISTORICAL,ADVANCE_DOMESTICATION_PREREQ,ADVANCE_DOMESTICATION_STATISTICS,ADVANCE_DOMESTICATION_STATISTICS,cradle
61,Drama,cradle:ADVANCE_DRAMA,cradle:ADVANCE_MONOTHEISM,cradle:ADVANCE_WRITING,0,0,ICON_ADVANCE_DRAMA,ADVANCE_DRAMA_GAMEPLAY,ADVANCE_DRAMA_HISTORICAL,ADVANCE_DRAMA_PREREQ,ADVANCE_DRAMA_STATISTICS,ADVANCE_DRAMA_STATISTICS,cradle
62,Dynasty,cradle:ADVANCE_DYNASTY,cradle:ADVANCE_WRITING,cradle:ADVANCE_GRANARIES,0,0,ICON_ADVANCE_DYNASTY,ADVANCE_DYNASTY_GAMEPLAY,ADVANCE_DYNASTY_HISTORICAL,ADVANCE_DYNASTY_PREREQ,ADVANCE_DYNASTY_STATISTICS,ADVANCE_DYNASTY_STATISTICS,cradle
64,Eco-Religion,cradle:ADVANCE_ECO_RELIGION,cradle:ADVANCE_AI_SURVEILLANCE,cradle:ADVANCE_NEURAL_REPROGRAMMING,8,0,ICON_ADVANCE_ECO_RELIGION,ADVANCE_ECO_RELIGION_GAMEPLAY,ADVANCE_ECO_RELIGION_HISTORICAL,ADVANCE_ECO_RELIGION_PREREQ,ADVANCE_ECO_RELIGION_STATISTICS,ADVANCE_ECO_RELIGION_STATISTICS,cradle
67,Ethics,cradle:ADVANCE_ETHICS,cradle:ADVANCE_DICTATORSHIP,cradle:ADVANCE_HIPPOCRATIC_SCHOOL,1,0,ICON_ADVANCE_ETHICS,ADVANCE_ETHICS_GAMEPLAY,ADVANCE_ETHICS_HISTORICAL,ADVANCE_ETHICS_PREREQ,ADVANCE_ETHICS_STATISTICS,ADVANCE_ETHICS_STATISTICS,cradle
69,Exploration,cradle:ADVANCE_EXPLORATION,nil,nil,0,0,ICON_ADVANCE_EXPLORATION,ADVANCE_EXPLORATION_GAMEPLAY,ADVANCE_EXPLORATION_HISTORICAL,ADVANCE_EXPLORATION_PREREQ,ADVANCE_EXPLORATION_STATISTICS,ADVANCE_EXPLORATION_STATISTICS,cradle
73,Fishing,cradle:ADVANCE_FISHING,nil,nil,0,0,ICON_ADVANCE_FISHING,ADVANCE_FISHING_GAMEPLAY,ADVANCE_FISHING_HISTORICAL,ADVANCE_FISHING_PREREQ,ADVANCE_FISHING_STATISTICS,ADVANCE_FISHING_STATISTICS,cradle
74,Flintlock,cradle:ADVANCE_FLINTLOCK,cradle:ADVANCE_MACHINE_TOOLS,cradle:ADVANCE_CANNON_MAKING,3,0,ICON_ADVANCE_FLINTLOCK,ADVANCE_FLINTLOCK_GAMEPLAY,ADVANCE_FLINTLOCK_HISTORICAL,ADVANCE_FLINTLOCK_PREREQ,ADVANCE_FLINTLOCK_STATISTICS,ADVANCE_FLINTLOCK_STATISTICS,cradle
81,Geometry,cradle:ADVANCE_GEOMETRY,cradle:ADVANCE_COSMOLOGY,cradle:ADVANCE_BALLISTICS,1,0,ICON_ADVANCE_GEOMETRY,ADVANCE_GEOMETRY_GAMEPLAY,ADVANCE_GEOMETRY_HISTORICAL,ADVANCE_GEOMETRY_PREREQ,ADVANCE_GEOMETRY_STATISTICS,ADVANCE_GEOMETRY_STATISTICS,cradle
85,Gothic Architecture,cradle:ADVANCE_GOTHIC_ARCHITECTURE,cradle:ADVANCE_IRON_WORKING,cradle:ADVANCE_CLASSICAL_EDUCATION,2,0,ICON_ADVANCE_GOTHIC_ARCHITECTURE,ADVANCE_GOTHIC_ARCHITECTURE_GAMEPLAY,ADVANCE_GOTHIC_ARCHITECTURE_HISTORICAL,ADVANCE_GOTHIC_ARCHITECTURE_PREREQ,ADVANCE_GOTHIC_ARCHITECTURE_STATISTICS,ADVANCE_GOTHIC_ARCHITECTURE_STATISTICS,cradle
86,Granaries,cradle:ADVANCE_GRANARIES,cradle:ADVANCE_AGRICULTURE,cradle:ADVANCE_BRICK_MAKING,0,0,ICON_ADVANCE_GRANARIES,ADVANCE_GRANARIES_GAMEPLAY,ADVANCE_GRANARIES_HISTORICAL,ADVANCE_GRANARIES_PREREQ,ADVANCE_GRANARIES_STATISTICS,ADVANCE_GRANARIES_STATISTICS,cradle
87,Greek Fire,cradle:ADVANCE_GREEK_FIRE,cradle:ADVANCE_SIEGE_WEAPONS,cradle:ADVANCE_TRIBUNAL_EMPIRE,2,0,ICON_ADVANCE_GREEK_FIRE,ADVANCE_GREEK_FIRE_GAMEPLAY,ADVANCE_GREEK_FIRE_HISTORICAL,ADVANCE_GREEK_FIRE_PREREQ,ADVANCE_GREEK_FIRE_STATISTICS,ADVANCE_GREEK_FIRE_STATISTICS,cradle
89,Gunpowder,cradle:ADVANCE_GUNPOWDER,cradle:ADVANCE_CROSSBOW,cradle:ADVANCE_CLASSICAL_EDUCATION,2,0,ICON_ADVANCE_GUNPOWDER,ADVANCE_GUNPOWDER_GAMEPLAY,ADVANCE_GUNPOWDER_HISTORICAL,ADVANCE_GUNPOWDER_PREREQ,ADVANCE_GUNPOWDER_STATISTICS,ADVANCE_GUNPOWDER_STATISTICS,cradle
90,Herbalism,cradle:ADVANCE_HERBALISM,cradle:ADVANCE_CEREMONIAL_BURIAL,cradle:ADVANCE_WATER_LIFTS,0,0,ICON_ADVANCE_HERBALISM,ADVANCE_HERBALISM_GAMEPLAY,ADVANCE_HERBALISM_HISTORICAL,ADVANCE_HERBALISM_PREREQ,ADVANCE_HERBALISM_STATISTICS,ADVANCE_HERBALISM_STATISTICS,cradle
91,Hippocratic School,cradle:ADVANCE_HIPPOCRATIC_SCHOOL,cradle:ADVANCE_HERBALISM,cradle:ADVANCE_PHILOSOPHY,1,0,ICON_ADVANCE_HIPPOCRATIC_SCHOOL,ADVANCE_HIPPOCRATIC_SCHOOL_GAMEPLAY,ADVANCE_HIPPOCRATIC_SCHOOL_HISTORICAL,ADVANCE_HIPPOCRATIC_SCHOOL_PREREQ,ADVANCE_HIPPOCRATIC_SCHOOL_STATISTICS,ADVANCE_HIPPOCRATIC_SCHOOL_STATISTICS,cradle
93,Horse Riding,cradle:ADVANCE_HORSE_RIDING,cradle:ADVANCE_DOMESTICATION,cradle:ADVANCE_PROJECTILE_WEAPONS,0,0,ICON_ADVANCE_HORSE_RIDING,ADVANCE_HORSE_RIDING_GAMEPLAY,ADVANCE_HORSE_RIDING_HISTORICAL,ADVANCE_HORSE_RIDING_PREREQ,ADVANCE_HORSE_RIDING_STATISTICS,ADVANCE_HORSE_RIDING_STATISTICS,cradle
95,Hullmaking,cradle:ADVANCE_HULL_MAKING,cradle:ADVANCE_MAP_MAKING,cradle:ADVANCE_IRON_WORKING,1,0,ICON_ADVANCE_HULL_MAKING,ADVANCE_HULL_MAKING_GAMEPLAY,ADVANCE_HULL_MAKING_HISTORICAL,ADVANCE_HULL_MAKING_PREREQ,ADVANCE_HULL_MAKING_STATISTICS,ADVANCE_HULL_MAKING_STATISTICS,cradle
99,Internet,cradle:ADVANCE_INTERNET,cradle:ADVANCE_QUANTUM_MECHANICS,cradle:ADVANCE_NUCLEAR_POWER,6,0,ICON_ADVANCE_INTERNET,ADVANCE_INTERNET_GAMEPLAY,ADVANCE_INTERNET_HISTORICAL,ADVANCE_INTERNET_PREREQ,ADVANCE_INTERNET_STATISTICS,ADVANCE_INTERNET_STATISTICS,cradle
101,Islam,cradle:ADVANCE_ISLAM,cradle:ADVANCE_THEOLOGY,nil,2,0,ICON_ADVANCE_ISLAM,ADVANCE_ISLAM_GAMEPLAY,ADVANCE_ISLAM_HISTORICAL,ADVANCE_ISLAM_PREREQ,ADVANCE_ISLAM_STATISTICS,ADVANCE_ISLAM_STATISTICS,cradle
103,Judaism,cradle:ADVANCE_JUDAISM,cradle:ADVANCE_MONOTHEISM,nil,0,0,ICON_ADVANCE_JUDAISM,ADVANCE_JUDAISM_GAMEPLAY,ADVANCE_JUDAISM_HISTORICAL,ADVANCE_JUDAISM_PREREQ,ADVANCE_JUDAISM_STATISTICS,ADVANCE_JUDAISM_STATISTICS,cradle
104,Jurisprudence,cradle:ADVANCE_JURISPRUDENCE,cradle:ADVANCE_DYNASTY,cradle:ADVANCE_MONOTHEISM,0,0,ICON_ADVANCE_JURISPRUDENCE,ADVANCE_JURISPRUDENCE_GAMEPLAY,ADVANCE_JURISPRUDENCE_HISTORICAL,ADVANCE_JURISPRUDENCE_PREREQ,ADVANCE_JURISPRUDENCE_STATISTICS,ADVANCE_JURISPRUDENCE_STATISTICS,cradle
105,Latifundia,cradle:ADVANCE_LATIFUNDIA,cradle:ADVANCE_AQUEDUCTS,cradle:ADVANCE_TRIBUNAL_EMPIRE,2,0,ICON_ADVANCE_LATIFUNDIA,ADVANCE_LATIFUNDIA_GAMEPLAY,ADVANCE_LATIFUNDIA_HISTORICAL,ADVANCE_LATIFUNDIA_PREREQ,ADVANCE_LATIFUNDIA_STATISTICS,ADVANCE_LATIFUNDIA_STATISTICS,cradle
106,Legal System,cradle:ADVANCE_LEGAL_SYSTEM,cradle:ADVANCE_MASS_MEDIA,cradle:ADVANCE_DEMOCRACY,5,0,ICON_ADVANCE_LEGAL_SYSTEM,ADVANCE_LEGAL_SYSTEM_GAMEPLAY,ADVANCE_LEGAL_SYSTEM_HISTORICAL,ADVANCE_LEGAL_SYSTEM_PREREQ,ADVANCE_LEGAL_SYSTEM_STATISTICS,ADVANCE_LEGAL_SYSTEM_STATISTICS,cradle
108,Fluid Breathing,cradle:ADVANCE_LIQUID_BREATHING_APPARATUS,cradle:ADVANCE_STEALTH_TECHNOLOGY,cradle:ADVANCE_GENETICS,6,0,ICON_ADVANCE_LIQUID_BREATHING_APPARATUS,ADVANCE_LIQUID_BREATHING_APPARATUS_GAMEPLAY,ADVANCE_LIQUID_BREATHING_APPARATUS_HISTORICAL,ADVANCE_LIQUID_BREATHING_APPARATUS_PREREQ,ADVANCE_LIQUID_BREATHING_APPARATUS_STATISTICS,ADVANCE_LIQUID_BREATHING_APPARATUS_STATISTICS,cradle
115,Mathematical Modeling,cradle:ADVANCE_MATHEMATICAL_MODELING,cradle:ADVANCE_GEOMETRY,cradle:ADVANCE_IRON_WORKING,1,0,ICON_ADVANCE_MATHEMATICAL_MODELING,ADVANCE_MATHEMATICAL_MODELING_GAMEPLAY,ADVANCE_MATHEMATICAL_MODELING_HISTORICAL,ADVANCE_MATHEMATICAL_MODELING_PREREQ,ADVANCE_MATHEMATICAL_MODELING_STATISTICS,ADVANCE_MATHEMATICAL_MODELING_STATISTICS,cradle
116,Mechanical Clock,cradle:ADVANCE_MECHANICAL_CLOCK,cradle:ADVANCE_MILLS,cradle:ADVANCE_BANKING,2,0,ICON_ADVANCE_MECHANICAL_CLOCK,ADVANCE_MECHANICAL_CLOCK_GAMEPLAY,ADVANCE_MECHANICAL_CLOCK_HISTORICAL,ADVANCE_MECHANICAL_CLOCK_PREREQ,ADVANCE_MECHANICAL_CLOCK_STATISTICS,ADVANCE_MECHANICAL_CLOCK_STATISTICS,cradle
117,Modern Medicine,cradle:ADVANCE_MEDICINE,cradle:ADVANCE_CORPORATION,cradle:ADVANCE_PHARMACEUTICALS,5,0,ICON_ADVANCE_MEDICINE,ADVANCE_MEDICINE_GAMEPLAY,ADVANCE_MEDICINE_HISTORICAL,ADVANCE_MEDICINE_PREREQ,ADVANCE_MEDICINE_STATISTICS,ADVANCE_MEDICINE_STATISTICS,cradle
118,Megaliths,cradle:ADVANCE_MEGALITHS,cradle:ADVANCE_STONE_WORKING,nil,0,0,ICON_ADVANCE_MEGALITHS,ADVANCE_MEGALITHS_GAMEPLAY,ADVANCE_MEGALITHS_HISTORICAL,ADVANCE_MEGALITHS_PREREQ,ADVANCE_MEGALITHS_STATISTICS,ADVANCE_MEGALITHS_STATISTICS,cradle
119,Mills,cradle:ADVANCE_MILLS,cradle:ADVANCE_CIVIC_ENGINEERING,cradle:ADVANCE_LATIFUNDIA,2,0,ICON_ADVANCE_MILLS,ADVANCE_MILLS_GAMEPLAY,ADVANCE_MILLS_HISTORICAL,ADVANCE_MILLS_PREREQ,ADVANCE_MILLS_STATISTICS,ADVANCE_MILLS_STATISTICS,cradle
120,Mining,cradle:ADVANCE_MINING,cradle:ADVANCE_TOOLMAKING,cradle:ADVANCE_SLAVE_LABOR,0,0,ICON_ADVANCE_MINING,ADVANCE_MINING_GAMEPLAY,ADVANCE_MINING_HISTORICAL,ADVANCE_MINING_PREREQ,ADVANCE_MINING_STATISTICS,ADVANCE_MINING_STATISTICS,cradle
121,Mobile Tactics,cradle:ADVANCE_MOBILE_TACTICS,cradle:ADVANCE_CHARIOTS,cradle:ADVANCE_ARCHERY,1,0,ICON_ADVANCE_MOBILE_TACTICS,ADVANCE_MOBILE_TACTICS_GAMEPLAY,ADVANCE_MOBILE_TACTICS_HISTORICAL,ADVANCE_MOBILE_TACTICS_PREREQ,ADVANCE_MOBILE_TACTICS_STATISTICS,ADVANCE_MOBILE_TACTICS_STATISTICS,cradle
130,Naval Tactics,cradle:ADVANCE_NAVAL_TACTICS,cradle:ADVANCE_CHRONOMETER,cradle:ADVANCE_AGE_OF_DISCOVERY,3,0,ICON_ADVANCE_NAVAL_TACTICS,ADVANCE_NAVAL_TACTICS_GAMEPLAY,ADVANCE_NAVAL_TACTICS_HISTORICAL,ADVANCE_NAVAL_TACTICS_PREREQ,ADVANCE_NAVAL_TACTICS_STATISTICS,ADVANCE_NAVAL_TACTICS_STATISTICS,cradle
134,Oared Galleys,cradle:ADVANCE_OARED_GALLEYS,cradle:ADVANCE_SHIP_BUILDING,cradle:ADVANCE_POTTERY,0,0,ICON_ADVANCE_OARED_GALLEYS,ADVANCE_OARED_GALLEYS_GAMEPLAY,ADVANCE_OARED_GALLEYS_HISTORICAL,ADVANCE_OARED_GALLEYS_PREREQ,ADVANCE_OARED_GALLEYS_STATISTICS,ADVANCE_OARED_GALLEYS_STATISTICS,cradle
135,Ocean Faring,cradle:ADVANCE_OCEAN_FARING,cradle:ADVANCE_BUREAUCRACY,cradle:ADVANCE_HULL_MAKING,1,0,ICON_ADVANCE_OCEAN_FARING,ADVANCE_OCEAN_FARING_GAMEPLAY,ADVANCE_OCEAN_FARING_HISTORICAL,ADVANCE_OCEAN_FARING_PREREQ,ADVANCE_OCEAN_FARING_STATISTICS,ADVANCE_OCEAN_FARING_STATISTICS,cradle
137,Oligarchy,cradle:ADVANCE_OLIGARCHY,cradle:ADVANCE_CURRENCY,cradle:ADVANCE_BARRACKS,1,0,ICON_ADVANCE_OLIGARCHY,ADVANCE_OLIGARCHY_GAMEPLAY,ADVANCE_OLIGARCHY_HISTORICAL,ADVANCE_OLIGARCHY_PREREQ,ADVANCE_OLIGARCHY_STATISTICS,ADVANCE_OLIGARCHY_STATISTICS,cradle
138,Optics,cradle:ADVANCE_OPTICS,cradle:ADVANCE_RENAISSANCE,cradle:ADVANCE_ASTROLABE,3,0,ICON_ADVANCE_OPTICS,ADVANCE_OPTICS_GAMEPLAY,ADVANCE_OPTICS_HISTORICAL,ADVANCE_OPTICS_PREREQ,ADVANCE_OPTICS_STATISTICS,ADVANCE_OPTICS_STATISTICS,cradle
139,Outrigger,cradle:ADVANCE_OUTRIGGER,cradle:ADVANCE_OARED_GALLEYS,cradle:ADVANCE_COPPER_SMELTING,0,0,ICON_ADVANCE_OUTRIGGER,ADVANCE_OUTRIGGER_GAMEPLAY,ADVANCE_OUTRIGGER_HISTORICAL,ADVANCE_OUTRIGGER_PREREQ,ADVANCE_OUTRIGGER_STATISTICS,ADVANCE_OUTRIGGER_STATISTICS,cradle
140,Perspective,cradle:ADVANCE_PERSPECTIVE,cradle:ADVANCE_GOTHIC_ARCHITECTURE,nil,2,0,ICON_ADVANCE_PERSPECTIVE,ADVANCE_PERSPECTIVE_GAMEPLAY,ADVANCE_PERSPECTIVE_HISTORICAL,ADVANCE_PERSPECTIVE_PREREQ,ADVANCE_PERSPECTIVE_STATISTICS,ADVANCE_PERSPECTIVE_STATISTICS,cradle
146,Polar Terraforming,cradle:ADVANCE_POLAR_TERRAFORMING,cradle:ADVANCE_NANO_ASSEMBLY,cradle:ADVANCE_TECHNOCRACY,7,0,ICON_ADVANCE_POLAR_TERRAFORMING,ADVANCE_POLAR_TERRAFORMING_GAMEPLAY,ADVANCE_POLAR_TERRAFORMING_HISTORICAL,ADVANCE_POLAR_TERRAFORMING_PREREQ,ADVANCE_POLAR_TERRAFORMING_STATISTICS,ADVANCE_POLAR_TERRAFORMING_STATISTICS,cradle
149,Printing Press,cradle:ADVANCE_PRINTING_PRESS,cradle:ADVANCE_MONARCHY,cradle:ADVANCE_CLASSICAL_EDUCATION,2,0,ICON_ADVANCE_PRINTING_PRESS,ADVANCE_PRINTING_PRESS_GAMEPLAY,ADVANCE_PRINTING_PRESS_HISTORICAL,ADVANCE_PRINTING_PRESS_PREREQ,ADVANCE_PRINTING_PRESS_STATISTICS,ADVANCE_PRINTING_PRESS_STATISTICS,cradle
150,Projectile Weapons,cradle:ADVANCE_PROJECTILE_WEAPONS,cradle:ADVANCE_TOOLMAKING,nil,0,0,ICON_ADVANCE_PROJECTILE_WEAPONS,ADVANCE_PROJECTILE_WEAPONS_GAMEPLAY,ADVANCE_PROJECTILE_WEAPONS_HISTORICAL,ADVANCE_PROJECTILE_WEAPONS_PREREQ,ADVANCE_PROJECTILE_WEAPONS_STATISTICS,ADVANCE_PROJECTILE_WEAPONS_STATISTICS,cradle
151,Quantum Physics,cradle:ADVANCE_QUANTUM_MECHANICS,cradle:ADVANCE_COMPUTER,cradle:ADVANCE_PHYSICS,6,0,ICON_ADVANCE_QUANTUM_MECHANICS,ADVANCE_QUANTUM_MECHANICS_GAMEPLAY,ADVANCE_QUANTUM_MECHANICS_HISTORICAL,ADVANCE_QUANTUM_MECHANICS_PREREQ,ADVANCE_QUANTUM_MECHANICS_STATISTICS,ADVANCE_QUANTUM_MECHANICS_STATISTICS,cradle
153,Radio Navigation,cradle:ADVANCE_RADIO_NAVIGATION,cradle:ADVANCE_COASTAL_FORTS,cradle:ADVANCE_MASS_PRODUCTION,5,0,ICON_ADVANCE_RADIO_NAVIGATION,ADVANCE_RADIO_NAVIGATION_GAMEPLAY,ADVANCE_RADIO_NAVIGATION_HISTORICAL,ADVANCE_RADIO_NAVIGATION_PREREQ,ADVANCE_RADIO_NAVIGATION_STATISTICS,ADVANCE_RADIO_NAVIGATION_STATISTICS,cradle
155,Religion,cradle:ADVANCE_RELIGION,cradle:ADVANCE_STONE_WORKING,nil,0,0,ICON_ADVANCE_RELIGION,ADVANCE_RELIGION_GAMEPLAY,ADVANCE_RELIGION_HISTORICAL,ADVANCE_RELIGION_PREREQ,ADVANCE_RELIGION_STATISTICS,ADVANCE_RELIGION_STATISTICS,cradle
156,Renaissance,cradle:ADVANCE_RENAISSANCE,cradle:ADVANCE_ISLAM,cradle:ADVANCE_PERSPECTIVE,3,0,ICON_ADVANCE_RENAISSANCE,ADVANCE_RENAISSANCE_GAMEPLAY,ADVANCE_RENAISSANCE_HISTORICAL,ADVANCE_RENAISSANCE_PREREQ,ADVANCE_RENAISSANCE_STATISTICS,ADVANCE_RENAISSANCE_STATISTICS,cradle
157,Republic,cradle:ADVANCE_REPUBLIC,cradle:ADVANCE_BALLISTICS,cradle:ADVANCE_MASONRY,1,0,ICON_ADVANCE_REPUBLIC,ADVANCE_REPUBLIC_GAMEPLAY,ADVANCE_REPUBLIC_HISTORICAL,ADVANCE_REPUBLIC_PREREQ,ADVANCE_REPUBLIC_STATISTICS,ADVANCE_REPUBLIC_STATISTICS,cradle
159,Sails,cradle:ADVANCE_SAILS,cradle:ADVANCE_OARED_GALLEYS,cradle:ADVANCE_TRADE,0,0,ICON_ADVANCE_SAILS,ADVANCE_SAILS_GAMEPLAY,ADVANCE_SAILS_HISTORICAL,ADVANCE_SAILS_PREREQ,ADVANCE_SAILS_STATISTICS,ADVANCE_SAILS_STATISTICS,cradle
160,Shipbuilding,cradle:ADVANCE_SHIP_BUILDING,cradle:ADVANCE_TOOLMAKING,cradle:ADVANCE_FISHING,0,0,ICON_ADVANCE_SHIP_BUILDING,ADVANCE_SHIP_BUILDING_GAMEPLAY,ADVANCE_SHIP_BUILDING_HISTORICAL,ADVANCE_SHIP_BUILDING_PREREQ,ADVANCE_SHIP_BUILDING_STATISTICS,ADVANCE_SHIP_BUILDING_STATISTICS,cradle
161,Siege Weapons,cradle:ADVANCE_SIEGE_WEAPONS,cradle:ADVANCE_COMPOSITE_BOW,cradle:ADVANCE_IRON_WORKING,1,0,ICON_ADVANCE_SIEGE_WEAPONS,ADVANCE_SIEGE_WEAPONS_GAMEPLAY,ADVANCE_SIEGE_WEAPONS_HISTORICAL,ADVANCE_SIEGE_WEAPONS_PREREQ,ADVANCE_SIEGE_WEAPONS_STATISTICS,ADVANCE_SIEGE_WEAPONS_STATISTICS,cradle
162,Slave Labor,cradle:ADVANCE_SLAVE_LABOR,cradle:ADVANCE_RELIGION,nil,0,0,ICON_ADVANCE_SLAVE_LABOR,ADVANCE_SLAVE_LABOR_GAMEPLAY,ADVANCE_SLAVE_LABOR_HISTORICAL,ADVANCE_SLAVE_LABOR_PREREQ,ADVANCE_SLAVE_LABOR_STATISTICS,ADVANCE_SLAVE_LABOR_STATISTICS,cradle
166,Stirrup,cradle:ADVANCE_STIRRUP,cradle:ADVANCE_TRIBUNAL_EMPIRE,cradle:ADVANCE_HORSE_ARMOR,1,0,ICON_ADVANCE_STIRRUP,ADVANCE_STIRRUP_GAMEPLAY,ADVANCE_STIRRUP_HISTORICAL,ADVANCE_STIRRUP_PREREQ,ADVANCE_STIRRUP_STATISTICS,ADVANCE_STIRRUP_STATISTICS,cradle
167,Stone Working,cradle:ADVANCE_STONE_WORKING,nil,nil,0,0,ICON_ADVANCE_STONE_WORKING,ADVANCE_STONE_WORKING_GAMEPLAY,ADVANCE_STONE_WORKING_HISTORICAL,ADVANCE_STONE_WORKING_PREREQ,ADVANCE_STONE_WORKING_STATISTICS,ADVANCE_STONE_WORKING_STATISTICS,cradle
168,Rational Thought,cradle:ADVANCE_SUBNEURAL_ADS,cradle:ADVANCE_SUBNEURAL_ADS,nil,0,0,ICON_ADVANCE_SUBNEURAL_ADS,ADVANCE_SUBNEURAL_ADS_GAMEPLAY,ADVANCE_SUBNEURAL_ADS_HISTORICAL,ADVANCE_SUBNEURAL_ADS_PREREQ,ADVANCE_SUBNEURAL_ADS_STATISTICS,ADVANCE_SUBNEURAL_ADS_STATISTICS,cradle
173,Toolmaking,cradle:ADVANCE_TOOLMAKING,nil,nil,0,0,ICON_ADVANCE_TOOLMAKING,ADVANCE_TOOLMAKING_GAMEPLAY,ADVANCE_TOOLMAKING_HISTORICAL,ADVANCE_TOOLMAKING_PREREQ,ADVANCE_TOOLMAKING_STATISTICS,ADVANCE_TOOLMAKING_STATISTICS,cradle
175,Trade Guilds,cradle:ADVANCE_TRADE_GUILDS,cradle:ADVANCE_BANKING,cradle:ADVANCE_ASTROLABE,2,0,ICON_ADVANCE_TRADE_GUILDS,ADVANCE_TRADE_GUILDS_GAMEPLAY,ADVANCE_TRADE_GUILDS_HISTORICAL,ADVANCE_TRADE_GUILDS_PREREQ,ADVANCE_TRADE_GUILDS_STATISTICS,ADVANCE_TRADE_GUILDS_STATISTICS,cradle
176,Tribunal Empire,cradle:ADVANCE_TRIBUNAL_EMPIRE,cradle:ADVANCE_CIVIC_ENGINEERING,cradle:ADVANCE_ETHICS,1,0,ICON_ADVANCE_TRIBUNAL_EMPIRE,ADVANCE_TRIBUNAL_EMPIRE_GAMEPLAY,ADVANCE_TRIBUNAL_EMPIRE_HISTORICAL,ADVANCE_TRIBUNAL_EMPIRE_PREREQ,ADVANCE_TRIBUNAL_EMPIRE_STATISTICS,ADVANCE_TRIBUNAL_EMPIRE_STATISTICS,cradle
177,Ultrapressure Machines,cradle:ADVANCE_ULTRAPRESSURE_MACHINERY,cradle:ADVANCE_LIQUID_BREATHING_APPARATUS,cradle:ADVANCE_NANO_ASSEMBLY,7,0,ICON_ADVANCE_ULTRAPRESSURE_MACHINERY,ADVANCE_ULTRAPRESSURE_MACHINERY_GAMEPLAY,ADVANCE_ULTRAPRESSURE_MACHINERY_HISTORICAL,ADVANCE_ULTRAPRESSURE_MACHINERY_PREREQ,ADVANCE_ULTRAPRESSURE_MACHINERY_STATISTICS,ADVANCE_ULTRAPRESSURE_MACHINERY_STATISTICS,cradle
178,Undersea Construction,cradle:ADVANCE_UNDERSEA_CONSTRUCTION,cradle:ADVANCE_ADVANCED_COMPOSITES,cradle:ADVANCE_CONSERVATION,5,0,ICON_ADVANCE_UNDERSEA_CONSTRUCTION,ADVANCE_UNDERSEA_CONSTRUCTION_GAMEPLAY,ADVANCE_UNDERSEA_CONSTRUCTION_HISTORICAL,ADVANCE_UNDERSEA_CONSTRUCTION_PREREQ,ADVANCE_UNDERSEA_CONSTRUCTION_STATISTICS,ADVANCE_UNDERSEA_CONSTRUCTION_STATISTICS,cradle
180,Vernacular Prose,cradle:ADVANCE_VERNACULAR_PROSE,cradle:ADVANCE_RENAISSANCE,cradle:ADVANCE_CHIVALRY,3,0,ICON_ADVANCE_VERNACULAR_PROSE,ADVANCE_VERNACULAR_PROSE_GAMEPLAY,ADVANCE_VERNACULAR_PROSE_HISTORICAL,ADVANCE_VERNACULAR_PROSE_PREREQ,ADVANCE_VERNACULAR_PROSE_STATISTICS,ADVANCE_VERNACULAR_PROSE_STATISTICS,cradle
183,Water Lifts,cradle:ADVANCE_WATER_LIFTS,cradle:ADVANCE_GRANARIES,cradle:ADVANCE_ASTRONOMY,0,0,ICON_ADVANCE_WATER_LIFTS,ADVANCE_WATER_LIFTS_GAMEPLAY,ADVANCE_WATER_LIFTS_HISTORICAL,ADVANCE_WATER_LIFTS_PREREQ,ADVANCE_WATER_LIFTS_STATISTICS,ADVANCE_WATER_LIFTS_STATISTICS,cradle
184,Wheel,cradle:ADVANCE_WHEEL,cradle:ADVANCE_EXPLORATION,cradle:ADVANCE_SLAVE_LABOR,0,0,ICON_ADVANCE_WHEEL,ADVANCE_WHEEL_GAMEPLAY,ADVANCE_WHEEL_HISTORICAL,ADVANCE_WHEEL_PREREQ,ADVANCE_WHEEL_STATISTICS,ADVANCE_WHEEL_STATISTICS,cradle
186,House of Sargon,cradle:ADVANCE_Z_SARGON,cradle:ADVANCE_Z_SARGON,nil,0,0,ICON_ADVANCE_DEFAULT,ADVANCE_Z_SARGON_GAMEPLAY,ADVANCE_Z_SARGON_HISTORICAL,ADVANCE_Z_SARGON_PREREQ,ADVANCE_Z_SARGON_STATISTICS,ADVANCE_Z_SARGON_STATISTICS,cradle
187,House of Alexander,cradle:ADVANCE_Z_ALEXANDER,cradle:ADVANCE_Z_ALEXANDER,nil,0,0,ICON_ADVANCE_DEFAULT,ADVANCE_Z_ALEXANDER_GAMEPLAY,ADVANCE_Z_ALEXANDER_HISTORICAL,ADVANCE_Z_ALEXANDER_PREREQ,ADVANCE_Z_ALEXANDER_STATISTICS,ADVANCE_Z_ALEXANDER_STATISTICS,cradle
188,House of Hannibal,cradle:ADVANCE_Z_HANNIBAL,cradle:ADVANCE_Z_HANNIBAL,nil,0,0,ICON_ADVANCE_DEFAULT,ADVANCE_Z_HANNIBAL_GAMEPLAY,ADVANCE_Z_HANNIBAL_HISTORICAL,ADVANCE_Z_HANNIBAL_PREREQ,ADVANCE_Z_HANNIBAL_STATISTICS,ADVANCE_Z_HANNIBAL_STATISTICS,cradle
189,House of Julius Caesar,cradle:ADVANCE_Z_CAESAR,cradle:ADVANCE_Z_CAESAR,nil,0,0,ICON_ADVANCE_DEFAULT,ADVANCE_Z_CAESAR_GAMEPLAY,ADVANCE_Z_CAESAR_HISTORICAL,ADVANCE_Z_CAESAR_PREREQ,ADVANCE_Z_CAESAR_STATISTICS,ADVANCE_Z_CAESAR_STATISTICS,cradle
190,Hextapul,cradle:ADVANCE_HEXTAPUL,cradle:ADVANCE_GAIA_CONTROLLER,nil,9,0,ICON_ADVANCE_HEXTAPUL,ADVANCE_HEXTAPUL_GAMEPLAY,ADVANCE_HEXTAPUL_HISTORICAL,ADVANCE_HEXTAPUL_PREREQ,ADVANCE_HEXTAPUL_STATISTICS,ADVANCE_HEXTAPUL_STATISTICS,cradle
95,Subneural Ad,aom:ADVANCE_SUBNEURAL_ADS,aom:ADVANCE_SUBNEURAL_ADS,nil,5,0,ICON_ADVANCE_DEFAULT,ADVANCE_SUBNEURAL_ADS_GAMEPLAY,ADVANCE_SUBNEURAL_ADS_HISTORICAL,ADVANCE_SUBNEURAL_ADS_PREREQ,ADVANCE_SUBNEURAL_ADS_STATISTICS,ADVANCE_SUBNEURAL_ADS_STATISTICS,aom
107,Animal Husbandry,aom:ADVANCE_ANIMAL_HUSBANDRY,aom:ADVANCE_IRON_WORKING,aom:ADVANCE_HORSE_ARMOR,1,0,ICON_ADVANCE_ANIMAL_HUSBANDRY,ADVANCE_ANIMAL_HUSBANDRY_GAMEPLAY,ADVANCE_ANIMAL_HUSBANDRY_HISTORICAL,ADVANCE_ANIMAL_HUSBANDRY_PREREQ,ADVANCE_ANIMAL_HUSBANDRY_STATISTICS,ADVANCE_ANIMAL_HUSBANDRY_STATISTICS,aom
112,Aristocracy,aom:ADVANCE_ARISTOCRACY,aom:ADVANCE_PROJECTILE_WEAPONS,aom:ADVANCE_CHARIOTS,0,0,ICON_ADVANCE_ARISTOCRACY,ADVANCE_ARISTOCRACY_GAMEPLAY,ADVANCE_ARISTOCRACY_HISTORICAL,ADVANCE_ARISTOCRACY_PREREQ,ADVANCE_ARISTOCRACY_STATISTICS,ADVANCE_ARISTOCRACY_STATISTICS,aom
118,Black Smith,aom:ADVANCE_BLACK_SMITH,aom:ADVANCE_DARK_AGES,nil,2,0,ICON_ADVANCE_BLACK_SMITH,ADVANCE_BLACK_SMITH_GAMEPLAY,ADVANCE_BLACK_SMITH_HISTORICAL,ADVANCE_BLACK_SMITH_PREREQ,ADVANCE_BLACK_SMITH_STATISTICS,ADVANCE_BLACK_SMITH_STATISTICS,aom
119,Blitzkrieg,aom:ADVANCE_BLITZKRIEG,aom:ADVANCE_FASCISM,nil,0,0,ICON_ADVANCE_BLITZKRIEG,ADVANCE_BLITZKRIEG_GAMEPLAY,ADVANCE_BLITZKRIEG_HISTORICAL,ADVANCE_BLITZKRIEG_PREREQ,ADVANCE_BLITZKRIEG_STATISTICS,ADVANCE_BLITZKRIEG_STATISTICS,aom
124,Chain Mail,aom:ADVANCE_CHAIN_MAIL,aom:ADVANCE_BLACK_SMITH,nil,2,0,ICON_ADVANCE_CHAIN_MAIL,ADVANCE_CHAIN_MAIL_GAMEPLAY,ADVANCE_CHAIN_MAIL_HISTORICAL,ADVANCE_CHAIN_MAIL_PREREQ,ADVANCE_CHAIN_MAIL_STATISTICS,ADVANCE_CHAIN_MAIL_STATISTICS,aom
129,Citizenship,aom:ADVANCE_CITIZENSHIP,aom:ADVANCE_JURISPRUDENCE,aom:ADVANCE_METAL_WORKING,0,0,ICON_ADVANCE_CITIZENSHIP,ADVANCE_CITIZENSHIP_GAMEPLAY,ADVANCE_CITIZENSHIP_HISTORICAL,ADVANCE_CITIZENSHIP_PREREQ,ADVANCE_CITIZENSHIP_STATISTICS,ADVANCE_CITIZENSHIP_STATISTICS,aom
139,Diagonal Brace,aom:ADVANCE_DIAGONAL_BRACE,aom:ADVANCE_DRAMA,aom:ADVANCE_APPLIED_MATH,1,0,ICON_ADVANCE_DIAGONAL_BRACE,ADVANCE_DIAGONAL_BRACE_GAMEPLAY,ADVANCE_DIAGONAL_BRACE_HISTORICAL,ADVANCE_DIAGONAL_BRACE_PREREQ,ADVANCE_DIAGONAL_BRACE_STATISTICS,ADVANCE_DIAGONAL_BRACE_STATISTICS,aom
142,Dynastic Empire,aom:ADVANCE_DYNASTIC_EMPIRE,aom:ADVANCE_DYNEMPIRE,aom:ADVANCE_DARK_AGES,2,0,ICON_ADVANCE_DYNASTIC_EMPIRE,ADVANCE_DYNASTIC_EMPIRE_GAMEPLAY,ADVANCE_DYNASTIC_EMPIRE_HISTORICAL,ADVANCE_DYNASTIC_EMPIRE_PREREQ,ADVANCE_DYNASTIC_EMPIRE_STATISTICS,ADVANCE_DYNASTIC_EMPIRE_STATISTICS,aom
145,Fibre Optics,aom:ADVANCE_FIBRE_OPTICS,aom:ADVANCE_COMPUTER,aom:ADVANCE_RADAR,6,0,ICON_ADVANCE_FIBRE_OPTICS,ADVANCE_FIBRE_OPTICS_GAMEPLAY,ADVANCE_FIBRE_OPTICS_HISTORICAL,ADVANCE_FIBRE_OPTICS_PREREQ,ADVANCE_FIBRE_OPTICS_STATISTICS,ADVANCE_FIBRE_OPTICS_STATISTICS,aom
154,Iron Casting,aom:ADVANCE_IRON_CASTING,aom:ADVANCE_CHIVALRY,nil,2,0,ICON_ADVANCE_IRON_CASTING,ADVANCE_IRON_CASTING_GAMEPLAY,ADVANCE_IRON_CASTING_HISTORICAL,ADVANCE_IRON_CASTING_PREREQ,ADVANCE_IRON_CASTING_STATISTICS,ADVANCE_IRON_CASTING_STATISTICS,aom
156,Joinery,aom:ADVANCE_JOINERY,aom:ADVANCE_AGRICULTURAL_REVOLUTION,aom:ADVANCE_GOTHIC_ARCHITECTURE,2,0,ICON_ADVANCE_JOINERY,ADVANCE_JOINERY_GAMEPLAY,ADVANCE_JOINERY_HISTORICAL,ADVANCE_JOINERY_PREREQ,ADVANCE_JOINERY_STATISTICS,ADVANCE_JOINERY_STATISTICS,aom
157,Liberalism,aom:ADVANCE_LIBERALISM,aom:ADVANCE_INDUSTRIAL_REVOLUTION,aom:ADVANCE_PHYSICS,4,0,ICON_ADVANCE_LIBERALISM,ADVANCE_LIBERALISM_GAMEPLAY,ADVANCE_LIBERALISM_HISTORICAL,ADVANCE_LIBERALISM_PREREQ,ADVANCE_LIBERALISM_STATISTICS,ADVANCE_LIBERALISM_STATISTICS,aom
158,Loom,aom:ADVANCE_LOOM,aom:ADVANCE_JOINERY,aom:ADVANCE_THEOLOGY,2,0,ICON_ADVANCE_LOOM,ADVANCE_LOOM_GAMEPLAY,ADVANCE_LOOM_HISTORICAL,ADVANCE_LOOM_PREREQ,ADVANCE_LOOM_STATISTICS,ADVANCE_LOOM_STATISTICS,aom
162,Metal Working,aom:ADVANCE_METAL_WORKING,aom:ADVANCE_PROJECTILE_WEAPONS,aom:ADVANCE_BRONZE_WORKING,1,0,ICON_ADVANCE_METAL_WORKING,ADVANCE_METAL_WORKING_GAMEPLAY,ADVANCE_METAL_WORKING_HISTORICAL,ADVANCE_METAL_WORKING_PREREQ,ADVANCE_METAL_WORKING_STATISTICS,ADVANCE_METAL_WORKING_STATISTICS,aom
163,Migration,aom:ADVANCE_MIGRATION,aom:ADVANCE_ANIMAL_HUSBANDRY,aom:ADVANCE_IRON_WORKING,1,0,ICON_ADVANCE_MIGRATION,ADVANCE_MIGRATION_GAMEPLAY,ADVANCE_MIGRATION_HISTORICAL,ADVANCE_MIGRATION_PREREQ,ADVANCE_MIGRATION_STATISTICS,ADVANCE_MIGRATION_STATISTICS,aom
164,Military Tradition,aom:ADVANCE_MILITARY_TRADITION,aom:ADVANCE_OIL_REFINING,aom:ADVANCE_MASS_PRODUCTION,5,0,ICON_ADVANCE_MILITARY_TRADITION,ADVANCE_MILITARY_TRADITION_GAMEPLAY,ADVANCE_MILITARY_TRADITION_HISTORICAL,ADVANCE_MILITARY_TRADITION_PREREQ,ADVANCE_MILITARY_TRADITION_STATISTICS,ADVANCE_MILITARY_TRADITION_STATISTICS,aom
171,Paper,aom:ADVANCE_PAPER,aom:ADVANCE_BARRACKS,nil,1,0,ICON_ADVANCE_PAPER,ADVANCE_PAPER_GAMEPLAY,ADVANCE_PAPER_HISTORICAL,ADVANCE_PAPER_PREREQ,ADVANCE_PAPER_STATISTICS,ADVANCE_PAPER_STATISTICS,aom
173,Plate Armour,aom:ADVANCE_PLATE_ARMOUR,aom:ADVANCE_IRON_CASTING,aom:ADVANCE_LOOM,2,0,ICON_ADVANCE_PLATE_ARMOUR,ADVANCE_PLATE_ARMOUR_GAMEPLAY,ADVANCE_PLATE_ARMOUR_HISTORICAL,ADVANCE_PLATE_ARMOUR_PREREQ,ADVANCE_PLATE_ARMOUR_STATISTICS,ADVANCE_PLATE_ARMOUR_STATISTICS,aom
174,Plough,aom:ADVANCE_PLOUGH,aom:ADVANCE_BRICK_MAKING,aom:ADVANCE_MINING,0,0,ICON_ADVANCE_PLOUGH,ADVANCE_PLOUGH_GAMEPLAY,ADVANCE_PLOUGH_HISTORICAL,ADVANCE_PLOUGH_PREREQ,ADVANCE_PLOUGH_STATISTICS,ADVANCE_PLOUGH_STATISTICS,aom
178,Pythagoras Theorum,aom:ADVANCE_PYTHAGORAS_THEORUM,aom:ADVANCE_COSMOLOGY,nil,1,0,ICON_ADVANCE_PYTHAGORAS_THEORUM,ADVANCE_PYTHAGORAS_THEORUM_GAMEPLAY,ADVANCE_PYTHAGORAS_THEORUM_HISTORICAL,ADVANCE_PYTHAGORAS_THEORUM_PREREQ,ADVANCE_PYTHAGORAS_THEORUM_STATISTICS,ADVANCE_PYTHAGORAS_THEORUM_STATISTICS,aom
179,Quantum Computing,aom:ADVANCE_QUANTUM_COMPUTING,aom:ADVANCE_FUSION,aom:ADVANCE_UNIFIED_PHYSICS,8,0,ICON_ADVANCE_QUANTUM_COMPUTING,ADVANCE_QUANTUM_COMPUTING_GAMEPLAY,ADVANCE_QUANTUM_COMPUTING_HISTORICAL,ADVANCE_QUANTUM_COMPUTING_PREREQ,ADVANCE_QUANTUM_COMPUTING_STATISTICS,ADVANCE_QUANTUM_COMPUTING_STATISTICS,aom
180,Refrigeration,aom:ADVANCE_REFRIGERATION,aom:ADVANCE_PHARMACEUTICALS,nil,5,0,ICON_ADVANCE_REFRIGERATION,ADVANCE_REFRIGERATION_GAMEPLAY,ADVANCE_REFRIGERATION_HISTORICAL,ADVANCE_REFRIGERATION_PREREQ,ADVANCE_REFRIGERATION_STATISTICS,ADVANCE_REFRIGERATION_STATISTICS,aom
182,Replaceable Parts,aom:ADVANCE_REPLACEABLE_PARTS,aom:ADVANCE_INDUSTRIAL_REVOLUTION,aom:ADVANCE_CHEMISTRY,5,0,ICON_ADVANCE_REPLACEABLE_PARTS,ADVANCE_REPLACEABLE_PARTS_GAMEPLAY,ADVANCE_REPLACEABLE_PARTS_HISTORICAL,ADVANCE_REPLACEABLE_PARTS_PREREQ,ADVANCE_REPLACEABLE_PARTS_STATISTICS,ADVANCE_REPLACEABLE_PARTS_STATISTICS,aom
185,Seamanship,aom:ADVANCE_SEAMANSHIP,aom:ADVANCE_SAILS,aom:ADVANCE_ASTRONOMY,0,0,ICON_ADVANCE_SEAMANSHIP,ADVANCE_SEAMANSHIP_GAMEPLAY,ADVANCE_SEAMANSHIP_HISTORICAL,ADVANCE_SEAMANSHIP_PREREQ,ADVANCE_SEAMANSHIP_STATISTICS,ADVANCE_SEAMANSHIP_STATISTICS,aom
187,Steam Power,aom:ADVANCE_STEAM_POWER,aom:ADVANCE_FLINTLOCK,aom:ADVANCE_INDUSTRIAL_REVOLUTION,4,0,ICON_ADVANCE_STEAM_POWER,ADVANCE_STEAM_POWER_GAMEPLAY,ADVANCE_STEAM_POWER_HISTORICAL,ADVANCE_STEAM_POWER_PREREQ,ADVANCE_STEAM_POWER_STATISTICS,ADVANCE_STEAM_POWER_STATISTICS,aom
190,Sultanate,aom:ADVANCE_SULTANATE,aom:ADVANCE_CALIPHATE,nil,2,0,ICON_ADVANCE_SULTANATE,ADVANCE_SULTANATE_GAMEPLAY,ADVANCE_SULTANATE_HISTORICAL,ADVANCE_SULTANATE_PREREQ,ADVANCE_SULTANATE_STATISTICS,ADVANCE_SULTANATE_STATISTICS,aom
191,Theocracy,aom:ADVANCE_THEOCRACY,aom:ADVANCE_THEOCRACYA,aom:ADVANCE_DARK_AGES,2,0,ICON_ADVANCE_THEOCRACY,ADVANCE_THEOCRACY_GAMEPLAY,ADVANCE_THEOCRACY_HISTORICAL,ADVANCE_THEOCRACY_PREREQ,ADVANCE_THEOCRACY_STATISTICS,ADVANCE_THEOCRACY_STATISTICS,aom
192,Theocratic Monarchy,aom:ADVANCE_THEOCRATIC_MONARCHY,aom:ADVANCE_THEOCMONARCHY,aom:ADVANCE_DARK_AGES,2,0,ICON_ADVANCE_THEOCRATIC_MONARCHY,ADVANCE_THEOCRATIC_MONARCHY_GAMEPLAY,ADVANCE_THEOCRATIC_MONARCHY_HISTORICAL,ADVANCE_THEOCRATIC_MONARCHY_PREREQ,ADVANCE_THEOCRATIC_MONARCHY_STATISTICS,ADVANCE_THEOCRATIC_MONARCHY_STATISTICS,aom
194,Tribes,aom:ADVANCE_TRIBES,aom:ADVANCE_AGRICULTURE,aom:ADVANCE_WHEEL,0,0,ICON_ADVANCE_TRIBES,ADVANCE_TRIBES_GAMEPLAY,ADVANCE_TRIBES_HISTORICAL,ADVANCE_TRIBES_PREREQ,ADVANCE_TRIBES_STATISTICS,ADVANCE_TRIBES_STATISTICS,aom
199,Wood Working,aom:ADVANCE_WOOD_WORKING,aom:ADVANCE_TRIBES,nil,0,0,ICON_ADVANCE_WOOD_WORKING,ADVANCE_WOOD_WORKING_GAMEPLAY,ADVANCE_WOOD_WORKING_HISTORICAL,ADVANCE_WOOD_WORKING_PREREQ,ADVANCE_WOOD_WORKING_STATISTICS,ADVANCE_WOOD_WORKING_STATISTICS,aom
200,Yeomanry,aom:ADVANCE_YEOMANRY,aom:ADVANCE_MONARCHY,nil,2,0,ICON_ADVANCE_YEOMANRY,ADVANCE_YEOMANRY_GAMEPLAY,ADVANCE_YEOMANRY_HISTORICAL,ADVANCE_YEOMANRY_PREREQ,ADVANCE_YEOMANRY_STATISTICS,ADVANCE_YEOMANRY_STATISTICS,aom
202,Theocracya,aom:ADVANCE_THEOCRACYA,aom:ADVANCE_GAIA_CONTROLLER,nil,5,0,ICON_ADVANCE_HEXTAPUL,ADVANCE_THEOCRACYA_GAMEPLAY,ADVANCE_THEOCRACYA_HISTORICAL,ADVANCE_THEOCRACYA_PREREQ,ADVANCE_THEOCRACYA_STATISTICS,ADVANCE_THEOCRACYA_STATISTICS,aom
203,Theocmonarchy,aom:ADVANCE_THEOCMONARCHY,aom:ADVANCE_GAIA_CONTROLLER,nil,5,0,ICON_ADVANCE_HEXTAPUL,ADVANCE_THEOCMONARCHY_GAMEPLAY,ADVANCE_THEOCMONARCHY_HISTORICAL,ADVANCE_THEOCMONARCHY_PREREQ,ADVANCE_THEOCMONARCHY_STATISTICS,ADVANCE_THEOCMONARCHY_STATISTICS,aom
204,Caliphatea,aom:ADVANCE_CALIPHATEA,aom:ADVANCE_GAIA_CONTROLLER,nil,5,0,ICON_ADVANCE_HEXTAPUL,ADVANCE_CALIPHATEA_GAMEPLAY,ADVANCE_CALIPHATEA_HISTORICAL,ADVANCE_CALIPHATEA_PREREQ,ADVANCE_CALIPHATEA_STATISTICS,ADVANCE_CALIPHATEA_STATISTICS,aom
205,Constmonarchy,aom:ADVANCE_CONSTMONARCHY,aom:ADVANCE_GAIA_CONTROLLER,nil,5,0,ICON_ADVANCE_HEXTAPUL,ADVANCE_CONSTMONARCHY_GAMEPLAY,ADVANCE_CONSTMONARCHY_HISTORICAL,ADVANCE_CONSTMONARCHY_PREREQ,ADVANCE_CONSTMONARCHY_STATISTICS,ADVANCE_CONSTMONARCHY_STATISTICS,aom
206,Dynempire,aom:ADVANCE_DYNEMPIRE,aom:ADVANCE_GAIA_CONTROLLER,nil,5,0,ICON_ADVANCE_HEXTAPUL,ADVANCE_DYNEMPIRE_GAMEPLAY,ADVANCE_DYNEMPIRE_HISTORICAL,ADVANCE_DYNEMPIRE_PREREQ,ADVANCE_DYNEMPIRE_STATISTICS,ADVANCE_DYNEMPIRE_STATISTICS,aom
207,Vassal State,aom:ADVANCE_VASSAL_STATE,aom:ADVANCE_GAIA_CONTROLLER,nil,5,0,ICON_ADVANCE_VASSAL_STATE,ADVANCE_VASSAL_STATE_GAMEPLAY,ADVANCE_VASSAL_STATE_HISTORICAL,ADVANCE_VASSAL_STATE_PREREQ,ADVANCE_VASSAL_STATE_STATISTICS,ADVANCE_VASSAL_STATE_STATISTICS,aom
208,Royal Wedding,aom:ADVANCE_ROYAL_WEDDING,aom:ADVANCE_GAIA_CONTROLLER,nil,5,0,ICON_ADVANCE_ROYAL_WEDDING,ADVANCE_ROYAL_WEDDING_GAMEPLAY,ADVANCE_ROYAL_WEDDING_HISTORICAL,ADVANCE_ROYAL_WEDDING_PREREQ,ADVANCE_ROYAL_WEDDING_STATISTICS,ADVANCE_ROYAL_WEDDING_STATISTICS,aom
211,Exedous,aom:ADVANCE_EXEDOUS,aom:ADVANCE_CONSTMONARCHY,aom:ADVANCE_MONOTHEISM,0,0,ICON_ADVANCE_EXEDOUS,ADVANCE_EXEDOUS_GAMEPLAY,ADVANCE_EXEDOUS_HISTORICAL,ADVANCE_EXEDOUS_PREREQ,ADVANCE_EXEDOUS_STATISTICS,ADVANCE_EXEDOUS_STATISTICS,aom
212,True Belief,aom:ADVANCE_TRUE_BELIEF,aom:ADVANCE_CALIPHATEA,aom:ADVANCE_MONOTHEISM,0,0,ICON_ADVANCE_TRUE_BELIEF,ADVANCE_TRUE_BELIEF_GAMEPLAY,ADVANCE_TRUE_BELIEF_HISTORICAL,ADVANCE_TRUE_BELIEF_PREREQ,ADVANCE_TRUE_BELIEF_STATISTICS,ADVANCE_TRUE_BELIEF_STATISTICS,aom
213,Old Testament,aom:ADVANCE_OLD_TESTAMENT,aom:ADVANCE_THEOCRACYA,aom:ADVANCE_MONOTHEISM,0,0,ICON_ADVANCE_OLD_TESTAMENT,ADVANCE_OLD_TESTAMENT_GAMEPLAY,ADVANCE_OLD_TESTAMENT_HISTORICAL,ADVANCE_OLD_TESTAMENT_PREREQ,ADVANCE_OLD_TESTAMENT_STATISTICS,ADVANCE_OLD_TESTAMENT_STATISTICS,aom
2,Dwarves,lotr:ADVANCE_DWARVES,lotr:ADVANCE_GAIA_CONTROLLER,nil,2,0,ICON_ADVANCE_HEXTAPUL,ADVANCE_DWARVES_GAMEPLAY,ADVANCE_DWARVES_HISTORICAL,ADVANCE_DWARVES_PREREQ,ADVANCE_DWARVES_STATISTICS,ADVANCE_DWARVES_STATISTICS,lotr
3,Elves,lotr:ADVANCE_ELVES,lotr:ADVANCE_GAIA_CONTROLLER,nil,2,0,ICON_ADVANCE_HEXTAPUL,ADVANCE_ELVES_GAMEPLAY,ADVANCE_ELVES_HISTORICAL,ADVANCE_ELVES_PREREQ,ADVANCE_ELVES_STATISTICS,ADVANCE_ELVES_STATISTICS,lotr
4,Hobbits,lotr:ADVANCE_HOBBITS,lotr:ADVANCE_GAIA_CONTROLLER,nil,2,0,ICON_ADVANCE_HEXTAPUL,ADVANCE_HOBBITS_GAMEPLAY,ADVANCE_HOBBITS_HISTORICAL,ADVANCE_HOBBITS_PREREQ,ADVANCE_HOBBITS_STATISTICS,ADVANCE_HOBBITS_STATISTICS,lotr
5,Men,lotr:ADVANCE_MEN,lotr:ADVANCE_GAIA_CONTROLLER,nil,2,0,ICON_ADVANCE_HEXTAPUL,ADVANCE_MEN_GAMEPLAY,ADVANCE_MEN_HISTORICAL,ADVANCE_MEN_PREREQ,ADVANCE_MEN_STATISTICS,ADVANCE_MEN_STATISTICS,lotr
6,Orcs,lotr:ADVANCE_ORCS,lotr:ADVANCE_GAIA_CONTROLLER,nil,2,0,ICON_ADVANCE_HEXTAPUL,ADVANCE_ORCS_GAMEPLAY,ADVANCE_ORCS_HISTORICAL,ADVANCE_ORCS_PREREQ,ADVANCE_ORCS_STATISTICS,ADVANCE_ORCS_STATISTICS,lotr
7,Good,lotr:ADVANCE_GOOD,lotr:ADVANCE_GAIA_CONTROLLER,nil,2,0,ICON_ADVANCE_HEXTAPUL,ADVANCE_GOOD_GAMEPLAY,ADVANCE_GOOD_HISTORICAL,ADVANCE_GOOD_PREREQ,ADVANCE_GOOD_STATISTICS,ADVANCE_GOOD_STATISTICS,lotr
8,Evil,lotr:ADVANCE_EVIL,lotr:ADVANCE_GAIA_CONTROLLER,nil,2,0,ICON_ADVANCE_HEXTAPUL,ADVANCE_EVIL_GAMEPLAY,ADVANCE_EVIL_HISTORICAL,ADVANCE_EVIL_PREREQ,ADVANCE_EVIL_STATISTICS,ADVANCE_EVIL_STATISTICS,lotr
9,Angmar,lotr:ADVANCE_ANGMAR,lotr:ADVANCE_GAIA_CONTROLLER,nil,2,0,ICON_ADVANCE_HEXTAPUL,ADVANCE_ANGMAR_GAMEPLAY,ADVANCE_ANGMAR_HISTORICAL,ADVANCE_ANGMAR_PREREQ,ADVANCE_ANGMAR_STATISTICS,ADVANCE_ANGMAR_STATISTICS,lotr
10,Arnor,lotr:ADVANCE_ARNOR,lotr:ADVANCE_GAIA_CONTROLLER,nil,2,0,ICON_ADVANCE_HEXTAPUL,ADVANCE_ARNOR_GAMEPLAY,ADVANCE_ARNOR_HISTORICAL,ADVANCE_ARNOR_PREREQ,ADVANCE_ARNOR_STATISTICS,ADVANCE_ARNOR_STATISTICS,lotr
11,Easterling,lotr:ADVANCE_EASTERLING,lotr:ADVANCE_GAIA_CONTROLLER,nil,2,0,ICON_ADVANCE_HEXTAPUL,ADVANCE_EASTERLING_GAMEPLAY,ADVANCE_EASTERLING_HISTORICAL,ADVANCE_EASTERLING_PREREQ,ADVANCE_EASTERLING_STATISTICS,ADVANCE_EASTERLING_STATISTICS,lotr
12,Gondor,lotr:ADVANCE_GONDOR,lotr:ADVANCE_GAIA_CONTROLLER,nil,2,0,ICON_ADVANCE_HEXTAPUL,ADVANCE_GONDOR_GAMEPLAY,ADVANCE_GONDOR_HISTORICAL,ADVANCE_GONDOR_PREREQ,ADVANCE_GONDOR_STATISTICS,ADVANCE_GONDOR_STATISTICS,lotr
13,Haradrim,lotr:ADVANCE_HARADRIM,lotr:ADVANCE_GAIA_CONTROLLER,nil,2,0,ICON_ADVANCE_HEXTAPUL,ADVANCE_HARADRIM_GAMEPLAY,ADVANCE_HARADRIM_HISTORICAL,ADVANCE_HARADRIM_PREREQ,ADVANCE_HARADRIM_STATISTICS,ADVANCE_HARADRIM_STATISTICS,lotr
14,Isengard,lotr:ADVANCE_ISENGARD,lotr:ADVANCE_GAIA_CONTROLLER,nil,2,0,ICON_ADVANCE_HEXTAPUL,ADVANCE_ISENGARD_GAMEPLAY,ADVANCE_ISENGARD_HISTORICAL,ADVANCE_ISENGARD_PREREQ,ADVANCE_ISENGARD_STATISTICS,ADVANCE_ISENGARD_STATISTICS,lotr
15,Mordor,lotr:ADVANCE_MORDOR,lotr:ADVANCE_GAIA_CONTROLLER,nil,2,0,ICON_ADVANCE_HEXTAPUL,ADVANCE_MORDOR_GAMEPLAY,ADVANCE_MORDOR_HISTORICAL,ADVANCE_MORDOR_PREREQ,ADVANCE_MORDOR_STATISTICS,ADVANCE_MORDOR_STATISTICS,lotr
16,Northmen,lotr:ADVANCE_NORTHMEN,lotr:ADVANCE_GAIA_CONTROLLER,nil,2,0,ICON_ADVANCE_HEXTAPUL,ADVANCE_NORTHMEN_GAMEPLAY,ADVANCE_NORTHMEN_HISTORICAL,ADVANCE_NORTHMEN_PREREQ,ADVANCE_NORTHMEN_STATISTICS,ADVANCE_NORTHMEN_STATISTICS,lotr
17,Rohan,lotr:ADVANCE_ROHAN,lotr:ADVANCE_GAIA_CONTROLLER,nil,2,0,ICON_ADVANCE_HEXTAPUL,ADVANCE_ROHAN_GAMEPLAY,ADVANCE_ROHAN_HISTORICAL,ADVANCE_ROHAN_PREREQ,ADVANCE_ROHAN_STATISTICS,ADVANCE_ROHAN_STATISTICS,lotr
18,Sindar,lotr:ADVANCE_SINDAR,lotr:ADVANCE_GAIA_CONTROLLER,nil,2,0,ICON_ADVANCE_HEXTAPUL,ADVANCE_SINDAR_GAMEPLAY,ADVANCE_SINDAR_HISTORICAL,ADVANCE_SINDAR_PREREQ,ADVANCE_SINDAR_STATISTICS,ADVANCE_SINDAR_STATISTICS,lotr
21,Alchemy Haradrim,lotr:ADVANCE_ALCHEMY_HARADRIM,lotr:ADVANCE_ALCHEMY,lotr:ADVANCE_HARADRIM,1,0,ICON_ADVANCE_ALCHEMY_HARADRIM,ADVANCE_ALCHEMY_HARADRIM_GAMEPLAY,ADVANCE_ALCHEMY_HARADRIM_HISTORICAL,ADVANCE_ALCHEMY_HARADRIM_PREREQ,ADVANCE_ALCHEMY_HARADRIM_STATISTICS,ADVANCE_ALCHEMY_HARADRIM_STATISTICS,lotr
23,Applied Math Isengard,lotr:ADVANCE_APPLIED_MATH_ISENGARD,lotr:ADVANCE_APPLIED_MATH,lotr:ADVANCE_ISENGARD,0,0,ICON_ADVANCE_APPLIED_MATH_ISENGARD,ADVANCE_APPLIED_MATH_ISENGARD_GAMEPLAY,ADVANCE_APPLIED_MATH_ISENGARD_HISTORICAL,ADVANCE_APPLIED_MATH_ISENGARD_PREREQ,ADVANCE_APPLIED_MATH_ISENGARD_STATISTICS,ADVANCE_APPLIED_MATH_ISENGARD_STATISTICS,lotr
25,Aqueducts Men,lotr:ADVANCE_AQUEDUCTS_MEN,lotr:ADVANCE_AQUEDUCTS,lotr:ADVANCE_MEN,1,0,ICON_ADVANCE_AQUEDUCTS_MEN,ADVANCE_AQUEDUCTS_MEN_GAMEPLAY,ADVANCE_AQUEDUCTS_MEN_HISTORICAL,ADVANCE_AQUEDUCTS_MEN_PREREQ,ADVANCE_AQUEDUCTS_MEN_STATISTICS,ADVANCE_AQUEDUCTS_MEN_STATISTICS,lotr
27,Archery Elves,lotr:ADVANCE_ARCHERY_ELVES,lotr:ADVANCE_ARCHERY,lotr:ADVANCE_ELVES,1,0,ICON_ADVANCE_ARCHERY_ELVES,ADVANCE_ARCHERY_ELVES_GAMEPLAY,ADVANCE_ARCHERY_ELVES_HISTORICAL,ADVANCE_ARCHERY_ELVES_PREREQ,ADVANCE_ARCHERY_ELVES_STATISTICS,ADVANCE_ARCHERY_ELVES_STATISTICS,lotr
28,Archery Haradrim,lotr:ADVANCE_ARCHERY_HARADRIM,lotr:ADVANCE_ARCHERY,lotr:ADVANCE_HARADRIM,1,0,ICON_ADVANCE_ARCHERY_HARADRIM,ADVANCE_ARCHERY_HARADRIM_GAMEPLAY,ADVANCE_ARCHERY_HARADRIM_HISTORICAL,ADVANCE_ARCHERY_HARADRIM_PREREQ,ADVANCE_ARCHERY_HARADRIM_STATISTICS,ADVANCE_ARCHERY_HARADRIM_STATISTICS,lotr
29,Archery Isengard,lotr:ADVANCE_ARCHERY_ISENGARD,lotr:ADVANCE_ARCHERY,lotr:ADVANCE_ISENGARD,1,0,ICON_ADVANCE_ARCHERY_ISENGARD,ADVANCE_ARCHERY_ISENGARD_GAMEPLAY,ADVANCE_ARCHERY_ISENGARD_HISTORICAL,ADVANCE_ARCHERY_ISENGARD_PREREQ,ADVANCE_ARCHERY_ISENGARD_STATISTICS,ADVANCE_ARCHERY_ISENGARD_STATISTICS,lotr
30,Archery Orcs,lotr:ADVANCE_ARCHERY_ORCS,lotr:ADVANCE_ARCHERY,lotr:ADVANCE_ORCS,1,0,ICON_ADVANCE_ARCHERY_ORCS,ADVANCE_ARCHERY_ORCS_GAMEPLAY,ADVANCE_ARCHERY_ORCS_HISTORICAL,ADVANCE_ARCHERY_ORCS_PREREQ,ADVANCE_ARCHERY_ORCS_STATISTICS,ADVANCE_ARCHERY_ORCS_STATISTICS,lotr
32,Architecture Dwarves,lotr:ADVANCE_ARCHITECTURE_DWARVES,lotr:ADVANCE_ARCHITECTURE,lotr:ADVANCE_DWARVES,0,0,ICON_ADVANCE_ARCHITECTURE_DWARVES,ADVANCE_ARCHITECTURE_DWARVES_GAMEPLAY,ADVANCE_ARCHITECTURE_DWARVES_HISTORICAL,ADVANCE_ARCHITECTURE_DWARVES_PREREQ,ADVANCE_ARCHITECTURE_DWARVES_STATISTICS,ADVANCE_ARCHITECTURE_DWARVES_STATISTICS,lotr
33,Architecture Gondor,lotr:ADVANCE_ARCHITECTURE_GONDOR,lotr:ADVANCE_ARCHITECTURE,lotr:ADVANCE_GONDOR,0,0,ICON_ADVANCE_ARCHITECTURE_GONDOR,ADVANCE_ARCHITECTURE_GONDOR_GAMEPLAY,ADVANCE_ARCHITECTURE_GONDOR_HISTORICAL,ADVANCE_ARCHITECTURE_GONDOR_PREREQ,ADVANCE_ARCHITECTURE_GONDOR_STATISTICS,ADVANCE_ARCHITECTURE_GONDOR_STATISTICS,lotr
34,Architecture Mordor,lotr:ADVANCE_ARCHITECTURE_MORDOR,lotr:ADVANCE_ARCHITECTURE,lotr:ADVANCE_MORDOR,0,0,ICON_ADVANCE_ARCHITECTURE_MORDOR,ADVANCE_ARCHITECTURE_MORDOR_GAMEPLAY,ADVANCE_ARCHITECTURE_MORDOR_HISTORICAL,ADVANCE_ARCHITECTURE_MORDOR_PREREQ,ADVANCE_ARCHITECTURE_MORDOR_STATISTICS,ADVANCE_ARCHITECTURE_MORDOR_STATISTICS,lotr
36,Astronomy Isengard,lotr:ADVANCE_ASTRONOMY_ISENGARD,lotr:ADVANCE_ASTRONOMY,lotr:ADVANCE_ISENGARD,0,0,ICON_ADVANCE_ASTRONOMY_ISENGARD,ADVANCE_ASTRONOMY_ISENGARD_GAMEPLAY,ADVANCE_ASTRONOMY_ISENGARD_HISTORICAL,ADVANCE_ASTRONOMY_ISENGARD_PREREQ,ADVANCE_ASTRONOMY_ISENGARD_STATISTICS,ADVANCE_ASTRONOMY_ISENGARD_STATISTICS,lotr
40,Barracks Angmar,lotr:ADVANCE_BARRACKS_ANGMAR,lotr:ADVANCE_BARRACKS,lotr:ADVANCE_ANGMAR,1,0,ICON_ADVANCE_BARRACKS_ANGMAR,ADVANCE_BARRACKS_ANGMAR_GAMEPLAY,ADVANCE_BARRACKS_ANGMAR_HISTORICAL,ADVANCE_BARRACKS_ANGMAR_PREREQ,ADVANCE_BARRACKS_ANGMAR_STATISTICS,ADVANCE_BARRACKS_ANGMAR_STATISTICS,lotr
41,Barracks Orcs,lotr:ADVANCE_BARRACKS_ORCS,lotr:ADVANCE_BARRACKS,lotr:ADVANCE_ORCS,1,0,ICON_ADVANCE_BARRACKS_ORCS,ADVANCE_BARRACKS_ORCS_GAMEPLAY,ADVANCE_BARRACKS_ORCS_HISTORICAL,ADVANCE_BARRACKS_ORCS_PREREQ,ADVANCE_BARRACKS_ORCS_STATISTICS,ADVANCE_BARRACKS_ORCS_STATISTICS,lotr
44,Bronze Working Angmar,lotr:ADVANCE_BRONZE_WORKING_ANGMAR,lotr:ADVANCE_BRONZE_WORKING,lotr:ADVANCE_ANGMAR,1,0,ICON_ADVANCE_BRONZE_WORKING_ANGMAR,ADVANCE_BRONZE_WORKING_ANGMAR_GAMEPLAY,ADVANCE_BRONZE_WORKING_ANGMAR_HISTORICAL,ADVANCE_BRONZE_WORKING_ANGMAR_PREREQ,ADVANCE_BRONZE_WORKING_ANGMAR_STATISTICS,ADVANCE_BRONZE_WORKING_ANGMAR_STATISTICS,lotr
45,Bronze Working Arnor,lotr:ADVANCE_BRONZE_WORKING_ARNOR,lotr:ADVANCE_BRONZE_WORKING,lotr:ADVANCE_ARNOR,1,0,ICON_ADVANCE_BRONZE_WORKING_ARNOR,ADVANCE_BRONZE_WORKING_ARNOR_GAMEPLAY,ADVANCE_BRONZE_WORKING_ARNOR_HISTORICAL,ADVANCE_BRONZE_WORKING_ARNOR_PREREQ,ADVANCE_BRONZE_WORKING_ARNOR_STATISTICS,ADVANCE_BRONZE_WORKING_ARNOR_STATISTICS,lotr
46,Bronze Working Dwarves,lotr:ADVANCE_BRONZE_WORKING_DWARVES,lotr:ADVANCE_BRONZE_WORKING,lotr:ADVANCE_DWARVES,1,0,ICON_ADVANCE_BRONZE_WORKING_DWARVES,ADVANCE_BRONZE_WORKING_DWARVES_GAMEPLAY,ADVANCE_BRONZE_WORKING_DWARVES_HISTORICAL,ADVANCE_BRONZE_WORKING_DWARVES_PREREQ,ADVANCE_BRONZE_WORKING_DWARVES_STATISTICS,ADVANCE_BRONZE_WORKING_DWARVES_STATISTICS,lotr
47,Bronze Working Easterling,lotr:ADVANCE_BRONZE_WORKING_EASTERLING,lotr:ADVANCE_BRONZE_WORKING,lotr:ADVANCE_EASTERLING,1,0,ICON_ADVANCE_BRONZE_WORKING_EASTERLING,ADVANCE_BRONZE_WORKING_EASTERLING_GAMEPLAY,ADVANCE_BRONZE_WORKING_EASTERLING_HISTORICAL,ADVANCE_BRONZE_WORKING_EASTERLING_PREREQ,ADVANCE_BRONZE_WORKING_EASTERLING_STATISTICS,ADVANCE_BRONZE_WORKING_EASTERLING_STATISTICS,lotr
48,Bronze Working Haradrim,lotr:ADVANCE_BRONZE_WORKING_HARADRIM,lotr:ADVANCE_BRONZE_WORKING,lotr:ADVANCE_HARADRIM,1,0,ICON_ADVANCE_BRONZE_WORKING_HARADRIM,ADVANCE_BRONZE_WORKING_HARADRIM_GAMEPLAY,ADVANCE_BRONZE_WORKING_HARADRIM_HISTORICAL,ADVANCE_BRONZE_WORKING_HARADRIM_PREREQ,ADVANCE_BRONZE_WORKING_HARADRIM_STATISTICS,ADVANCE_BRONZE_WORKING_HARADRIM_STATISTICS,lotr
49,Bronze Working Orcs,lotr:ADVANCE_BRONZE_WORKING_ORCS,lotr:ADVANCE_BRONZE_WORKING,lotr:ADVANCE_ORCS,1,0,ICON_ADVANCE_BRONZE_WORKING_ORCS,ADVANCE_BRONZE_WORKING_ORCS_GAMEPLAY,ADVANCE_BRONZE_WORKING_ORCS_HISTORICAL,ADVANCE_BRONZE_WORKING_ORCS_PREREQ,ADVANCE_BRONZE_WORKING_ORCS_STATISTICS,ADVANCE_BRONZE_WORKING_ORCS_STATISTICS,lotr
51,Bureaucracy Easterling,lotr:ADVANCE_BUREAUCRACY_EASTERLING,lotr:ADVANCE_BUREAUCRACY,lotr:ADVANCE_EASTERLING,1,0,ICON_ADVANCE_BUREAUCRACY_EASTERLING,ADVANCE_BUREAUCRACY_EASTERLING_GAMEPLAY,ADVANCE_BUREAUCRACY_EASTERLING_HISTORICAL,ADVANCE_BUREAUCRACY_EASTERLING_PREREQ,ADVANCE_BUREAUCRACY_EASTERLING_STATISTICS,ADVANCE_BUREAUCRACY_EASTERLING_STATISTICS,lotr
52,Bureaucracy Men,lotr:ADVANCE_BUREAUCRACY_MEN,lotr:ADVANCE_BUREAUCRACY,lotr:ADVANCE_MEN,1,0,ICON_ADVANCE_BUREAUCRACY_MEN,ADVANCE_BUREAUCRACY_MEN_GAMEPLAY,ADVANCE_BUREAUCRACY_MEN_HISTORICAL,ADVANCE_BUREAUCRACY_MEN_PREREQ,ADVANCE_BUREAUCRACY_MEN_STATISTICS,ADVANCE_BUREAUCRACY_MEN_STATISTICS,lotr
55,Chariots Easterling,lotr:ADVANCE_CHARIOTS_EASTERLING,lotr:ADVANCE_CHARIOTS,lotr:ADVANCE_EASTERLING,0,0,ICON_ADVANCE_CHARIOTS_EASTERLING,ADVANCE_CHARIOTS_EASTERLING_GAMEPLAY,ADVANCE_CHARIOTS_EASTERLING_HISTORICAL,ADVANCE_CHARIOTS_EASTERLING_PREREQ,ADVANCE_CHARIOTS_EASTERLING_STATISTICS,ADVANCE_CHARIOTS_EASTERLING_STATISTICS,lotr
56,Chariots Haradrim,lotr:ADVANCE_CHARIOTS_HARADRIM,lotr:ADVANCE_CHARIOTS,lotr:ADVANCE_HARADRIM,0,0,ICON_ADVANCE_CHARIOTS_HARADRIM,ADVANCE_CHARIOTS_HARADRIM_GAMEPLAY,ADVANCE_CHARIOTS_HARADRIM_HISTORICAL,ADVANCE_CHARIOTS_HARADRIM_PREREQ,ADVANCE_CHARIOTS_HARADRIM_STATISTICS,ADVANCE_CHARIOTS_HARADRIM_STATISTICS,lotr
57,Chariots Rohan,lotr:ADVANCE_CHARIOTS_ROHAN,lotr:ADVANCE_CHARIOTS,lotr:ADVANCE_ROHAN,0,0,ICON_ADVANCE_CHARIOTS_ROHAN,ADVANCE_CHARIOTS_ROHAN_GAMEPLAY,ADVANCE_CHARIOTS_ROHAN_HISTORICAL,ADVANCE_CHARIOTS_ROHAN_PREREQ,ADVANCE_CHARIOTS_ROHAN_STATISTICS,ADVANCE_CHARIOTS_ROHAN_STATISTICS,lotr
59,City State Arnor,lotr:ADVANCE_CITY_STATE_ARNOR,lotr:ADVANCE_CITY_STATE,lotr:ADVANCE_ARNOR,0,0,ICON_ADVANCE_CITY_STATE_ARNOR,ADVANCE_CITY_STATE_ARNOR_GAMEPLAY,ADVANCE_CITY_STATE_ARNOR_HISTORICAL,ADVANCE_CITY_STATE_ARNOR_PREREQ,ADVANCE_CITY_STATE_ARNOR_STATISTICS,ADVANCE_CITY_STATE_ARNOR_STATISTICS,lotr
60,City State Dwarves,lotr:ADVANCE_CITY_STATE_DWARVES,lotr:ADVANCE_CITY_STATE,lotr:ADVANCE_DWARVES,0,0,ICON_ADVANCE_CITY_STATE_DWARVES,ADVANCE_CITY_STATE_DWARVES_GAMEPLAY,ADVANCE_CITY_STATE_DWARVES_HISTORICAL,ADVANCE_CITY_STATE_DWARVES_PREREQ,ADVANCE_CITY_STATE_DWARVES_STATISTICS,ADVANCE_CITY_STATE_DWARVES_STATISTICS,lotr
61,City State Easterling,lotr:ADVANCE_CITY_STATE_EASTERLING,lotr:ADVANCE_CITY_STATE,lotr:ADVANCE_EASTERLING,0,0,ICON_ADVANCE_CITY_STATE_EASTERLING,ADVANCE_CITY_STATE_EASTERLING_GAMEPLAY,ADVANCE_CITY_STATE_EASTERLING_HISTORICAL,ADVANCE_CITY_STATE_EASTERLING_PREREQ,ADVANCE_CITY_STATE_EASTERLING_STATISTICS,ADVANCE_CITY_STATE_EASTERLING_STATISTICS,lotr
62,City State Gondor,lotr:ADVANCE_CITY_STATE_GONDOR,lotr:ADVANCE_CITY_STATE,lotr:ADVANCE_GONDOR,0,0,ICON_ADVANCE_CITY_STATE_GONDOR,ADVANCE_CITY_STATE_GONDOR_GAMEPLAY,ADVANCE_CITY_STATE_GONDOR_HISTORICAL,ADVANCE_CITY_STATE_GONDOR_PREREQ,ADVANCE_CITY_STATE_GONDOR_STATISTICS,ADVANCE_CITY_STATE_GONDOR_STATISTICS,lotr
63,City State Haradrim,lotr:ADVANCE_CITY_STATE_HARADRIM,lotr:ADVANCE_CITY_STATE,lotr:ADVANCE_HARADRIM,0,0,ICON_ADVANCE_CITY_STATE_HARADRIM,ADVANCE_CITY_STATE_HARADRIM_GAMEPLAY,ADVANCE_CITY_STATE_HARADRIM_HISTORICAL,ADVANCE_CITY_STATE_HARADRIM_PREREQ,ADVANCE_CITY_STATE_HARADRIM_STATISTICS,ADVANCE_CITY_STATE_HARADRIM_STATISTICS,lotr
64,City State Isengard,lotr:ADVANCE_CITY_STATE_ISENGARD,lotr:ADVANCE_CITY_STATE,lotr:ADVANCE_ISENGARD,0,0,ICON_ADVANCE_CITY_STATE_ISENGARD,ADVANCE_CITY_STATE_ISENGARD_GAMEPLAY,ADVANCE_CITY_STATE_ISENGARD_HISTORICAL,ADVANCE_CITY_STATE_ISENGARD_PREREQ,ADVANCE_CITY_STATE_ISENGARD_STATISTICS,ADVANCE_CITY_STATE_ISENGARD_STATISTICS,lotr
66,Civic Engineering Hobbits,lotr:ADVANCE_CIVIC_ENGINEERING_HOBBITS,lotr:ADVANCE_CIVIC_ENGINEERING,lotr:ADVANCE_HOBBITS,1,0,ICON_ADVANCE_CIVIC_ENGINEERING_HOBBITS,ADVANCE_CIVIC_ENGINEERING_HOBBITS_GAMEPLAY,ADVANCE_CIVIC_ENGINEERING_HOBBITS_HISTORICAL,ADVANCE_CIVIC_ENGINEERING_HOBBITS_PREREQ,ADVANCE_CIVIC_ENGINEERING_HOBBITS_STATISTICS,ADVANCE_CIVIC_ENGINEERING_HOBBITS_STATISTICS,lotr
67,Civic Engineering Mordor,lotr:ADVANCE_CIVIC_ENGINEERING_MORDOR,lotr:ADVANCE_CIVIC_ENGINEERING,lotr:ADVANCE_MORDOR,1,0,ICON_ADVANCE_CIVIC_ENGINEERING_MORDOR,ADVANCE_CIVIC_ENGINEERING_MORDOR_GAMEPLAY,ADVANCE_CIVIC_ENGINEERING_MORDOR_HISTORICAL,ADVANCE_CIVIC_ENGINEERING_MORDOR_PREREQ,ADVANCE_CIVIC_ENGINEERING_MORDOR_STATISTICS,ADVANCE_CIVIC_ENGINEERING_MORDOR_STATISTICS,lotr
69,Composite Bow Elves,lotr:ADVANCE_COMPOSITE_BOW_ELVES,lotr:ADVANCE_COMPOSITE_BOW,lotr:ADVANCE_ELVES,1,0,ICON_ADVANCE_COMPOSITE_BOW_ELVES,ADVANCE_COMPOSITE_BOW_ELVES_GAMEPLAY,ADVANCE_COMPOSITE_BOW_ELVES_HISTORICAL,ADVANCE_COMPOSITE_BOW_ELVES_PREREQ,ADVANCE_COMPOSITE_BOW_ELVES_STATISTICS,ADVANCE_COMPOSITE_BOW_ELVES_STATISTICS,lotr
70,Composite Bow Orcs,lotr:ADVANCE_COMPOSITE_BOW_ORCS,lotr:ADVANCE_COMPOSITE_BOW,lotr:ADVANCE_ORCS,1,0,ICON_ADVANCE_COMPOSITE_BOW_ORCS,ADVANCE_COMPOSITE_BOW_ORCS_GAMEPLAY,ADVANCE_COMPOSITE_BOW_ORCS_HISTORICAL,ADVANCE_COMPOSITE_BOW_ORCS_PREREQ,ADVANCE_COMPOSITE_BOW_ORCS_STATISTICS,ADVANCE_COMPOSITE_BOW_ORCS_STATISTICS,lotr
72,Concrete Evil,lotr:ADVANCE_CONCRETE_EVIL,lotr:ADVANCE_CONCRETE,lotr:ADVANCE_EVIL,1,0,ICON_ADVANCE_CONCRETE_EVIL,ADVANCE_CONCRETE_EVIL_GAMEPLAY,ADVANCE_CONCRETE_EVIL_HISTORICAL,ADVANCE_CONCRETE_EVIL_PREREQ,ADVANCE_CONCRETE_EVIL_STATISTICS,ADVANCE_CONCRETE_EVIL_STATISTICS,lotr
73,Concrete Good,lotr:ADVANCE_CONCRETE_GOOD,lotr:ADVANCE_CONCRETE,lotr:ADVANCE_GOOD,1,0,ICON_ADVANCE_CONCRETE_GOOD,ADVANCE_CONCRETE_GOOD_GAMEPLAY,ADVANCE_CONCRETE_GOOD_HISTORICAL,ADVANCE_CONCRETE_GOOD_PREREQ,ADVANCE_CONCRETE_GOOD_STATISTICS,ADVANCE_CONCRETE_GOOD_STATISTICS,lotr
75,Copper Smelting Angmar,lotr:ADVANCE_COPPER_SMELTING_ANGMAR,lotr:ADVANCE_COPPER_SMELTING,lotr:ADVANCE_ANGMAR,0,0,ICON_ADVANCE_COPPER_SMELTING_ANGMAR,ADVANCE_COPPER_SMELTING_ANGMAR_GAMEPLAY,ADVANCE_COPPER_SMELTING_ANGMAR_HISTORICAL,ADVANCE_COPPER_SMELTING_ANGMAR_PREREQ,ADVANCE_COPPER_SMELTING_ANGMAR_STATISTICS,ADVANCE_COPPER_SMELTING_ANGMAR_STATISTICS,lotr
76,Copper Smelting Dwarves,lotr:ADVANCE_COPPER_SMELTING_DWARVES,lotr:ADVANCE_COPPER_SMELTING,lotr:ADVANCE_DWARVES,0,0,ICON_ADVANCE_COPPER_SMELTING_DWARVES,ADVANCE_COPPER_SMELTING_DWARVES_GAMEPLAY,ADVANCE_COPPER_SMELTING_DWARVES_HISTORICAL,ADVANCE_COPPER_SMELTING_DWARVES_PREREQ,ADVANCE_COPPER_SMELTING_DWARVES_STATISTICS,ADVANCE_COPPER_SMELTING_DWARVES_STATISTICS,lotr
77,Copper Smelting Easterling,lotr:ADVANCE_COPPER_SMELTING_EASTERLING,lotr:ADVANCE_COPPER_SMELTING,lotr:ADVANCE_EASTERLING,0,0,ICON_ADVANCE_COPPER_SMELTING_EASTERLING,ADVANCE_COPPER_SMELTING_EASTERLING_GAMEPLAY,ADVANCE_COPPER_SMELTING_EASTERLING_HISTORICAL,ADVANCE_COPPER_SMELTING_EASTERLING_PREREQ,ADVANCE_COPPER_SMELTING_EASTERLING_STATISTICS,ADVANCE_COPPER_SMELTING_EASTERLING_STATISTICS,lotr
78,Copper Smelting Evil,lotr:ADVANCE_COPPER_SMELTING_EVIL,lotr:ADVANCE_COPPER_SMELTING,lotr:ADVANCE_EVIL,0,0,ICON_ADVANCE_COPPER_SMELTING_EVIL,ADVANCE_COPPER_SMELTING_EVIL_GAMEPLAY,ADVANCE_COPPER_SMELTING_EVIL_HISTORICAL,ADVANCE_COPPER_SMELTING_EVIL_PREREQ,ADVANCE_COPPER_SMELTING_EVIL_STATISTICS,ADVANCE_COPPER_SMELTING_EVIL_STATISTICS,lotr
79,Copper Smelting Mordor,lotr:ADVANCE_COPPER_SMELTING_MORDOR,lotr:ADVANCE_COPPER_SMELTING,lotr:ADVANCE_MORDOR,0,0,ICON_ADVANCE_COPPER_SMELTING_MORDOR,ADVANCE_COPPER_SMELTING_MORDOR_GAMEPLAY,ADVANCE_COPPER_SMELTING_MORDOR_HISTORICAL,ADVANCE_COPPER_SMELTING_MORDOR_PREREQ,ADVANCE_COPPER_SMELTING_MORDOR_STATISTICS,ADVANCE_COPPER_SMELTING_MORDOR_STATISTICS,lotr
80,Copper Smelting Sindar,lotr:ADVANCE_COPPER_SMELTING_SINDAR,lotr:ADVANCE_COPPER_SMELTING,lotr:ADVANCE_SINDAR,0,0,ICON_ADVANCE_COPPER_SMELTING_SINDAR,ADVANCE_COPPER_SMELTING_SINDAR_GAMEPLAY,ADVANCE_COPPER_SMELTING_SINDAR_HISTORICAL,ADVANCE_COPPER_SMELTING_SINDAR_PREREQ,ADVANCE_COPPER_SMELTING_SINDAR_STATISTICS,ADVANCE_COPPER_SMELTING_SINDAR_STATISTICS,lotr
82,Cosmology Arnor,lotr:ADVANCE_COSMOLOGY_ARNOR,lotr:ADVANCE_COSMOLOGY,lotr:ADVANCE_ARNOR,1,0,ICON_ADVANCE_COSMOLOGY_ARNOR,ADVANCE_COSMOLOGY_ARNOR_GAMEPLAY,ADVANCE_COSMOLOGY_ARNOR_HISTORICAL,ADVANCE_COSMOLOGY_ARNOR_PREREQ,ADVANCE_COSMOLOGY_ARNOR_STATISTICS,ADVANCE_COSMOLOGY_ARNOR_STATISTICS,lotr
83,Cosmology Haradrim,lotr:ADVANCE_COSMOLOGY_HARADRIM,lotr:ADVANCE_COSMOLOGY,lotr:ADVANCE_HARADRIM,1,0,ICON_ADVANCE_COSMOLOGY_HARADRIM,ADVANCE_COSMOLOGY_HARADRIM_GAMEPLAY,ADVANCE_COSMOLOGY_HARADRIM_HISTORICAL,ADVANCE_COSMOLOGY_HARADRIM_PREREQ,ADVANCE_COSMOLOGY_HARADRIM_STATISTICS,ADVANCE_COSMOLOGY_HARADRIM_STATISTICS,lotr
84,Cosmology Sindar,lotr:ADVANCE_COSMOLOGY_SINDAR,lotr:ADVANCE_COSMOLOGY,lotr:ADVANCE_SINDAR,1,0,ICON_ADVANCE_COSMOLOGY_SINDAR,ADVANCE_COSMOLOGY_SINDAR_GAMEPLAY,ADVANCE_COSMOLOGY_SINDAR_HISTORICAL,ADVANCE_COSMOLOGY_SINDAR_PREREQ,ADVANCE_COSMOLOGY_SINDAR_STATISTICS,ADVANCE_COSMOLOGY_SINDAR_STATISTICS,lotr
85,Council I,lotr:ADVANCE_COUNCIL_I,lotr:ADVANCE_RELIGION,nil,0,0,ICON_ADVANCE_COUNCIL_I,ADVANCE_COUNCIL_I_GAMEPLAY,ADVANCE_COUNCIL_I_HISTORICAL,ADVANCE_COUNCIL_I_PREREQ,ADVANCE_COUNCIL_I_STATISTICS,ADVANCE_COUNCIL_I_STATISTICS,lotr
86,Council Ii,lotr:ADVANCE_COUNCIL_II,lotr:ADVANCE_MONOTHEISM,nil,0,0,ICON_ADVANCE_COUNCIL_II,ADVANCE_COUNCIL_II_GAMEPLAY,ADVANCE_COUNCIL_II_HISTORICAL,ADVANCE_COUNCIL_II_PREREQ,ADVANCE_COUNCIL_II_STATISTICS,ADVANCE_COUNCIL_II_STATISTICS,lotr
87,Council Iii,lotr:ADVANCE_COUNCIL_III,lotr:ADVANCE_PHILOSOPHY,nil,1,0,ICON_ADVANCE_COUNCIL_III,ADVANCE_COUNCIL_III_GAMEPLAY,ADVANCE_COUNCIL_III_HISTORICAL,ADVANCE_COUNCIL_III_PREREQ,ADVANCE_COUNCIL_III_STATISTICS,ADVANCE_COUNCIL_III_STATISTICS,lotr
88,Council Iv,lotr:ADVANCE_COUNCIL_IV,lotr:ADVANCE_ETHICS,nil,1,0,ICON_ADVANCE_COUNCIL_IV,ADVANCE_COUNCIL_IV_GAMEPLAY,ADVANCE_COUNCIL_IV_HISTORICAL,ADVANCE_COUNCIL_IV_PREREQ,ADVANCE_COUNCIL_IV_STATISTICS,ADVANCE_COUNCIL_IV_STATISTICS,lotr
89,Council V,lotr:ADVANCE_COUNCIL_V,lotr:ADVANCE_TRIBUNAL_EMPIRE,nil,1,0,ICON_ADVANCE_COUNCIL_V,ADVANCE_COUNCIL_V_GAMEPLAY,ADVANCE_COUNCIL_V_HISTORICAL,ADVANCE_COUNCIL_V_PREREQ,ADVANCE_COUNCIL_V_STATISTICS,ADVANCE_COUNCIL_V_STATISTICS,lotr
90,Council V Hobbits,lotr:ADVANCE_COUNCIL_V_HOBBITS,lotr:ADVANCE_COUNCIL_V,lotr:ADVANCE_HOBBITS,1,0,ICON_ADVANCE_COUNCIL_V_HOBBITS,ADVANCE_COUNCIL_V_HOBBITS_GAMEPLAY,ADVANCE_COUNCIL_V_HOBBITS_HISTORICAL,ADVANCE_COUNCIL_V_HOBBITS_PREREQ,ADVANCE_COUNCIL_V_HOBBITS_STATISTICS,ADVANCE_COUNCIL_V_HOBBITS_STATISTICS,lotr
91,Council V Sindar,lotr:ADVANCE_COUNCIL_V_SINDAR,lotr:ADVANCE_COUNCIL_V,lotr:ADVANCE_SINDAR,1,0,ICON_ADVANCE_COUNCIL_V_SINDAR,ADVANCE_COUNCIL_V_SINDAR_GAMEPLAY,ADVANCE_COUNCIL_V_SINDAR_HISTORICAL,ADVANCE_COUNCIL_V_SINDAR_PREREQ,ADVANCE_COUNCIL_V_SINDAR_STATISTICS,ADVANCE_COUNCIL_V_SINDAR_STATISTICS,lotr
93,Currency Angmar,lotr:ADVANCE_CURRENCY_ANGMAR,lotr:ADVANCE_CURRENCY_ANGMAR,lotr:ADVANCE_ANGMAR,0,0,ICON_ADVANCE_CURRENCY_ANGMAR,ADVANCE_CURRENCY_ANGMAR_GAMEPLAY,ADVANCE_CURRENCY_ANGMAR_HISTORICAL,ADVANCE_CURRENCY_ANGMAR_PREREQ,ADVANCE_CURRENCY_ANGMAR_STATISTICS,ADVANCE_CURRENCY_ANGMAR_STATISTICS,lotr
94,Currency Dwarves,lotr:ADVANCE_CURRENCY_DWARVES,lotr:ADVANCE_CURRENCY_DWARVES,lotr:ADVANCE_ANGMAR,0,0,ICON_ADVANCE_CURRENCY_DWARVES,ADVANCE_CURRENCY_DWARVES_GAMEPLAY,ADVANCE_CURRENCY_DWARVES_HISTORICAL,ADVANCE_CURRENCY_DWARVES_PREREQ,ADVANCE_CURRENCY_DWARVES_STATISTICS,ADVANCE_CURRENCY_DWARVES_STATISTICS,lotr
97,Dictatorship Arnor,lotr:ADVANCE_DICTATORSHIP_ARNOR,lotr:ADVANCE_DICTATORSHIP,lotr:ADVANCE_ARNOR,1,0,ICON_ADVANCE_DICTATORSHIP_ARNOR,ADVANCE_DICTATORSHIP_ARNOR_GAMEPLAY,ADVANCE_DICTATORSHIP_ARNOR_HISTORICAL,ADVANCE_DICTATORSHIP_ARNOR_PREREQ,ADVANCE_DICTATORSHIP_ARNOR_STATISTICS,ADVANCE_DICTATORSHIP_ARNOR_STATISTICS,lotr
98,Dictatorship Dwarves,lotr:ADVANCE_DICTATORSHIP_DWARVES,lotr:ADVANCE_DICTATORSHIP,lotr:ADVANCE_DWARVES,1,0,ICON_ADVANCE_DICTATORSHIP_DWARVES,ADVANCE_DICTATORSHIP_DWARVES_GAMEPLAY,ADVANCE_DICTATORSHIP_DWARVES_HISTORICAL,ADVANCE_DICTATORSHIP_DWARVES_PREREQ,ADVANCE_DICTATORSHIP_DWARVES_STATISTICS,ADVANCE_DICTATORSHIP_DWARVES_STATISTICS,lotr
99,Dictatorship Easterling,lotr:ADVANCE_DICTATORSHIP_EASTERLING,lotr:ADVANCE_DICTATORSHIP,lotr:ADVANCE_EASTERLING,1,0,ICON_ADVANCE_DICTATORSHIP_EASTERLING,ADVANCE_DICTATORSHIP_EASTERLING_GAMEPLAY,ADVANCE_DICTATORSHIP_EASTERLING_HISTORICAL,ADVANCE_DICTATORSHIP_EASTERLING_PREREQ,ADVANCE_DICTATORSHIP_EASTERLING_STATISTICS,ADVANCE_DICTATORSHIP_EASTERLING_STATISTICS,lotr
100,Dictatorship Gondor,lotr:ADVANCE_DICTATORSHIP_GONDOR,lotr:ADVANCE_DICTATORSHIP,lotr:ADVANCE_GONDOR,1,0,ICON_ADVANCE_DICTATORSHIP_GONDOR,ADVANCE_DICTATORSHIP_GONDOR_GAMEPLAY,ADVANCE_DICTATORSHIP_GONDOR_HISTORICAL,ADVANCE_DICTATORSHIP_GONDOR_PREREQ,ADVANCE_DICTATORSHIP_GONDOR_STATISTICS,ADVANCE_DICTATORSHIP_GONDOR_STATISTICS,lotr
101,Dictatorship Haradrim,lotr:ADVANCE_DICTATORSHIP_HARADRIM,lotr:ADVANCE_DICTATORSHIP,lotr:ADVANCE_HARADRIM,1,0,ICON_ADVANCE_DICTATORSHIP_HARADRIM,ADVANCE_DICTATORSHIP_HARADRIM_GAMEPLAY,ADVANCE_DICTATORSHIP_HARADRIM_HISTORICAL,ADVANCE_DICTATORSHIP_HARADRIM_PREREQ,ADVANCE_DICTATORSHIP_HARADRIM_STATISTICS,ADVANCE_DICTATORSHIP_HARADRIM_STATISTICS,lotr
102,Dictatorship Orcs,lotr:ADVANCE_DICTATORSHIP_ORCS,lotr:ADVANCE_DICTATORSHIP,lotr:ADVANCE_ORCS,1,0,ICON_ADVANCE_DICTATORSHIP_ORCS,ADVANCE_DICTATORSHIP_ORCS_GAMEPLAY,ADVANCE_DICTATORSHIP_ORCS_HISTORICAL,ADVANCE_DICTATORSHIP_ORCS_PREREQ,ADVANCE_DICTATORSHIP_ORCS_STATISTICS,ADVANCE_DICTATORSHIP_ORCS_STATISTICS,lotr
103,Dictatorship Rohan,lotr:ADVANCE_DICTATORSHIP_ROHAN,lotr:ADVANCE_DICTATORSHIP,lotr:ADVANCE_ROHAN,1,0,ICON_ADVANCE_DICTATORSHIP_ROHAN,ADVANCE_DICTATORSHIP_ROHAN_GAMEPLAY,ADVANCE_DICTATORSHIP_ROHAN_HISTORICAL,ADVANCE_DICTATORSHIP_ROHAN_PREREQ,ADVANCE_DICTATORSHIP_ROHAN_STATISTICS,ADVANCE_DICTATORSHIP_ROHAN_STATISTICS,lotr
105,Domestication Evil,lotr:ADVANCE_DOMESTICATION_EVIL,lotr:ADVANCE_DOMESTICATION,lotr:ADVANCE_EVIL,0,0,ICON_ADVANCE_DOMESTICATION_EVIL,ADVANCE_DOMESTICATION_EVIL_GAMEPLAY,ADVANCE_DOMESTICATION_EVIL_HISTORICAL,ADVANCE_DOMESTICATION_EVIL_PREREQ,ADVANCE_DOMESTICATION_EVIL_STATISTICS,ADVANCE_DOMESTICATION_EVIL_STATISTICS,lotr
107,Drama Men,lotr:ADVANCE_DRAMA_MEN,lotr:ADVANCE_DRAMA,lotr:ADVANCE_MEN,0,0,ICON_ADVANCE_DRAMA_MEN,ADVANCE_DRAMA_MEN_GAMEPLAY,ADVANCE_DRAMA_MEN_HISTORICAL,ADVANCE_DRAMA_MEN_PREREQ,ADVANCE_DRAMA_MEN_STATISTICS,ADVANCE_DRAMA_MEN_STATISTICS,lotr
108,Drama Mordor,lotr:ADVANCE_DRAMA_MORDOR,lotr:ADVANCE_DRAMA,lotr:ADVANCE_MORDOR,0,0,ICON_ADVANCE_DRAMA_MORDOR,ADVANCE_DRAMA_MORDOR_GAMEPLAY,ADVANCE_DRAMA_MORDOR_HISTORICAL,ADVANCE_DRAMA_MORDOR_PREREQ,ADVANCE_DRAMA_MORDOR_STATISTICS,ADVANCE_DRAMA_MORDOR_STATISTICS,lotr
109,Drama Sindar,lotr:ADVANCE_DRAMA_SINDAR,lotr:ADVANCE_DRAMA,lotr:ADVANCE_SINDAR,0,0,ICON_ADVANCE_DRAMA_SINDAR,ADVANCE_DRAMA_SINDAR_GAMEPLAY,ADVANCE_DRAMA_SINDAR_HISTORICAL,ADVANCE_DRAMA_SINDAR_PREREQ,ADVANCE_DRAMA_SINDAR_STATISTICS,ADVANCE_DRAMA_SINDAR_STATISTICS,lotr
111,Dynasty Arnor,lotr:ADVANCE_DYNASTY_ARNOR,lotr:ADVANCE_DYNASTY,lotr:ADVANCE_ARNOR,0,0,ICON_ADVANCE_DYNASTY_ARNOR,ADVANCE_DYNASTY_ARNOR_GAMEPLAY,ADVANCE_DYNASTY_ARNOR_HISTORICAL,ADVANCE_DYNASTY_ARNOR_PREREQ,ADVANCE_DYNASTY_ARNOR_STATISTICS,ADVANCE_DYNASTY_ARNOR_STATISTICS,lotr
112,Dynasty Gondor,lotr:ADVANCE_DYNASTY_GONDOR,lotr:ADVANCE_DYNASTY,lotr:ADVANCE_GONDOR,0,0,ICON_ADVANCE_DYNASTY_GONDOR,ADVANCE_DYNASTY_GONDOR_GAMEPLAY,ADVANCE_DYNASTY_GONDOR_HISTORICAL,ADVANCE_DYNASTY_GONDOR_PREREQ,ADVANCE_DYNASTY_GONDOR_STATISTICS,ADVANCE_DYNASTY_GONDOR_STATISTICS,lotr
113,Dynasty Orcs,lotr:ADVANCE_DYNASTY_ORCS,lotr:ADVANCE_DYNASTY,lotr:ADVANCE_ORCS,0,0,ICON_ADVANCE_DYNASTY_ORCS,ADVANCE_DYNASTY_ORCS_GAMEPLAY,ADVANCE_DYNASTY_ORCS_HISTORICAL,ADVANCE_DYNASTY_ORCS_PREREQ,ADVANCE_DYNASTY_ORCS_STATISTICS,ADVANCE_DYNASTY_ORCS_STATISTICS,lotr
115,Ethics Isengard,lotr:ADVANCE_ETHICS_ISENGARD,lotr:ADVANCE_ETHICS,lotr:ADVANCE_ISENGARD,1,0,ICON_ADVANCE_ETHICS_ISENGARD,ADVANCE_ETHICS_ISENGARD_GAMEPLAY,ADVANCE_ETHICS_ISENGARD_HISTORICAL,ADVANCE_ETHICS_ISENGARD_PREREQ,ADVANCE_ETHICS_ISENGARD_STATISTICS,ADVANCE_ETHICS_ISENGARD_STATISTICS,lotr
116,Ethics Good,lotr:ADVANCE_ETHICS_GOOD,lotr:ADVANCE_ETHICS,lotr:ADVANCE_GOOD,1,0,ICON_ADVANCE_ETHICS_GOOD,ADVANCE_ETHICS_GOOD_GAMEPLAY,ADVANCE_ETHICS_GOOD_HISTORICAL,ADVANCE_ETHICS_GOOD_PREREQ,ADVANCE_ETHICS_GOOD_STATISTICS,ADVANCE_ETHICS_GOOD_STATISTICS,lotr
119,Granaries Rohan,lotr:ADVANCE_GRANARIES_ROHAN,lotr:ADVANCE_GRANARIES,lotr:ADVANCE_ROHAN,0,0,ICON_ADVANCE_GRANARIES_ROHAN,ADVANCE_GRANARIES_ROHAN_GAMEPLAY,ADVANCE_GRANARIES_ROHAN_HISTORICAL,ADVANCE_GRANARIES_ROHAN_PREREQ,ADVANCE_GRANARIES_ROHAN_STATISTICS,ADVANCE_GRANARIES_ROHAN_STATISTICS,lotr
121,Herbalism Easterling,lotr:ADVANCE_HERBALISM_EASTERLING,lotr:ADVANCE_HERBALISM,lotr:ADVANCE_EASTERLING,0,0,ICON_ADVANCE_HERBALISM_EASTERLING,ADVANCE_HERBALISM_EASTERLING_GAMEPLAY,ADVANCE_HERBALISM_EASTERLING_HISTORICAL,ADVANCE_HERBALISM_EASTERLING_PREREQ,ADVANCE_HERBALISM_EASTERLING_STATISTICS,ADVANCE_HERBALISM_EASTERLING_STATISTICS,lotr
123,Hippocratic School Gondor,lotr:ADVANCE_HIPPOCRATIC_SCHOOL_GONDOR,lotr:ADVANCE_HIPPOCRATIC_SCHOOL,lotr:ADVANCE_GONDOR,1,0,ICON_ADVANCE_HIPPOCRATIC_SCHOOL_GONDOR,ADVANCE_HIPPOCRATIC_SCHOOL_GONDOR_GAMEPLAY,ADVANCE_HIPPOCRATIC_SCHOOL_GONDOR_HISTORICAL,ADVANCE_HIPPOCRATIC_SCHOOL_GONDOR_PREREQ,ADVANCE_HIPPOCRATIC_SCHOOL_GONDOR_STATISTICS,ADVANCE_HIPPOCRATIC_SCHOOL_GONDOR_STATISTICS,lotr
124,Hippocratic School Sindar,lotr:ADVANCE_HIPPOCRATIC_SCHOOL_SINDAR,lotr:ADVANCE_HIPPOCRATIC_SCHOOL,lotr:ADVANCE_SINDAR,1,0,ICON_ADVANCE_HIPPOCRATIC_SCHOOL_SINDAR,ADVANCE_HIPPOCRATIC_SCHOOL_SINDAR_GAMEPLAY,ADVANCE_HIPPOCRATIC_SCHOOL_SINDAR_HISTORICAL,ADVANCE_HIPPOCRATIC_SCHOOL_SINDAR_PREREQ,ADVANCE_HIPPOCRATIC_SCHOOL_SINDAR_STATISTICS,ADVANCE_HIPPOCRATIC_SCHOOL_SINDAR_STATISTICS,lotr
131,Horse Riding Orcs,lotr:ADVANCE_HORSE_RIDING_ORCS,lotr:ADVANCE_HORSE_RIDING,lotr:ADVANCE_ORCS,0,0,ICON_ADVANCE_HORSE_RIDING_ORCS,ADVANCE_HORSE_RIDING_ORCS_GAMEPLAY,ADVANCE_HORSE_RIDING_ORCS_HISTORICAL,ADVANCE_HORSE_RIDING_ORCS_PREREQ,ADVANCE_HORSE_RIDING_ORCS_STATISTICS,ADVANCE_HORSE_RIDING_ORCS_STATISTICS,lotr
132,Horse Riding Rohan,lotr:ADVANCE_HORSE_RIDING_ROHAN,lotr:ADVANCE_HORSE_RIDING,lotr:ADVANCE_ROHAN,0,0,ICON_ADVANCE_HORSE_RIDING_ROHAN,ADVANCE_HORSE_RIDING_ROHAN_GAMEPLAY,ADVANCE_HORSE_RIDING_ROHAN_HISTORICAL,ADVANCE_HORSE_RIDING_ROHAN_PREREQ,ADVANCE_HORSE_RIDING_ROHAN_STATISTICS,ADVANCE_HORSE_RIDING_ROHAN_STATISTICS,lotr
133,Hull Making,lotr:ADVANCE_HULL_MAKING,lotr:ADVANCE_MAP_MAKING,lotr:ADVANCE_GEOMETRY,1,0,ICON_ADVANCE_HULL_MAKING,ADVANCE_HULL_MAKING_GAMEPLAY,ADVANCE_HULL_MAKING_HISTORICAL,ADVANCE_HULL_MAKING_PREREQ,ADVANCE_HULL_MAKING_STATISTICS,ADVANCE_HULL_MAKING_STATISTICS,lotr
134,Hull Making Evil,lotr:ADVANCE_HULL_MAKING_EVIL,lotr:ADVANCE_HULL_MAKING,lotr:ADVANCE_EVIL,1,0,ICON_ADVANCE_HULL_MAKING_EVIL,ADVANCE_HULL_MAKING_EVIL_GAMEPLAY,ADVANCE_HULL_MAKING_EVIL_HISTORICAL,ADVANCE_HULL_MAKING_EVIL_PREREQ,ADVANCE_HULL_MAKING_EVIL_STATISTICS,ADVANCE_HULL_MAKING_EVIL_STATISTICS,lotr
136,Iron Working Dwarves,lotr:ADVANCE_IRON_WORKING_DWARVES,lotr:ADVANCE_IRON_WORKING,lotr:ADVANCE_DWARVES,1,0,ICON_ADVANCE_IRON_WORKING_DWARVES,ADVANCE_IRON_WORKING_DWARVES_GAMEPLAY,ADVANCE_IRON_WORKING_DWARVES_HISTORICAL,ADVANCE_IRON_WORKING_DWARVES_PREREQ,ADVANCE_IRON_WORKING_DWARVES_STATISTICS,ADVANCE_IRON_WORKING_DWARVES_STATISTICS,lotr
137,Iron Working Evil,lotr:ADVANCE_IRON_WORKING_EVIL,lotr:ADVANCE_IRON_WORKING,lotr:ADVANCE_EVIL,1,0,ICON_ADVANCE_IRON_WORKING_EVIL,ADVANCE_IRON_WORKING_EVIL_GAMEPLAY,ADVANCE_IRON_WORKING_EVIL_HISTORICAL,ADVANCE_IRON_WORKING_EVIL_PREREQ,ADVANCE_IRON_WORKING_EVIL_STATISTICS,ADVANCE_IRON_WORKING_EVIL_STATISTICS,lotr
138,Iron Working Isengard,lotr:ADVANCE_IRON_WORKING_ISENGARD,lotr:ADVANCE_IRON_WORKING,lotr:ADVANCE_ISENGARD,1,0,ICON_ADVANCE_IRON_WORKING_ISENGARD,ADVANCE_IRON_WORKING_ISENGARD_GAMEPLAY,ADVANCE_IRON_WORKING_ISENGARD_HISTORICAL,ADVANCE_IRON_WORKING_ISENGARD_PREREQ,ADVANCE_IRON_WORKING_ISENGARD_STATISTICS,ADVANCE_IRON_WORKING_ISENGARD_STATISTICS,lotr
139,Iron Working Orcs,lotr:ADVANCE_IRON_WORKING_ORCS,lotr:ADVANCE_IRON_WORKING,lotr:ADVANCE_ORCS,1,0,ICON_ADVANCE_IRON_WORKING_ORCS,ADVANCE_IRON_WORKING_ORCS_GAMEPLAY,ADVANCE_IRON_WORKING_ORCS_HISTORICAL,ADVANCE_IRON_WORKING_ORCS_PREREQ,ADVANCE_IRON_WORKING_ORCS_STATISTICS,ADVANCE_IRON_WORKING_ORCS_STATISTICS,lotr
141,Jurisprudence Mordor,lotr:ADVANCE_JURISPRUDENCE_MORDOR,lotr:ADVANCE_JURISPRUDENCE,lotr:ADVANCE_MORDOR,0,0,ICON_ADVANCE_JURISPRUDENCE_MORDOR,ADVANCE_JURISPRUDENCE_MORDOR_GAMEPLAY,ADVANCE_JURISPRUDENCE_MORDOR_HISTORICAL,ADVANCE_JURISPRUDENCE_MORDOR_PREREQ,ADVANCE_JURISPRUDENCE_MORDOR_STATISTICS,ADVANCE_JURISPRUDENCE_MORDOR_STATISTICS,lotr
142,Jurisprudence Northmen,lotr:ADVANCE_JURISPRUDENCE_NORTHMEN,lotr:ADVANCE_JURISPRUDENCE,lotr:ADVANCE_NORTHMEN,0,0,ICON_ADVANCE_JURISPRUDENCE_NORTHMEN,ADVANCE_JURISPRUDENCE_NORTHMEN_GAMEPLAY,ADVANCE_JURISPRUDENCE_NORTHMEN_HISTORICAL,ADVANCE_JURISPRUDENCE_NORTHMEN_PREREQ,ADVANCE_JURISPRUDENCE_NORTHMEN_STATISTICS,ADVANCE_JURISPRUDENCE_NORTHMEN_STATISTICS,lotr
143,Jurisprudence Rohan,lotr:ADVANCE_JURISPRUDENCE_ROHAN,lotr:ADVANCE_JURISPRUDENCE,lotr:ADVANCE_ROHAN,0,0,ICON_ADVANCE_JURISPRUDENCE_ROHAN,ADVANCE_JURISPRUDENCE_ROHAN_GAMEPLAY,ADVANCE_JURISPRUDENCE_ROHAN_HISTORICAL,ADVANCE_JURISPRUDENCE_ROHAN_PREREQ,ADVANCE_JURISPRUDENCE_ROHAN_STATISTICS,ADVANCE_JURISPRUDENCE_ROHAN_STATISTICS,lotr
145,Map Making Arnor,lotr:ADVANCE_MAP_MAKING_ARNOR,lotr:ADVANCE_MAP_MAKING,lotr:ADVANCE_ARNOR,0,0,ICON_ADVANCE_MAP_MAKING_ARNOR,ADVANCE_MAP_MAKING_ARNOR_GAMEPLAY,ADVANCE_MAP_MAKING_ARNOR_HISTORICAL,ADVANCE_MAP_MAKING_ARNOR_PREREQ,ADVANCE_MAP_MAKING_ARNOR_STATISTICS,ADVANCE_MAP_MAKING_ARNOR_STATISTICS,lotr
147,Masonry Dwarves,lotr:ADVANCE_MASONRY_DWARVES,lotr:ADVANCE_MASONRY,lotr:ADVANCE_DWARVES,1,0,ICON_ADVANCE_MASONRY_DWARVES,ADVANCE_MASONRY_DWARVES_GAMEPLAY,ADVANCE_MASONRY_DWARVES_HISTORICAL,ADVANCE_MASONRY_DWARVES_PREREQ,ADVANCE_MASONRY_DWARVES_STATISTICS,ADVANCE_MASONRY_DWARVES_STATISTICS,lotr
148,Masonry Rohan,lotr:ADVANCE_MASONRY_ROHAN,lotr:ADVANCE_MASONRY,lotr:ADVANCE_ROHAN,1,0,ICON_ADVANCE_MASONRY_ROHAN,ADVANCE_MASONRY_ROHAN_GAMEPLAY,ADVANCE_MASONRY_ROHAN_HISTORICAL,ADVANCE_MASONRY_ROHAN_PREREQ,ADVANCE_MASONRY_ROHAN_STATISTICS,ADVANCE_MASONRY_ROHAN_STATISTICS,lotr
150,Mining Easterling,lotr:ADVANCE_MINING_EASTERLING,lotr:ADVANCE_MINING,lotr:ADVANCE_EASTERLING,0,0,ICON_ADVANCE_MINING_EASTERLING,ADVANCE_MINING_EASTERLING_GAMEPLAY,ADVANCE_MINING_EASTERLING_HISTORICAL,ADVANCE_MINING_EASTERLING_PREREQ,ADVANCE_MINING_EASTERLING_STATISTICS,ADVANCE_MINING_EASTERLING_STATISTICS,lotr
152,Mobile Tactics Elves,lotr:ADVANCE_MOBILE_TACTICS_ELVES,lotr:ADVANCE_MOBILE_TACTICS,lotr:ADVANCE_ELVES,1,0,ICON_ADVANCE_MOBILE_TACTICS_ELVES,ADVANCE_MOBILE_TACTICS_ELVES_GAMEPLAY,ADVANCE_MOBILE_TACTICS_ELVES_HISTORICAL,ADVANCE_MOBILE_TACTICS_ELVES_PREREQ,ADVANCE_MOBILE_TACTICS_ELVES_STATISTICS,ADVANCE_MOBILE_TACTICS_ELVES_STATISTICS,lotr
153,Mobile Tactics Evil,lotr:ADVANCE_MOBILE_TACTICS_EVIL,lotr:ADVANCE_MOBILE_TACTICS,lotr:ADVANCE_EVIL,1,0,ICON_ADVANCE_MOBILE_TACTICS_EVIL,ADVANCE_MOBILE_TACTICS_EVIL_GAMEPLAY,ADVANCE_MOBILE_TACTICS_EVIL_HISTORICAL,ADVANCE_MOBILE_TACTICS_EVIL_PREREQ,ADVANCE_MOBILE_TACTICS_EVIL_STATISTICS,ADVANCE_MOBILE_TACTICS_EVIL_STATISTICS,lotr
154,Mobile Tactics Men,lotr:ADVANCE_MOBILE_TACTICS_MEN,lotr:ADVANCE_MOBILE_TACTICS,lotr:ADVANCE_MEN,1,0,ICON_ADVANCE_MOBILE_TACTICS_MEN,ADVANCE_MOBILE_TACTICS_MEN_GAMEPLAY,ADVANCE_MOBILE_TACTICS_MEN_HISTORICAL,ADVANCE_MOBILE_TACTICS_MEN_PREREQ,ADVANCE_MOBILE_TACTICS_MEN_STATISTICS,ADVANCE_MOBILE_TACTICS_MEN_STATISTICS,lotr
155,Mobile Tactics Rohan,lotr:ADVANCE_MOBILE_TACTICS_ROHAN,lotr:ADVANCE_MOBILE_TACTICS_MEN,lotr:ADVANCE_ROHAN,1,0,ICON_ADVANCE_MOBILE_TACTICS_ROHAN,ADVANCE_MOBILE_TACTICS_ROHAN_GAMEPLAY,ADVANCE_MOBILE_TACTICS_ROHAN_HISTORICAL,ADVANCE_MOBILE_TACTICS_ROHAN_PREREQ,ADVANCE_MOBILE_TACTICS_ROHAN_STATISTICS,ADVANCE_MOBILE_TACTICS_ROHAN_STATISTICS,lotr
157,Monotheism Gondor,lotr:ADVANCE_MONOTHEISM_GONDOR,lotr:ADVANCE_MONOTHEISM,lotr:ADVANCE_GONDOR,0,0,ICON_ADVANCE_MONOTHEISM_GONDOR,ADVANCE_MONOTHEISM_GONDOR_GAMEPLAY,ADVANCE_MONOTHEISM_GONDOR_HISTORICAL,ADVANCE_MONOTHEISM_GONDOR_PREREQ,ADVANCE_MONOTHEISM_GONDOR_STATISTICS,ADVANCE_MONOTHEISM_GONDOR_STATISTICS,lotr
159,Ocean Faring Haradrim,lotr:ADVANCE_OCEAN_FARING_HARADRIM,lotr:ADVANCE_OCEAN_FARING,lotr:ADVANCE_HARADRIM,1,0,ICON_ADVANCE_OCEAN_FARING_HARADRIM,ADVANCE_OCEAN_FARING_HARADRIM_GAMEPLAY,ADVANCE_OCEAN_FARING_HARADRIM_HISTORICAL,ADVANCE_OCEAN_FARING_HARADRIM_PREREQ,ADVANCE_OCEAN_FARING_HARADRIM_STATISTICS,ADVANCE_OCEAN_FARING_HARADRIM_STATISTICS,lotr
161,Oligarchy Angmar,lotr:ADVANCE_OLIGARCHY_ANGMAR,lotr:ADVANCE_OLIGARCHY,lotr:ADVANCE_ANGMAR,1,0,ICON_ADVANCE_OLIGARCHY_ANGMAR,ADVANCE_OLIGARCHY_ANGMAR_GAMEPLAY,ADVANCE_OLIGARCHY_ANGMAR_HISTORICAL,ADVANCE_OLIGARCHY_ANGMAR_PREREQ,ADVANCE_OLIGARCHY_ANGMAR_STATISTICS,ADVANCE_OLIGARCHY_ANGMAR_STATISTICS,lotr
162,Oligarchy Arnor,lotr:ADVANCE_OLIGARCHY_ARNOR,lotr:ADVANCE_OLIGARCHY,lotr:ADVANCE_ARNOR,1,0,ICON_ADVANCE_OLIGARCHY_ARNOR,ADVANCE_OLIGARCHY_ARNOR_GAMEPLAY,ADVANCE_OLIGARCHY_ARNOR_HISTORICAL,ADVANCE_OLIGARCHY_ARNOR_PREREQ,ADVANCE_OLIGARCHY_ARNOR_STATISTICS,ADVANCE_OLIGARCHY_ARNOR_STATISTICS,lotr
163,Oligarchy Dwarves,lotr:ADVANCE_OLIGARCHY_DWARVES,lotr:ADVANCE_OLIGARCHY,lotr:ADVANCE_DWARVES,1,0,ICON_ADVANCE_OLIGARCHY_DWARVES,ADVANCE_OLIGARCHY_DWARVES_GAMEPLAY,ADVANCE_OLIGARCHY_DWARVES_HISTORICAL,ADVANCE_OLIGARCHY_DWARVES_PREREQ,ADVANCE_OLIGARCHY_DWARVES_STATISTICS,ADVANCE_OLIGARCHY_DWARVES_STATISTICS,lotr
164,Oligarchy Easterling,lotr:ADVANCE_OLIGARCHY_EASTERLING,lotr:ADVANCE_OLIGARCHY,lotr:ADVANCE_EASTERLING,1,0,ICON_ADVANCE_OLIGARCHY_EASTERLING,ADVANCE_OLIGARCHY_EASTERLING_GAMEPLAY,ADVANCE_OLIGARCHY_EASTERLING_HISTORICAL,ADVANCE_OLIGARCHY_EASTERLING_PREREQ,ADVANCE_OLIGARCHY_EASTERLING_STATISTICS,ADVANCE_OLIGARCHY_EASTERLING_STATISTICS,lotr
165,Oligarchy Gondor,lotr:ADVANCE_OLIGARCHY_GONDOR,lotr:ADVANCE_OLIGARCHY,lotr:ADVANCE_GONDOR,1,0,ICON_ADVANCE_OLIGARCHY_GONDOR,ADVANCE_OLIGARCHY_GONDOR_GAMEPLAY,ADVANCE_OLIGARCHY_GONDOR_HISTORICAL,ADVANCE_OLIGARCHY_GONDOR_PREREQ,ADVANCE_OLIGARCHY_GONDOR_STATISTICS,ADVANCE_OLIGARCHY_GONDOR_STATISTICS,lotr
166,Oligarchy Haradrim,lotr:ADVANCE_OLIGARCHY_HARADRIM,lotr:ADVANCE_OLIGARCHY,lotr:ADVANCE_HARADRIM,1,0,ICON_ADVANCE_OLIGARCHY_HARADRIM,ADVANCE_OLIGARCHY_HARADRIM_GAMEPLAY,ADVANCE_OLIGARCHY_HARADRIM_HISTORICAL,ADVANCE_OLIGARCHY_HARADRIM_PREREQ,ADVANCE_OLIGARCHY_HARADRIM_STATISTICS,ADVANCE_OLIGARCHY_HARADRIM_STATISTICS,lotr
167,Oligarchy Hobbits,lotr:ADVANCE_OLIGARCHY_HOBBITS,lotr:ADVANCE_OLIGARCHY,lotr:ADVANCE_HOBBITS,1,0,ICON_ADVANCE_OLIGARCHY_HOBBITS,ADVANCE_OLIGARCHY_HOBBITS_GAMEPLAY,ADVANCE_OLIGARCHY_HOBBITS_HISTORICAL,ADVANCE_OLIGARCHY_HOBBITS_PREREQ,ADVANCE_OLIGARCHY_HOBBITS_STATISTICS,ADVANCE_OLIGARCHY_HOBBITS_STATISTICS,lotr
168,Oligarchy Rohan,lotr:ADVANCE_OLIGARCHY_ROHAN,lotr:ADVANCE_OLIGARCHY,lotr:ADVANCE_ROHAN,1,0,ICON_ADVANCE_OLIGARCHY_ROHAN,ADVANCE_OLIGARCHY_ROHAN_GAMEPLAY,ADVANCE_OLIGARCHY_ROHAN_HISTORICAL,ADVANCE_OLIGARCHY_ROHAN_PREREQ,ADVANCE_OLIGARCHY_ROHAN_STATISTICS,ADVANCE_OLIGARCHY_ROHAN_STATISTICS,lotr
169,One Ring,lotr:ADVANCE_ONE_RING,lotr:ADVANCE_COUNCIL_V,nil,1,0,ICON_ADVANCE_ONE_RING,ADVANCE_ONE_RING_GAMEPLAY,ADVANCE_ONE_RING_HISTORICAL,ADVANCE_ONE_RING_PREREQ,ADVANCE_ONE_RING_STATISTICS,ADVANCE_ONE_RING_STATISTICS,lotr
170,One Ring2,lotr:ADVANCE_ONE_RING2,lotr:ADVANCE_COUNCIL_V,nil,1,0,ICON_ADVANCE_ONE_RING2,ADVANCE_ONE_RING2_GAMEPLAY,ADVANCE_ONE_RING2_HISTORICAL,ADVANCE_ONE_RING2_PREREQ,ADVANCE_ONE_RING2_STATISTICS,ADVANCE_ONE_RING2_STATISTICS,lotr
172,Philosophy Angmar,lotr:ADVANCE_PHILOSOPHY_ANGMAR,lotr:ADVANCE_PHILOSOPHY,lotr:ADVANCE_ANGMAR,1,0,ICON_ADVANCE_PHILOSOPHY_ANGMAR,ADVANCE_PHILOSOPHY_ANGMAR_GAMEPLAY,ADVANCE_PHILOSOPHY_ANGMAR_HISTORICAL,ADVANCE_PHILOSOPHY_ANGMAR_PREREQ,ADVANCE_PHILOSOPHY_ANGMAR_STATISTICS,ADVANCE_PHILOSOPHY_ANGMAR_STATISTICS,lotr
173,Philosophy Arnor,lotr:ADVANCE_PHILOSOPHY_ARNOR,lotr:ADVANCE_PHILOSOPHY,lotr:ADVANCE_ARNOR,1,0,ICON_ADVANCE_PHILOSOPHY_ARNOR,ADVANCE_PHILOSOPHY_ARNOR_GAMEPLAY,ADVANCE_PHILOSOPHY_ARNOR_HISTORICAL,ADVANCE_PHILOSOPHY_ARNOR_PREREQ,ADVANCE_PHILOSOPHY_ARNOR_STATISTICS,ADVANCE_PHILOSOPHY_ARNOR_STATISTICS,lotr
174,Philosophy Good,lotr:ADVANCE_PHILOSOPHY_GOOD,lotr:ADVANCE_PHILOSOPHY,lotr:ADVANCE_GOOD,1,0,ICON_ADVANCE_PHILOSOPHY_GOOD,ADVANCE_PHILOSOPHY_GOOD_GAMEPLAY,ADVANCE_PHILOSOPHY_GOOD_HISTORICAL,ADVANCE_PHILOSOPHY_GOOD_PREREQ,ADVANCE_PHILOSOPHY_GOOD_STATISTICS,ADVANCE_PHILOSOPHY_GOOD_STATISTICS,lotr
176,Plumbing Good,lotr:ADVANCE_PLUMBING_GOOD,lotr:ADVANCE_PLUMBING,lotr:ADVANCE_GOOD,1,0,ICON_ADVANCE_PLUMBING_GOOD,ADVANCE_PLUMBING_GOOD_GAMEPLAY,ADVANCE_PLUMBING_GOOD_HISTORICAL,ADVANCE_PLUMBING_GOOD_PREREQ,ADVANCE_PLUMBING_GOOD_STATISTICS,ADVANCE_PLUMBING_GOOD_STATISTICS,lotr
177,Plumbing Evil,lotr:ADVANCE_PLUMBING_EVIL,lotr:ADVANCE_PLUMBING,lotr:ADVANCE_EVIL,1,0,ICON_ADVANCE_PLUMBING_EVIL,ADVANCE_PLUMBING_EVIL_GAMEPLAY,ADVANCE_PLUMBING_EVIL_HISTORICAL,ADVANCE_PLUMBING_EVIL_PREREQ,ADVANCE_PLUMBING_EVIL_STATISTICS,ADVANCE_PLUMBING_EVIL_STATISTICS,lotr
180,Projectile Weapons Elves,lotr:ADVANCE_PROJECTILE_WEAPONS_ELVES,lotr:ADVANCE_PROJECTILE_WEAPONS,lotr:ADVANCE_ELVES,0,0,ICON_ADVANCE_PROJECTILE_WEAPONS_ELVES,ADVANCE_PROJECTILE_WEAPONS_ELVES_GAMEPLAY,ADVANCE_PROJECTILE_WEAPONS_ELVES_HISTORICAL,ADVANCE_PROJECTILE_WEAPONS_ELVES_PREREQ,ADVANCE_PROJECTILE_WEAPONS_ELVES_STATISTICS,ADVANCE_PROJECTILE_WEAPONS_ELVES_STATISTICS,lotr
181,Projectile Weapons Orcs,lotr:ADVANCE_PROJECTILE_WEAPONS_ORCS,lotr:ADVANCE_PROJECTILE_WEAPONS,lotr:ADVANCE_ORCS,0,0,ICON_ADVANCE_PROJECTILE_WEAPONS_ORCS,ADVANCE_PROJECTILE_WEAPONS_ORCS_GAMEPLAY,ADVANCE_PROJECTILE_WEAPONS_ORCS_HISTORICAL,ADVANCE_PROJECTILE_WEAPONS_ORCS_PREREQ,ADVANCE_PROJECTILE_WEAPONS_ORCS_STATISTICS,ADVANCE_PROJECTILE_WEAPONS_ORCS_STATISTICS,lotr
182,Propulsion,lotr:ADVANCE_PROPULSION,lotr:ADVANCE_APPLIED_MATH,lotr:ADVANCE_COPPER_SMELTING,0,0,ICON_ADVANCE_PROPULSION,ADVANCE_PROPULSION_GAMEPLAY,ADVANCE_PROPULSION_HISTORICAL,ADVANCE_PROPULSION_PREREQ,ADVANCE_PROPULSION_STATISTICS,ADVANCE_PROPULSION_STATISTICS,lotr
184,Religion Mordor,lotr:ADVANCE_RELIGION_MORDOR,lotr:ADVANCE_RELIGION,lotr:ADVANCE_MORDOR,0,0,ICON_ADVANCE_RELIGION_MORDOR,ADVANCE_RELIGION_MORDOR_GAMEPLAY,ADVANCE_RELIGION_MORDOR_HISTORICAL,ADVANCE_RELIGION_MORDOR_PREREQ,ADVANCE_RELIGION_MORDOR_STATISTICS,ADVANCE_RELIGION_MORDOR_STATISTICS,lotr
185,Religion Sindar,lotr:ADVANCE_RELIGION_SINDAR,lotr:ADVANCE_RELIGION,lotr:ADVANCE_SINDAR,0,0,ICON_ADVANCE_RELIGION_SINDAR,ADVANCE_RELIGION_SINDAR_GAMEPLAY,ADVANCE_RELIGION_SINDAR_HISTORICAL,ADVANCE_RELIGION_SINDAR_PREREQ,ADVANCE_RELIGION_SINDAR_STATISTICS,ADVANCE_RELIGION_SINDAR_STATISTICS,lotr
187,Republic Dwarves,lotr:ADVANCE_REPUBLIC_DWARVES,lotr:ADVANCE_REPUBLIC,lotr:ADVANCE_DWARVES,1,0,ICON_ADVANCE_REPUBLIC_DWARVES,ADVANCE_REPUBLIC_DWARVES_GAMEPLAY,ADVANCE_REPUBLIC_DWARVES_HISTORICAL,ADVANCE_REPUBLIC_DWARVES_PREREQ,ADVANCE_REPUBLIC_DWARVES_STATISTICS,ADVANCE_REPUBLIC_DWARVES_STATISTICS,lotr
188,Republic Gondor,lotr:ADVANCE_REPUBLIC_GONDOR,lotr:ADVANCE_REPUBLIC,lotr:ADVANCE_GONDOR,1,0,ICON_ADVANCE_REPUBLIC_GONDOR,ADVANCE_REPUBLIC_GONDOR_GAMEPLAY,ADVANCE_REPUBLIC_GONDOR_HISTORICAL,ADVANCE_REPUBLIC_GONDOR_PREREQ,ADVANCE_REPUBLIC_GONDOR_STATISTICS,ADVANCE_REPUBLIC_GONDOR_STATISTICS,lotr
189,Republic Hobbits,lotr:ADVANCE_REPUBLIC_HOBBITS,lotr:ADVANCE_REPUBLIC,lotr:ADVANCE_HOBBITS,1,0,ICON_ADVANCE_REPUBLIC_HOBBITS,ADVANCE_REPUBLIC_HOBBITS_GAMEPLAY,ADVANCE_REPUBLIC_HOBBITS_HISTORICAL,ADVANCE_REPUBLIC_HOBBITS_PREREQ,ADVANCE_REPUBLIC_HOBBITS_STATISTICS,ADVANCE_REPUBLIC_HOBBITS_STATISTICS,lotr
190,Republic Mordor,lotr:ADVANCE_REPUBLIC_MORDOR,lotr:ADVANCE_REPUBLIC,lotr:ADVANCE_MORDOR,1,0,ICON_ADVANCE_REPUBLIC_MORDOR,ADVANCE_REPUBLIC_MORDOR_GAMEPLAY,ADVANCE_REPUBLIC_MORDOR_HISTORICAL,ADVANCE_REPUBLIC_MORDOR_PREREQ,ADVANCE_REPUBLIC_MORDOR_STATISTICS,ADVANCE_REPUBLIC_MORDOR_STATISTICS,lotr
191,Republic Rohan,lotr:ADVANCE_REPUBLIC_ROHAN,lotr:ADVANCE_REPUBLIC,lotr:ADVANCE_ROHAN,1,0,ICON_ADVANCE_REPUBLIC_ROHAN,ADVANCE_REPUBLIC_ROHAN_GAMEPLAY,ADVANCE_REPUBLIC_ROHAN_HISTORICAL,ADVANCE_REPUBLIC_ROHAN_PREREQ,ADVANCE_REPUBLIC_ROHAN_STATISTICS,ADVANCE_REPUBLIC_ROHAN_STATISTICS,lotr
193,Sails Haradrim,lotr:ADVANCE_SAILS_HARADRIM,lotr:ADVANCE_SAILS,lotr:ADVANCE_HARADRIM,0,0,ICON_ADVANCE_SAILS_HARADRIM,ADVANCE_SAILS_HARADRIM_GAMEPLAY,ADVANCE_SAILS_HARADRIM_HISTORICAL,ADVANCE_SAILS_HARADRIM_PREREQ,ADVANCE_SAILS_HARADRIM_STATISTICS,ADVANCE_SAILS_HARADRIM_STATISTICS,lotr
194,Ship Building,lotr:ADVANCE_SHIP_BUILDING,lotr:ADVANCE_TOOLMAKING,nil,0,0,ICON_ADVANCE_SHIP_BUILDING,ADVANCE_SHIP_BUILDING_GAMEPLAY,ADVANCE_SHIP_BUILDING_HISTORICAL,ADVANCE_SHIP_BUILDING_PREREQ,ADVANCE_SHIP_BUILDING_STATISTICS,ADVANCE_SHIP_BUILDING_STATISTICS,lotr
196,Siege Weapons Elves,lotr:ADVANCE_SIEGE_WEAPONS_ELVES,lotr:ADVANCE_SIEGE_WEAPONS,lotr:ADVANCE_ELVES,1,0,ICON_ADVANCE_SIEGE_WEAPONS_ELVES,ADVANCE_SIEGE_WEAPONS_ELVES_GAMEPLAY,ADVANCE_SIEGE_WEAPONS_ELVES_HISTORICAL,ADVANCE_SIEGE_WEAPONS_ELVES_PREREQ,ADVANCE_SIEGE_WEAPONS_ELVES_STATISTICS,ADVANCE_SIEGE_WEAPONS_ELVES_STATISTICS,lotr
197,Siege Weapons Mordor,lotr:ADVANCE_SIEGE_WEAPONS_MORDOR,lotr:ADVANCE_SIEGE_WEAPONS,lotr:ADVANCE_MORDOR,1,0,ICON_ADVANCE_SIEGE_WEAPONS_MORDOR,ADVANCE_SIEGE_WEAPONS_MORDOR_GAMEPLAY,ADVANCE_SIEGE_WEAPONS_MORDOR_HISTORICAL,ADVANCE_SIEGE_WEAPONS_MORDOR_PREREQ,ADVANCE_SIEGE_WEAPONS_MORDOR_STATISTICS,ADVANCE_SIEGE_WEAPONS_MORDOR_STATISTICS,lotr
199,Slave Labor Evil,lotr:ADVANCE_SLAVE_LABOR_EVIL,lotr:ADVANCE_SLAVE_LABOR,lotr:ADVANCE_EVIL,0,0,ICON_ADVANCE_SLAVE_LABOR_EVIL,ADVANCE_SLAVE_LABOR_EVIL_GAMEPLAY,ADVANCE_SLAVE_LABOR_EVIL_HISTORICAL,ADVANCE_SLAVE_LABOR_EVIL_PREREQ,ADVANCE_SLAVE_LABOR_EVIL_STATISTICS,ADVANCE_SLAVE_LABOR_EVIL_STATISTICS,lotr
200,Slave Labor Haradrim,lotr:ADVANCE_SLAVE_LABOR_HARADRIM,lotr:ADVANCE_SLAVE_LABOR,lotr:ADVANCE_HARADRIM,0,0,ICON_ADVANCE_SLAVE_LABOR_HARADRIM,ADVANCE_SLAVE_LABOR_HARADRIM_GAMEPLAY,ADVANCE_SLAVE_LABOR_HARADRIM_HISTORICAL,ADVANCE_SLAVE_LABOR_HARADRIM_PREREQ,ADVANCE_SLAVE_LABOR_HARADRIM_STATISTICS,ADVANCE_SLAVE_LABOR_HARADRIM_STATISTICS,lotr
202,Stirrup Gondor,lotr:ADVANCE_STIRRUP_GONDOR,lotr:ADVANCE_STIRRUP_MEN,lotr:ADVANCE_GONDOR,1,0,ICON_ADVANCE_STIRRUP_GONDOR,ADVANCE_STIRRUP_GONDOR_GAMEPLAY,ADVANCE_STIRRUP_GONDOR_HISTORICAL,ADVANCE_STIRRUP_GONDOR_PREREQ,ADVANCE_STIRRUP_GONDOR_STATISTICS,ADVANCE_STIRRUP_GONDOR_STATISTICS,lotr
203,Stirrup Haradrim,lotr:ADVANCE_STIRRUP_HARADRIM,lotr:ADVANCE_STIRRUP_MEN,lotr:ADVANCE_HARADRIM,1,0,ICON_ADVANCE_STIRRUP_HARADRIM,ADVANCE_STIRRUP_HARADRIM_GAMEPLAY,ADVANCE_STIRRUP_HARADRIM_HISTORICAL,ADVANCE_STIRRUP_HARADRIM_PREREQ,ADVANCE_STIRRUP_HARADRIM_STATISTICS,ADVANCE_STIRRUP_HARADRIM_STATISTICS,lotr
204,Stirrup Men,lotr:ADVANCE_STIRRUP_MEN,lotr:ADVANCE_STIRRUP,lotr:ADVANCE_MEN,1,0,ICON_ADVANCE_STIRRUP_MEN,ADVANCE_STIRRUP_MEN_GAMEPLAY,ADVANCE_STIRRUP_MEN_HISTORICAL,ADVANCE_STIRRUP_MEN_PREREQ,ADVANCE_STIRRUP_MEN_STATISTICS,ADVANCE_STIRRUP_MEN_STATISTICS,lotr
205,Stirrup Mordor,lotr:ADVANCE_STIRRUP_MORDOR,lotr:ADVANCE_STIRRUP_ORCS,lotr:ADVANCE_DICTATORSHIP,1,0,ICON_ADVANCE_STIRRUP_MORDOR,ADVANCE_STIRRUP_MORDOR_GAMEPLAY,ADVANCE_STIRRUP_MORDOR_HISTORICAL,ADVANCE_STIRRUP_MORDOR_PREREQ,ADVANCE_STIRRUP_MORDOR_STATISTICS,ADVANCE_STIRRUP_MORDOR_STATISTICS,lotr
206,Stirrup Orcs,lotr:ADVANCE_STIRRUP_ORCS,lotr:ADVANCE_STIRRUP,lotr:ADVANCE_MORDOR,1,0,ICON_ADVANCE_STIRRUP_ORCS,ADVANCE_STIRRUP_ORCS_GAMEPLAY,ADVANCE_STIRRUP_ORCS_HISTORICAL,ADVANCE_STIRRUP_ORCS_PREREQ,ADVANCE_STIRRUP_ORCS_STATISTICS,ADVANCE_STIRRUP_ORCS_STATISTICS,lotr
207,Stirrup Rohan,lotr:ADVANCE_STIRRUP_ROHAN,lotr:ADVANCE_STIRRUP_MEN,lotr:ADVANCE_ROHAN,1,0,ICON_ADVANCE_STIRRUP_ROHAN,ADVANCE_STIRRUP_ROHAN_GAMEPLAY,ADVANCE_STIRRUP_ROHAN_HISTORICAL,ADVANCE_STIRRUP_ROHAN_PREREQ,ADVANCE_STIRRUP_ROHAN_STATISTICS,ADVANCE_STIRRUP_ROHAN_STATISTICS,lotr
209,Stone Working Dwarves,lotr:ADVANCE_STONE_WORKING_DWARVES,lotr:ADVANCE_STONE_WORKING,lotr:ADVANCE_DWARVES,0,0,ICON_ADVANCE_STONE_WORKING_DWARVES,ADVANCE_STONE_WORKING_DWARVES_GAMEPLAY,ADVANCE_STONE_WORKING_DWARVES_HISTORICAL,ADVANCE_STONE_WORKING_DWARVES_PREREQ,ADVANCE_STONE_WORKING_DWARVES_STATISTICS,ADVANCE_STONE_WORKING_DWARVES_STATISTICS,lotr
211,Toolmaking Orcs,lotr:ADVANCE_TOOLMAKING_ORCS,lotr:ADVANCE_TOOLMAKING,lotr:ADVANCE_ORCS,0,0,ICON_ADVANCE_TOOLMAKING_ORCS,ADVANCE_TOOLMAKING_ORCS_GAMEPLAY,ADVANCE_TOOLMAKING_ORCS_HISTORICAL,ADVANCE_TOOLMAKING_ORCS_PREREQ,ADVANCE_TOOLMAKING_ORCS_STATISTICS,ADVANCE_TOOLMAKING_ORCS_STATISTICS,lotr
213,Trade Hobbits,lotr:ADVANCE_TRADE_HOBBITS,lotr:ADVANCE_TRADE,lotr:ADVANCE_HOBBITS,0,0,ICON_ADVANCE_TRADE_HOBBITS,ADVANCE_TRADE_HOBBITS_GAMEPLAY,ADVANCE_TRADE_HOBBITS_HISTORICAL,ADVANCE_TRADE_HOBBITS_PREREQ,ADVANCE_TRADE_HOBBITS_STATISTICS,ADVANCE_TRADE_HOBBITS_STATISTICS,lotr
215,Tribunal Empire Arnor,lotr:ADVANCE_TRIBUNAL_EMPIRE_ARNOR,lotr:ADVANCE_TRIBUNAL_EMPIRE,lotr:ADVANCE_ARNOR,1,0,ICON_ADVANCE_TRIBUNAL_EMPIRE_ARNOR,ADVANCE_TRIBUNAL_EMPIRE_ARNOR_GAMEPLAY,ADVANCE_TRIBUNAL_EMPIRE_ARNOR_HISTORICAL,ADVANCE_TRIBUNAL_EMPIRE_ARNOR_PREREQ,ADVANCE_TRIBUNAL_EMPIRE_ARNOR_STATISTICS,ADVANCE_TRIBUNAL_EMPIRE_ARNOR_STATISTICS,lotr
216,Tribunal Empire Easterling,lotr:ADVANCE_TRIBUNAL_EMPIRE_EASTERLING,lotr:ADVANCE_TRIBUNAL_EMPIRE,lotr:ADVANCE_EASTERLING,1,0,ICON_ADVANCE_TRIBUNAL_EMPIRE_EASTERLING,ADVANCE_TRIBUNAL_EMPIRE_EASTERLING_GAMEPLAY,ADVANCE_TRIBUNAL_EMPIRE_EASTERLING_HISTORICAL,ADVANCE_TRIBUNAL_EMPIRE_EASTERLING_PREREQ,ADVANCE_TRIBUNAL_EMPIRE_EASTERLING_STATISTICS,ADVANCE_TRIBUNAL_EMPIRE_EASTERLING_STATISTICS,lotr
217,Tribunal Empire Gondor,lotr:ADVANCE_TRIBUNAL_EMPIRE_GONDOR,lotr:ADVANCE_TRIBUNAL_EMPIRE,lotr:ADVANCE_GONDOR,1,0,ICON_ADVANCE_TRIBUNAL_EMPIRE_GONDOR,ADVANCE_TRIBUNAL_EMPIRE_GONDOR_GAMEPLAY,ADVANCE_TRIBUNAL_EMPIRE_GONDOR_HISTORICAL,ADVANCE_TRIBUNAL_EMPIRE_GONDOR_PREREQ,ADVANCE_TRIBUNAL_EMPIRE_GONDOR_STATISTICS,ADVANCE_TRIBUNAL_EMPIRE_GONDOR_STATISTICS,lotr
218,Tribunal Empire Hobbits,lotr:ADVANCE_TRIBUNAL_EMPIRE_HOBBITS,lotr:ADVANCE_TRIBUNAL_EMPIRE,lotr:ADVANCE_HOBBITS,1,0,ICON_ADVANCE_TRIBUNAL_EMPIRE_HOBBITS,ADVANCE_TRIBUNAL_EMPIRE_HOBBITS_GAMEPLAY,ADVANCE_TRIBUNAL_EMPIRE_HOBBITS_HISTORICAL,ADVANCE_TRIBUNAL_EMPIRE_HOBBITS_PREREQ,ADVANCE_TRIBUNAL_EMPIRE_HOBBITS_STATISTICS,ADVANCE_TRIBUNAL_EMPIRE_HOBBITS_STATISTICS,lotr
219,Tribunal Empire Isengard,lotr:ADVANCE_TRIBUNAL_EMPIRE_ISENGARD,lotr:ADVANCE_TRIBUNAL_EMPIRE,lotr:ADVANCE_ISENGARD,1,0,ICON_ADVANCE_TRIBUNAL_EMPIRE_ISENGARD,ADVANCE_TRIBUNAL_EMPIRE_ISENGARD_GAMEPLAY,ADVANCE_TRIBUNAL_EMPIRE_ISENGARD_HISTORICAL,ADVANCE_TRIBUNAL_EMPIRE_ISENGARD_PREREQ,ADVANCE_TRIBUNAL_EMPIRE_ISENGARD_STATISTICS,ADVANCE_TRIBUNAL_EMPIRE_ISENGARD_STATISTICS,lotr
220,Tribunal Empire Orcs,lotr:ADVANCE_TRIBUNAL_EMPIRE_ORCS,lotr:ADVANCE_TRIBUNAL_EMPIRE,lotr:ADVANCE_ORCS,1,0,ICON_ADVANCE_TRIBUNAL_EMPIRE_ORCS,ADVANCE_TRIBUNAL_EMPIRE_ORCS_GAMEPLAY,ADVANCE_TRIBUNAL_EMPIRE_ORCS_HISTORICAL,ADVANCE_TRIBUNAL_EMPIRE_ORCS_PREREQ,ADVANCE_TRIBUNAL_EMPIRE_ORCS_STATISTICS,ADVANCE_TRIBUNAL_EMPIRE_ORCS_STATISTICS,lotr
221,Tribunal Empire Rohan,lotr:ADVANCE_TRIBUNAL_EMPIRE_ROHAN,lotr:ADVANCE_TRIBUNAL_EMPIRE,lotr:ADVANCE_ROHAN,1,0,ICON_ADVANCE_TRIBUNAL_EMPIRE_ROHAN,ADVANCE_TRIBUNAL_EMPIRE_ROHAN_GAMEPLAY,ADVANCE_TRIBUNAL_EMPIRE_ROHAN_HISTORICAL,ADVANCE_TRIBUNAL_EMPIRE_ROHAN_PREREQ,ADVANCE_TRIBUNAL_EMPIRE_ROHAN_STATISTICS,ADVANCE_TRIBUNAL_EMPIRE_ROHAN_STATISTICS,lotr
222,Tribunal Empire Sindar,lotr:ADVANCE_TRIBUNAL_EMPIRE_SINDAR,lotr:ADVANCE_TRIBUNAL_EMPIRE,lotr:ADVANCE_SINDAR,1,0,ICON_ADVANCE_TRIBUNAL_EMPIRE_SINDAR,ADVANCE_TRIBUNAL_EMPIRE_SINDAR_GAMEPLAY,ADVANCE_TRIBUNAL_EMPIRE_SINDAR_HISTORICAL,ADVANCE_TRIBUNAL_EMPIRE_SINDAR_PREREQ,ADVANCE_TRIBUNAL_EMPIRE_SINDAR_STATISTICS,ADVANCE_TRIBUNAL_EMPIRE_SINDAR_STATISTICS,lotr
224,Water Lifts Easterling,lotr:ADVANCE_WATER_LIFTS_EASTERLING,lotr:ADVANCE_WATER_LIFTS,lotr:ADVANCE_EASTERLING,0,0,ICON_ADVANCE_WATER_LIFTS_EASTERLING,ADVANCE_WATER_LIFTS_EASTERLING_GAMEPLAY,ADVANCE_WATER_LIFTS_EASTERLING_HISTORICAL,ADVANCE_WATER_LIFTS_EASTERLING_PREREQ,ADVANCE_WATER_LIFTS_EASTERLING_STATISTICS,ADVANCE_WATER_LIFTS_EASTERLING_STATISTICS,lotr
225,Water Lifts Gondor,lotr:ADVANCE_WATER_LIFTS_GONDOR,lotr:ADVANCE_WATER_LIFTS,lotr:ADVANCE_GONDOR,0,0,ICON_ADVANCE_WATER_LIFTS_GONDOR,ADVANCE_WATER_LIFTS_GONDOR_GAMEPLAY,ADVANCE_WATER_LIFTS_GONDOR_HISTORICAL,ADVANCE_WATER_LIFTS_GONDOR_PREREQ,ADVANCE_WATER_LIFTS_GONDOR_STATISTICS,ADVANCE_WATER_LIFTS_GONDOR_STATISTICS,lotr
226,Water Lifts Good,lotr:ADVANCE_WATER_LIFTS_GOOD,lotr:ADVANCE_WATER_LIFTS,lotr:ADVANCE_GOOD,0,0,ICON_ADVANCE_WATER_LIFTS_GOOD,ADVANCE_WATER_LIFTS_GOOD_GAMEPLAY,ADVANCE_WATER_LIFTS_GOOD_HISTORICAL,ADVANCE_WATER_LIFTS_GOOD_PREREQ,ADVANCE_WATER_LIFTS_GOOD_STATISTICS,ADVANCE_WATER_LIFTS_GOOD_STATISTICS,lotr
227,Water Lifts Hobbits,lotr:ADVANCE_WATER_LIFTS_HOBBITS,lotr:ADVANCE_WATER_LIFTS,lotr:ADVANCE_HOBBITS,0,0,ICON_ADVANCE_WATER_LIFTS_HOBBITS,ADVANCE_WATER_LIFTS_HOBBITS_GAMEPLAY,ADVANCE_WATER_LIFTS_HOBBITS_HISTORICAL,ADVANCE_WATER_LIFTS_HOBBITS_PREREQ,ADVANCE_WATER_LIFTS_HOBBITS_STATISTICS,ADVANCE_WATER_LIFTS_HOBBITS_STATISTICS,lotr
230,Writing Arnor,lotr:ADVANCE_WRITING_ARNOR,lotr:ADVANCE_WRITING,lotr:ADVANCE_ARNOR,0,0,ICON_ADVANCE_WRITING_ARNOR,ADVANCE_WRITING_ARNOR_GAMEPLAY,ADVANCE_WRITING_ARNOR_HISTORICAL,ADVANCE_WRITING_ARNOR_PREREQ,ADVANCE_WRITING_ARNOR_STATISTICS,ADVANCE_WRITING_ARNOR_STATISTICS,lotr
231,Writing Gondor,lotr:ADVANCE_WRITING_GONDOR,lotr:ADVANCE_WRITING,lotr:ADVANCE_GONDOR,0,0,ICON_ADVANCE_WRITING_GONDOR,ADVANCE_WRITING_GONDOR_GAMEPLAY,ADVANCE_WRITING_GONDOR_HISTORICAL,ADVANCE_WRITING_GONDOR_PREREQ,ADVANCE_WRITING_GONDOR_STATISTICS,ADVANCE_WRITING_GONDOR_STATISTICS,lotr
